{"type": "FeatureCollection", "features": [{"type": "Feature", "geometry": {"type": "LineString", "coordinates": [[-74.02735300270145, 40.613271369997705], [-74.02688836446798, 40.613111430728964], [-74.02665477689341, 40.61303102328134], [-74.02639562685751, 40.61294355862718]]}, "properties": {"street": "FORT HILL PLACE", "from": "BATTERY AVENUE", "to": "DAHLGREEN PLACE", "side": "N", "zone": "OTHER", "zone_label": "Other", "schedules": ["MON 11:30AM-1PM"], "all_days": ["MON"], "color": "#898781"}}, {"type": "Feature", "geometry": {"type": "LineString", "coordinates": [[-74.01406727782047, 40.62432167473905], [-74.01469509926147, 40.623719544564054]]}, "properties": {"street": "10 AVENUE", "from": "BAY RIDGE PARKWAY", "to": "76 STREET", "side": "W", "zone": "WED_FRI", "zone_label": "Wed/Fri", "schedules": ["WED 11:30AM-1PM"], "all_days": ["WED"], "color": "#eb6834"}}, {"type": "Feature", "geometry": {"type": "LineString", "coordinates": [[-74.00872931886516, 40.6294040287259], [-74.00652978766716, 40.628072522933905]]}, "properties": {"street": "66 STREET", "from": "11 AVENUE", "to": "10 AVENUE", "side": "N", "zone": "WED_THU", "zone_label": "Wed/Thu", "schedules": ["WED 9:30AM-11AM"], "all_days": ["WED"], "color": "#e34948"}}, {"type": "Feature", "geometry": {"type": "LineString", "coordinates": [[-74.0034592301623, 40.609996755021214], [-74.00426117160931, 40.60922305386421]]}, "properties": {"street": "17 AVENUE", "from": "84 STREET", "to": "85 STREET", "side": "W", "zone": "MON_TUE", "zone_label": "Mon/Tue", "schedules": ["MON 11:30AM-1PM"], "all_days": ["MON"], "color": "#2a78d6"}}, {"type": "Feature", "geometry": {"type": "LineString", "coordinates": [[-74.03466484078986, 40.614652660748746], [-74.03491076100885, 40.61428258919374]]}, "properties": {"street": "3 AVENUE", "from": "100 STREET", "to": "99 STREET", "side": "E", "zone": "MON_TUE", "zone_label": "Mon/Tue", "schedules": ["TUE 9:30AM-11AM"], "all_days": ["TUE"], "color": "#2a78d6"}}, {"type": "Feature", "geometry": {"type": "LineString", "coordinates": [[-74.00270606291888, 40.638694617299954], [-74.00328665094388, 40.63813186821995]]}, "properties": {"street": "9 AVENUE", "from": "52 STREET", "to": "53 STREET", "side": "W", "zone": "MON_THU", "zone_label": "Mon/Thu", "schedules": ["MON 9:30AM-11AM"], "all_days": ["MON"], "color": "#eda100"}}, {"type": "Feature", "geometry": {"type": "LineString", "coordinates": [[-74.00808481072353, 40.6105516962388], [-74.00985619250554, 40.608854327586805]]}, "properties": {"street": "BAY   11 STREET", "from": "BENSON AVENUE", "to": "86 STREET", "side": "W", "zone": "MON_TUE", "zone_label": "Mon/Tue", "schedules": ["MON 11:30AM-1PM"], "all_days": ["MON"], "color": "#2a78d6"}}, {"type": "Feature", "geometry": {"type": "LineString", "coordinates": [[-74.00432774443469, 40.61290537667466], [-74.00463326869757, 40.6126113538297], [-74.00490998428938, 40.61234504908727]]}, "properties": {"street": "16 AVENUE", "from": "82 STREET", "to": "81 STREET", "side": "E", "zone": "MON_TUE", "zone_label": "Mon/Tue", "schedules": ["MON 11:30AM-1PM"], "all_days": ["MON"], "color": "#2a78d6"}}, {"type": "Feature", "geometry": {"type": "LineString", "coordinates": [[-74.00517421596832, 40.60145913249083], [-74.00667902831931, 40.60000517106983]]}, "properties": {"street": "19 AVENUE", "from": "CROPSEY AVENUE", "to": "SHORE PARKWAY", "side": "W", "zone": "OTHER", "zone_label": "Other", "schedules": ["MON 11:30AM-1PM"], "all_days": ["MON"], "color": "#898781"}}, {"type": "Feature", "geometry": {"type": "LineString", "coordinates": [[-74.00237428287558, 40.63206810256386], [-74.00016994388858, 40.63073997746086]]}, "properties": {"street": "59 STREET", "from": "12 AVENUE", "to": "11 AVENUE", "side": "S", "zone": "MON_THU", "zone_label": "Mon/Thu", "schedules": ["THU 8:30AM-10AM"], "all_days": ["THU"], "color": "#eda100"}}, {"type": "Feature", "geometry": {"type": "LineString", "coordinates": [[-74.00845583765712, 40.622823085939416], [-74.00903584905913, 40.622263224249416]]}, "properties": {"street": "12 AVENUE", "from": "73 STREET", "to": "74 STREET", "side": "W", "zone": "WED_THU", "zone_label": "Wed/Thu", "schedules": ["WED 8:30AM-10AM"], "all_days": ["WED"], "color": "#e34948"}}, {"type": "Feature", "geometry": {"type": "LineString", "coordinates": [[-74.01502943119192, 40.626800702316785], [-74.01573682818992, 40.62632684447479]]}, "properties": {"street": "FORT HAMILTON PARKWAY", "from": "74 STREET", "to": "73 STREET", "side": "E", "zone": "OTHER", "zone_label": "Other", "schedules": ["THU 11:30AM-1PM"], "all_days": ["THU"], "color": "#898781"}}, {"type": "Feature", "geometry": {"type": "LineString", "coordinates": [[-74.00442627570915, 40.5986798231763], [-74.0029698702722, 40.597817015698496], [-74.00234972600563, 40.59826218310829]]}, "properties": {"street": "20 LANE", "from": "21 DRIVE", "to": "20 AVENUE", "side": "N", "zone": "WED_FRI", "zone_label": "Wed/Fri", "schedules": ["WED 9:30AM-11AM"], "all_days": ["WED"], "color": "#eb6834"}}, {"type": "Feature", "geometry": {"type": "LineString", "coordinates": [[-74.02537544724895, 40.630087762933236], [-74.02528751928999, 40.63006721980228], [-74.02298655190644, 40.62868488564025]]}, "properties": {"street": "76 STREET", "from": "5 AVENUE", "to": "4 AVENUE", "side": "S", "zone": "THU_FRI", "zone_label": "Thu/Fri", "schedules": ["FRI 8:30AM-10AM"], "all_days": ["FRI"], "color": "#4a3aa7"}}, {"type": "Feature", "geometry": {"type": "LineString", "coordinates": [[-74.01897644908165, 40.640201874620466], [-74.01679549861166, 40.63888264732047]]}, "properties": {"street": "61 STREET", "from": "5 AVENUE", "to": "4 AVENUE", "side": "S", "zone": "WED_THU", "zone_label": "Wed/Thu", "schedules": ["WED 9:30AM-11AM"], "all_days": ["WED"], "color": "#e34948"}}, {"type": "Feature", "geometry": {"type": "LineString", "coordinates": [[-74.00069498977416, 40.59879656439907], [-74.00006832717216, 40.59836327115008]]}, "properties": {"street": "CROPSEY AVENUE", "from": "BAY   28 STREET", "to": "21 AVENUE", "side": "N", "zone": "OTHER", "zone_label": "Other", "schedules": ["WED 9:30AM-11AM"], "all_days": ["WED"], "color": "#898781"}}, {"type": "Feature", "geometry": {"type": "LineString", "coordinates": [[-74.00922605920134, 40.60574218106997], [-74.01068021230734, 40.60433978059597]]}, "properties": {"street": "BAY   14 STREET", "from": "CROPSEY AVENUE", "to": "BATH AVENUE", "side": "W", "zone": "MON_TUE", "zone_label": "Mon/Tue", "schedules": ["MON 11:30AM-1PM"], "all_days": ["MON"], "color": "#2a78d6"}}, {"type": "Feature", "geometry": {"type": "LineString", "coordinates": [[-74.01967267598096, 40.636069098883844], [-74.02009543134895, 40.63566253353185]]}, "properties": {"street": "5 AVENUE", "from": "67 STREET", "to": "66 STREET", "side": "E", "zone": "MON_TUE", "zone_label": "Mon/Tue", "schedules": ["TUE 8:30AM-10AM"], "all_days": ["TUE"], "color": "#2a78d6"}}, {"type": "Feature", "geometry": {"type": "LineString", "coordinates": [[-74.02012838953162, 40.635599760589415], [-74.01777201212562, 40.63420387627341]]}, "properties": {"street": "67 STREET", "from": "6 AVENUE", "to": "5 AVENUE", "side": "N", "zone": "MON_TUE", "zone_label": "Mon/Tue", "schedules": ["MON 11:30AM-1PM"], "all_days": ["MON"], "color": "#2a78d6"}}, {"type": "Feature", "geometry": {"type": "LineString", "coordinates": [[-74.03048672541536, 40.63207717863316], [-74.02780463773036, 40.63144157816916]]}, "properties": {"street": "BAY RIDGE PARKWAY", "from": "RIDGE BOULEVARD", "to": "3 AVENUE", "side": "S", "zone": "THU_FRI", "zone_label": "Thu/Fri", "schedules": ["FRI 8:30AM-10AM"], "all_days": ["FRI"], "color": "#4a3aa7"}}, {"type": "Feature", "geometry": {"type": "LineString", "coordinates": [[-74.01638174658429, 40.622047010424886], [-74.0141784059493, 40.620717577231886]]}, "properties": {"street": "79 STREET", "from": "10 AVENUE", "to": "11 AVENUE", "side": "N", "zone": "WED_FRI", "zone_label": "Wed/Fri", "schedules": ["WED 9:30AM-11AM"], "all_days": ["WED"], "color": "#eb6834"}}, {"type": "Feature", "geometry": {"type": "LineString", "coordinates": [[-74.01577498917555, 40.63174779970427], [-74.01546821553333, 40.63156428815154], [-74.014731718061, 40.63112373374868], [-74.01434909257553, 40.630894842827054]]}, "properties": {"street": "68 STREET", "from": "8 AVENUE", "to": "7 AVENUE", "side": "S", "zone": "WED_THU", "zone_label": "Wed/Thu", "schedules": ["THU 11:30AM-1PM"], "all_days": ["THU"], "color": "#e34948"}}, {"type": "Feature", "geometry": {"type": "LineString", "coordinates": [[-74.02300661538466, 40.621463176304886], [-74.02372547800766, 40.620980972880886]]}, "properties": {"street": "FORT HAMILTON PARKWAY", "from": "85 STREET", "to": "84 STREET", "side": "E", "zone": "THU_FRI", "zone_label": "Thu/Fri", "schedules": ["FRI 11:30AM-1PM"], "all_days": ["FRI"], "color": "#4a3aa7"}}, {"type": "Feature", "geometry": {"type": "LineString", "coordinates": [[-74.02988473319878, 40.626351661696205], [-74.02716669899078, 40.6257050785382]]}, "properties": {"street": "82 STREET", "from": "4 AVENUE", "to": "3 AVENUE", "side": "S", "zone": "MON_TUE", "zone_label": "Mon/Tue", "schedules": ["TUE 8:30AM-10AM"], "all_days": ["TUE"], "color": "#2a78d6"}}, {"type": "Feature", "geometry": {"type": "LineString", "coordinates": [[-74.01359797331403, 40.62127664411793], [-74.01139555215804, 40.619946283886925]]}, "properties": {"street": "78 STREET", "from": "12 AVENUE", "to": "11 AVENUE", "side": "N", "zone": "WED_FRI", "zone_label": "Wed/Fri", "schedules": ["WED 9:30AM-11AM"], "all_days": ["WED"], "color": "#eb6834"}}, {"type": "Feature", "geometry": {"type": "LineString", "coordinates": [[-74.03256855442316, 40.62698829542361], [-74.03034718584595, 40.62646136970963], [-74.02988470237251, 40.62635165433987]]}, "properties": {"street": "82 STREET", "from": "RIDGE BOULEVARD", "to": "COLONIAL ROAD", "side": "S", "zone": "MON_TUE", "zone_label": "Mon/Tue", "schedules": ["TUE 9:30AM-11AM"], "all_days": ["TUE"], "color": "#2a78d6"}}, {"type": "Feature", "geometry": {"type": "LineString", "coordinates": [[-74.02602785174155, 40.63334058813652], [-74.02516655551554, 40.63313470506552]]}, "properties": {"street": "72 STREET", "from": "RIDGE COURT", "to": "BENNET COURT", "side": "N", "zone": "OTHER", "zone_label": "Other", "schedules": ["MON 8:30AM-10AM"], "all_days": ["MON"], "color": "#898781"}}, {"type": "Feature", "geometry": {"type": "LineString", "coordinates": [[-74.0083377245939, 40.612595617735025], [-74.0086549864281, 40.612288399689874], [-74.00891729336053, 40.612034396745486]]}, "properties": {"street": "15 AVENUE", "from": "84 STREET", "to": "85 STREET", "side": "W", "zone": "MON_TUE", "zone_label": "Mon/Tue", "schedules": ["MON 11:30AM-1PM"], "all_days": ["MON"], "color": "#2a78d6"}}, {"type": "Feature", "geometry": {"type": "LineString", "coordinates": [[-74.00680582642954, 40.60227339927946], [-74.00594915046254, 40.60182264552346]]}, "properties": {"street": "CROPSEY AVENUE", "from": "BAY   19 STREET", "to": "BAY   20 STREET", "side": "S", "zone": "MON_TUE", "zone_label": "Mon/Tue", "schedules": ["TUE 11:30AM-1PM"], "all_days": ["TUE"], "color": "#2a78d6"}}, {"type": "Feature", "geometry": {"type": "LineString", "coordinates": [[-74.01973105806387, 40.63606400905857], [-74.01753228029386, 40.634731200417576]]}, "properties": {"street": "66 STREET", "from": "6 AVENUE", "to": "5 AVENUE", "side": "S", "zone": "MON_TUE", "zone_label": "Mon/Tue", "schedules": ["TUE 11:30AM-1PM"], "all_days": ["TUE"], "color": "#2a78d6"}}, {"type": "Feature", "geometry": {"type": "LineString", "coordinates": [[-74.01835297968907, 40.61670973079696], [-74.01614542935707, 40.615367714825965]]}, "properties": {"street": "86 STREET", "from": "7 AVENUE", "to": "14 AVENUE", "side": "S", "zone": "OTHER", "zone_label": "Other", "schedules": ["FRI 8:30AM-10AM", "FRI 9:30AM-11AM"], "all_days": ["FRI"], "color": "#898781"}}, {"type": "Feature", "geometry": {"type": "LineString", "coordinates": [[-74.00833792297311, 40.60520633529672], [-74.00974868024711, 40.603849380251724]]}, "properties": {"street": "17 AVENUE", "from": "CROPSEY AVENUE", "to": "BATH AVENUE", "side": "E", "zone": "MON_TUE", "zone_label": "Mon/Tue", "schedules": ["TUE 11:30AM-1PM"], "all_days": ["TUE"], "color": "#2a78d6"}}, {"type": "Feature", "geometry": {"type": "LineString", "coordinates": [[-74.02014747525637, 40.63907045557387], [-74.01795813766536, 40.63776448906787]]}, "properties": {"street": "63 STREET", "from": "5 AVENUE", "to": "4 AVENUE", "side": "S", "zone": "WED_THU", "zone_label": "Wed/Thu", "schedules": ["WED 9:30AM-11AM"], "all_days": ["WED"], "color": "#e34948"}}, {"type": "Feature", "geometry": {"type": "LineString", "coordinates": [[-74.01830119797893, 40.61675881290903], [-74.01609364764693, 40.615416796938035]]}, "properties": {"street": "86 STREET", "from": "12 AVENUE", "to": "11 AVENUE", "side": "N", "zone": "OTHER", "zone_label": "Other", "schedules": ["WED 9:30AM-11AM"], "all_days": ["WED"], "color": "#898781"}}, {"type": "Feature", "geometry": {"type": "LineString", "coordinates": [[-74.03461422755247, 40.62197893884258], [-74.03418834920788, 40.62187835218175], [-74.03415214630895, 40.62186979878403], [-74.0327499754888, 40.621538608369704], [-74.03193148027927, 40.621345271491435]]}, "properties": {"street": "89 STREET", "from": "3 AVENUE", "to": "RIDGE BOULEVARD", "side": "S", "zone": "MON_TUE", "zone_label": "Mon/Tue", "schedules": ["TUE 8:30AM-10AM"], "all_days": ["TUE"], "color": "#2a78d6"}}, {"type": "Feature", "geometry": {"type": "LineString", "coordinates": [[-74.00665259712696, 40.61066961697157], [-74.00728029755696, 40.61006621132557]]}, "properties": {"street": "16 AVENUE", "from": "86 STREET", "to": "85 STREET", "side": "E", "zone": "MON_TUE", "zone_label": "Mon/Tue", "schedules": ["MON 11:30AM-1PM"], "all_days": ["MON"], "color": "#2a78d6"}}, {"type": "Feature", "geometry": {"type": "LineString", "coordinates": [[-74.03288817102782, 40.633407557481256], [-74.03205888938781, 40.63321099241526]]}, "properties": {"street": "74 STREET", "from": "NARROWS AVENUE", "to": "COLONIAL ROAD", "side": "S", "zone": "THU_FRI", "zone_label": "Thu/Fri", "schedules": ["FRI 9:30AM-11AM"], "all_days": ["FRI"], "color": "#4a3aa7"}}, {"type": "Feature", "geometry": {"type": "LineString", "coordinates": [[-74.03487555888155, 40.6213578541753], [-74.03218438604355, 40.620725726596305]]}, "properties": {"street": "90 STREET", "from": "3 AVENUE", "to": "RIDGE BOULEVARD", "side": "N", "zone": "MON_TUE", "zone_label": "Mon/Tue", "schedules": ["MON 8:30AM-10AM"], "all_days": ["MON"], "color": "#2a78d6"}}, {"type": "Feature", "geometry": {"type": "LineString", "coordinates": [[-74.02472595444202, 40.62435358691411], [-74.02236431349502, 40.62292884474711]]}, "properties": {"street": "82 STREET", "from": "6 AVENUE", "to": "5 AVENUE", "side": "N", "zone": "THU_FRI", "zone_label": "Thu/Fri", "schedules": ["THU 11:30AM-1PM"], "all_days": ["THU"], "color": "#4a3aa7"}}, {"type": "Feature", "geometry": {"type": "LineString", "coordinates": [[-74.03254383911482, 40.62704831416239], [-74.03032247015804, 40.62652138835837], [-74.02985998486149, 40.62641167255613]]}, "properties": {"street": "82 STREET", "from": "3 AVENUE", "to": "RIDGE BOULEVARD", "side": "N", "zone": "MON_TUE", "zone_label": "Mon/Tue", "schedules": ["MON 8:30AM-10AM"], "all_days": ["MON"], "color": "#2a78d6"}}, {"type": "Feature", "geometry": {"type": "LineString", "coordinates": [[-74.02625113350831, 40.62795794961873], [-74.0261106725989, 40.627919972795105], [-74.02382886270512, 40.626547335208805]]}, "properties": {"street": "79 STREET", "from": "4 AVENUE", "to": "5 AVENUE", "side": "N", "zone": "THU_FRI", "zone_label": "Thu/Fri", "schedules": ["THU 8:30AM-10AM"], "all_days": ["THU"], "color": "#4a3aa7"}}, {"type": "Feature", "geometry": {"type": "LineString", "coordinates": [[-74.01812711190627, 40.62036925631301], [-74.01592483083726, 40.61903768619501]]}, "properties": {"street": "82 STREET", "from": "10 AVENUE", "to": "7 AVENUE", "side": "N", "zone": "WED_FRI", "zone_label": "Wed/Fri", "schedules": ["WED 11:30AM-1PM"], "all_days": ["WED"], "color": "#eb6834"}}, {"type": "Feature", "geometry": {"type": "LineString", "coordinates": [[-74.00916098146867, 40.60570328476602], [-74.01061513457466, 40.60430088429202]]}, "properties": {"street": "BAY   14 STREET", "from": "CROPSEY AVENUE", "to": "BATH AVENUE", "side": "E", "zone": "MON_TUE", "zone_label": "Mon/Tue", "schedules": ["TUE 11:30AM-1PM"], "all_days": ["TUE"], "color": "#2a78d6"}}, {"type": "Feature", "geometry": {"type": "LineString", "coordinates": [[-74.01697085697627, 40.604253994222944], [-74.01608317303427, 40.60395761694694]]}, "properties": {"street": "INDEPENDENCE AVENUE", "from": "15 AVENUE", "to": "BAY   10 STREET", "side": "N", "zone": "OTHER", "zone_label": "Other", "schedules": ["WED 11:30AM-1PM"], "all_days": ["WED"], "color": "#898781"}}, {"type": "Feature", "geometry": {"type": "LineString", "coordinates": [[-74.02382873381487, 40.626547256899116], [-74.0228797068778, 40.62597163927169], [-74.02147010478728, 40.625116642327995]]}, "properties": {"street": "79 STREET", "from": "5 AVENUE", "to": "6 AVENUE", "side": "N", "zone": "MON_TUE", "zone_label": "Mon/Tue", "schedules": ["MON 11:30AM-1PM"], "all_days": ["MON"], "color": "#2a78d6"}}, {"type": "Feature", "geometry": {"type": "LineString", "coordinates": [[-74.00075487821252, 40.59879326416278], [-74.00128528041952, 40.59830255619478]]}, "properties": {"street": "21 AVENUE", "from": "BATH AVENUE", "to": "CROPSEY AVENUE", "side": "W", "zone": "WED_FRI", "zone_label": "Wed/Fri", "schedules": ["WED 9:30AM-11AM"], "all_days": ["WED"], "color": "#eb6834"}}, {"type": "Feature", "geometry": {"type": "LineString", "coordinates": [[-74.01487867711538, 40.63038548041964], [-74.01447213926848, 40.63013997858559], [-74.01267820988333, 40.629056576949296]]}, "properties": {"street": "BAY RIDGE AVENUE", "from": "8 AVENUE", "to": "7 AVENUE", "side": "N", "zone": "WED_THU", "zone_label": "Wed/Thu", "schedules": ["WED 11:30AM-1PM"], "all_days": ["WED"], "color": "#e34948"}}, {"type": "Feature", "geometry": {"type": "LineString", "coordinates": [[-74.00582204336135, 40.618359159643234], [-74.00640279409535, 40.61780339915624]]}, "properties": {"street": "14 AVENUE", "from": "77 STREET", "to": "76 STREET", "side": "E", "zone": "WED_FRI", "zone_label": "Wed/Fri", "schedules": ["FRI 8:30AM-10AM"], "all_days": ["FRI"], "color": "#eb6834"}}, {"type": "Feature", "geometry": {"type": "LineString", "coordinates": [[-74.03351854652364, 40.63906770023654], [-74.03198016803071, 40.63859100744633], [-74.03162610431762, 40.638481296209996]]}, "properties": {"street": "68 STREET", "from": "BLISS TERRACE", "to": "NARROWS AVENUE", "side": "S", "zone": "MON_TUE", "zone_label": "Mon/Tue", "schedules": ["TUE 9:30AM-11AM"], "all_days": ["TUE"], "color": "#2a78d6"}}, {"type": "Feature", "geometry": {"type": "LineString", "coordinates": [[-74.01994972074232, 40.642705750142994], [-74.02004663358586, 40.64260985519212], [-74.02053137562037, 40.642130198463335]]}, "properties": {"street": "3 AVENUE", "from": "60 STREET", "to": "59 STREET", "side": "E", "zone": "MON_THU", "zone_label": "Mon/Thu", "schedules": ["MON 9:30AM-11AM"], "all_days": ["MON"], "color": "#eda100"}}, {"type": "Feature", "geometry": {"type": "LineString", "coordinates": [[-74.00135216635749, 40.61202312467005], [-74.0019380277595, 40.611459615143055]]}, "properties": {"street": "17 AVENUE", "from": "80 STREET", "to": "81 STREET", "side": "W", "zone": "OTHER", "zone_label": "Other", "schedules": ["MON 11:30AM-1PM"], "all_days": ["MON"], "color": "#898781"}}, {"type": "Feature", "geometry": {"type": "LineString", "coordinates": [[-74.01169235168874, 40.62655779434921], [-74.00948902527873, 40.62522645172921]]}, "properties": {"street": "71 STREET", "from": "10 AVENUE", "to": "11 AVENUE", "side": "S", "zone": "WED_THU", "zone_label": "Wed/Thu", "schedules": ["THU 9:30AM-11AM"], "all_days": ["THU"], "color": "#e34948"}}, {"type": "Feature", "geometry": {"type": "LineString", "coordinates": [[-74.03164876382935, 40.63852235461726], [-74.03213002870835, 40.637633661258256]]}, "properties": {"street": "BLISS TERRACE", "from": "68 STREET", "to": "BAY RIDGE AVENUE", "side": "W", "zone": "MON_TUE", "zone_label": "Mon/Tue", "schedules": ["MON 9:30AM-11AM"], "all_days": ["MON"], "color": "#2a78d6"}}, {"type": "Feature", "geometry": {"type": "LineString", "coordinates": [[-74.00107553754367, 40.603068546615916], [-74.00030098033068, 40.602654212206915]]}, "properties": {"street": "BENSON AVENUE", "from": "20 AVENUE", "to": "BAY   23 STREET", "side": "N", "zone": "OTHER", "zone_label": "Other", "schedules": ["WED 8:30AM-10AM"], "all_days": ["WED"], "color": "#898781"}}, {"type": "Feature", "geometry": {"type": "LineString", "coordinates": [[-74.0315505900314, 40.61535529243254], [-74.0319829812944, 40.61483955252854]]}, "properties": {"street": "4 AVENUE", "from": "96 STREET", "to": "97 STREET", "side": "W", "zone": "OTHER", "zone_label": "Other", "schedules": ["MON 9:30AM-11AM"], "all_days": ["MON"], "color": "#898781"}}, {"type": "Feature", "geometry": {"type": "LineString", "coordinates": [[-74.02262254524699, 40.640468125928884], [-74.023138309855, 40.64002434671889]]}, "properties": {"street": "3 AVENUE", "from": "63 STREET", "to": "64 STREET", "side": "W", "zone": "MON_THU", "zone_label": "Mon/Thu", "schedules": ["MON/THU 12AM-3AM"], "all_days": ["MON", "THU"], "color": "#eda100"}}, {"type": "Feature", "geometry": {"type": "LineString", "coordinates": [[-74.010480797779, 40.641563158369955], [-74.01106268111299, 40.641003603050954]]}, "properties": {"street": "6 AVENUE", "from": "54 STREET", "to": "55 STREET", "side": "W", "zone": "THU_FRI", "zone_label": "Thu/Fri", "schedules": ["THU 11:30AM-1PM"], "all_days": ["THU"], "color": "#4a3aa7"}}, {"type": "Feature", "geometry": {"type": "LineString", "coordinates": [[-74.02055667062784, 40.61998891416904], [-74.02086120534184, 40.619261355314045]]}, "properties": {"street": "7 AVENUE", "from": "85 STREET", "to": "84 STREET", "side": "E", "zone": "WED_FRI", "zone_label": "Wed/Fri", "schedules": ["FRI 11:30AM-1PM"], "all_days": ["FRI"], "color": "#eb6834"}}, {"type": "Feature", "geometry": {"type": "LineString", "coordinates": [[-74.00381342941341, 40.63757875872545], [-74.00328926341534, 40.63726226610942], [-74.00121604375585, 40.63601039975102]]}, "properties": {"street": "54 STREET", "from": "9 AVENUE", "to": "FT HAMILTON PARKWAY", "side": "N", "zone": "MON_THU", "zone_label": "Mon/Thu", "schedules": ["MON 9:30AM-11AM"], "all_days": ["MON"], "color": "#eda100"}}, {"type": "Feature", "geometry": {"type": "LineString", "coordinates": [[-74.01275087098041, 40.63932845447294], [-74.0105478468494, 40.63799748618693]]}, "properties": {"street": "58 STREET", "from": "6 AVENUE", "to": "7 AVENUE", "side": "N", "zone": "THU_FRI", "zone_label": "Thu/Fri", "schedules": ["THU 11:30AM-1PM"], "all_days": ["THU"], "color": "#4a3aa7"}}, {"type": "Feature", "geometry": {"type": "LineString", "coordinates": [[-74.00452445703624, 40.6334470771689], [-74.00232272574223, 40.6321173281719]]}, "properties": {"street": "59 STREET", "from": "11 AVENUE", "to": "FORT HAMILTON PARKWAY", "side": "N", "zone": "OTHER", "zone_label": "Other", "schedules": ["MON 8:30AM-10AM"], "all_days": ["MON"], "color": "#898781"}}, {"type": "Feature", "geometry": {"type": "LineString", "coordinates": [[-74.01169908436593, 40.62660185520203], [-74.01227917222093, 40.62604329213103]]}, "properties": {"street": "10 AVENUE", "from": "71 STREET", "to": "72 STREET", "side": "W", "zone": "WED_THU", "zone_label": "Wed/Thu", "schedules": ["WED 9:30AM-11AM"], "all_days": ["WED"], "color": "#e34948"}}, {"type": "Feature", "geometry": {"type": "LineString", "coordinates": [[-74.00937150836234, 40.62883994430629], [-74.00995357389134, 40.62828008739229]]}, "properties": {"street": "10 AVENUE", "from": "67 STREET", "to": "68 STREET", "side": "W", "zone": "OTHER", "zone_label": "Other", "schedules": ["WED 9:30AM-11AM"], "all_days": ["WED"], "color": "#898781"}}, {"type": "Feature", "geometry": {"type": "LineString", "coordinates": [[-74.0059534771061, 40.62862771988508], [-74.0037497597041, 40.627295934878084]]}, "properties": {"street": "65 STREET", "from": "11 AVENUE", "to": "12 AVENUE", "side": "S", "zone": "WED_THU", "zone_label": "Wed/Thu", "schedules": ["THU 9:30AM-11AM"], "all_days": ["THU"], "color": "#e34948"}}, {"type": "Feature", "geometry": {"type": "LineString", "coordinates": [[-74.01626551059995, 40.635943739364045], [-74.01408392820295, 40.63459660865304]]}, "properties": {"street": "64 STREET", "from": "6 AVENUE", "to": "7 AVENUE", "side": "N", "zone": "WED_THU", "zone_label": "Wed/Thu", "schedules": ["WED 11:30AM-1PM"], "all_days": ["WED"], "color": "#e34948"}}, {"type": "Feature", "geometry": {"type": "LineString", "coordinates": [[-74.02572848188159, 40.61609273651387], [-74.02502502770704, 40.61574263009272], [-74.02481309676813, 40.61563702942253]]}, "properties": {"street": "92 STREET", "from": "BATTERY AVENUE", "to": "DAHLGREEN PLACE", "side": "N", "zone": "MON_TUE", "zone_label": "Mon/Tue", "schedules": ["MON 11:30AM-1PM"], "all_days": ["MON"], "color": "#2a78d6"}}, {"type": "Feature", "geometry": {"type": "LineString", "coordinates": [[-74.0167306611428, 40.63551162127792], [-74.01600733571375, 40.63473111412401], [-74.01472879583443, 40.6339938954595]]}, "properties": {"street": "65 STREET", "from": "7 AVENUE", "to": "6 AVENUE", "side": "N", "zone": "DAILY", "zone_label": "Daily (except Sun)", "schedules": ["MON/WED/FRI 7:30AM-8AM"], "all_days": ["MON", "WED", "FRI"], "color": "#e87ba4"}}, {"type": "Feature", "geometry": {"type": "LineString", "coordinates": [[-74.03090797379757, 40.638257982725094], [-74.03053654489544, 40.63814189662811], [-74.03039310920919, 40.638097070251575], [-74.03018259068182, 40.63803127991533]]}, "properties": {"street": "68 STREET", "from": "BAY CLIFF TERRACE", "to": "COLONIAL ROAD", "side": "S", "zone": "MON_TUE", "zone_label": "Mon/Tue", "schedules": ["TUE 9:30AM-11AM"], "all_days": ["TUE"], "color": "#2a78d6"}}, {"type": "Feature", "geometry": {"type": "LineString", "coordinates": [[-74.02838084477541, 40.64035454675054], [-74.02768100702941, 40.63992712419254]]}, "properties": {"street": "WAKEMAN PLACE", "from": "COLONIAL ROAD", "to": "RIDGE BOULEVARD", "side": "N", "zone": "OTHER", "zone_label": "Other", "schedules": ["MON 9:30AM-11AM"], "all_days": ["MON"], "color": "#898781"}}, {"type": "Feature", "geometry": {"type": "LineString", "coordinates": [[-74.02931855392542, 40.62046834314055], [-74.02773603144642, 40.61972998450355]]}, "properties": {"street": "89 STREET", "from": "4 AVENUE", "to": "5 AVENUE", "side": "S", "zone": "MON_TUE", "zone_label": "Mon/Tue", "schedules": ["TUE 8:30AM-10AM"], "all_days": ["TUE"], "color": "#2a78d6"}}, {"type": "Feature", "geometry": {"type": "LineString", "coordinates": [[-74.00432120052686, 40.64053986744049], [-74.00211785510486, 40.63920888077449]]}, "properties": {"street": "51 STREET", "from": "10 AVENUE", "to": "9 AVENUE", "side": "S", "zone": "MON_THU", "zone_label": "Mon/Thu", "schedules": ["THU 8:30AM-10AM"], "all_days": ["THU"], "color": "#eda100"}}, {"type": "Feature", "geometry": {"type": "LineString", "coordinates": [[-74.00980468701734, 40.60384297274124], [-74.00901959873534, 40.603432138076236]]}, "properties": {"street": "CROPSEY AVENUE", "from": "17 AVENUE", "to": "BAY   16 STREET", "side": "S", "zone": "MON_TUE", "zone_label": "Mon/Tue", "schedules": ["TUE 11:30AM-1PM"], "all_days": ["TUE"], "color": "#2a78d6"}}, {"type": "Feature", "geometry": {"type": "LineString", "coordinates": [[-74.00080693958573, 40.60094630136796], [-74.00207442044973, 40.59970699513496]]}, "properties": {"street": "BAY   25 STREET", "from": "BATH AVENUE", "to": "CROPSEY AVENUE", "side": "E", "zone": "WED_FRI", "zone_label": "Wed/Fri", "schedules": ["FRI 9:30AM-11AM"], "all_days": ["FRI"], "color": "#eb6834"}}, {"type": "Feature", "geometry": {"type": "LineString", "coordinates": [[-74.01861454477992, 40.62710339707445], [-74.01832458322193, 40.626929123735444]]}, "properties": {"street": "BAY RIDGE PARKWAY", "from": "7 AVENUE", "to": "7 AVENUE", "side": "N", "zone": "MON_TUE", "zone_label": "Mon/Tue", "schedules": ["MON 11:30AM-1PM"], "all_days": ["MON"], "color": "#2a78d6"}}, {"type": "Feature", "geometry": {"type": "LineString", "coordinates": [[-74.01900102514261, 40.62631344975465], [-74.01930450943061, 40.625594072469646]]}, "properties": {"street": "7 AVENUE", "from": "76 STREET", "to": "77 STREET", "side": "W", "zone": "OTHER", "zone_label": "Other", "schedules": ["MON 11:30AM-1PM"], "all_days": ["MON"], "color": "#898781"}}, {"type": "Feature", "geometry": {"type": "LineString", "coordinates": [[-74.00631420461845, 40.63172645066708], [-74.00411277765144, 40.63039678963008]]}, "properties": {"street": "62 STREET", "from": "10 AVENUE", "to": "11 AVENUE", "side": "N", "zone": "WED_THU", "zone_label": "Wed/Thu", "schedules": ["WED 9:30AM-11AM"], "all_days": ["WED"], "color": "#e34948"}}, {"type": "Feature", "geometry": {"type": "LineString", "coordinates": [[-74.03104849006878, 40.62350103831594], [-74.03054420458153, 40.623377415204615], [-74.02909452384364, 40.623022022525525], [-74.0283388864598, 40.62283676696465]]}, "properties": {"street": "86 STREET", "from": "4 AVENUE", "to": "3 AVENUE", "side": "N", "zone": "DAILY", "zone_label": "Daily (except Sun)", "schedules": ["MON 8:30AM-10AM"], "all_days": ["MON"], "color": "#e87ba4"}}, {"type": "Feature", "geometry": {"type": "LineString", "coordinates": [[-74.02276895967063, 40.61811344297823], [-74.02296488903067, 40.61788422140812], [-74.02299841399571, 40.6178449968208], [-74.0237528201365, 40.616962377889784]]}, "properties": {"street": "BATTERY AVENUE", "from": "90 STREET", "to": "88 STREET", "side": "W", "zone": "MON_TUE", "zone_label": "Mon/Tue", "schedules": ["MON 11:30AM-1PM"], "all_days": ["MON"], "color": "#2a78d6"}}, {"type": "Feature", "geometry": {"type": "LineString", "coordinates": [[-74.00380668539393, 40.6375346943873], [-74.0040797949375, 40.63727172492119], [-74.00438923755456, 40.63697375010966]]}, "properties": {"street": "9 AVENUE", "from": "55 STREET", "to": "54 STREET", "side": "E", "zone": "MON_THU", "zone_label": "Mon/Thu", "schedules": ["THU 9:30AM-11AM"], "all_days": ["THU"], "color": "#eda100"}}, {"type": "Feature", "geometry": {"type": "LineString", "coordinates": [[-74.02481484854594, 40.63148726643647], [-74.02295253572217, 40.6306046212882], [-74.02231963530238, 40.630304647703824]]}, "properties": {"street": "74 STREET", "from": "4 AVENUE", "to": "5 AVENUE", "side": "S", "zone": "THU_FRI", "zone_label": "Thu/Fri", "schedules": ["FRI 8:30AM-10AM"], "all_days": ["FRI"], "color": "#4a3aa7"}}, {"type": "Feature", "geometry": {"type": "LineString", "coordinates": [[-74.02017937611838, 40.63555019263859], [-74.01782299871238, 40.634154308322586]]}, "properties": {"street": "67 STREET", "from": "5 AVENUE", "to": "6 AVENUE", "side": "S", "zone": "MON_TUE", "zone_label": "Mon/Tue", "schedules": ["TUE 11:30AM-1PM"], "all_days": ["TUE"], "color": "#2a78d6"}}, {"type": "Feature", "geometry": {"type": "LineString", "coordinates": [[-74.01651599971717, 40.62580735281998], [-74.01728976640918, 40.625301281997984]]}, "properties": {"street": "FORT HAMILTON PARKWAY", "from": "BAY RIDGE PARKWAY", "to": "7 AVENUE", "side": "W", "zone": "OTHER", "zone_label": "Other", "schedules": ["WED 11:30AM-1PM"], "all_days": ["WED"], "color": "#898781"}}, {"type": "Feature", "geometry": {"type": "LineString", "coordinates": [[-74.03279401582, 40.62632803576846], [-74.033070126995, 40.62564603805246]]}, "properties": {"street": "RIDGE BOULEVARD", "from": "84 STREET", "to": "83 STREET", "side": "E", "zone": "MON_TUE", "zone_label": "Mon/Tue", "schedules": ["TUE 9:30AM-11AM"], "all_days": ["TUE"], "color": "#2a78d6"}}, {"type": "Feature", "geometry": {"type": "LineString", "coordinates": [[-74.00490338598954, 40.63997906923612], [-74.00269920792454, 40.63865061547012]]}, "properties": {"street": "52 STREET", "from": "8 AVENUE", "to": "9 AVENUE", "side": "S", "zone": "MON_THU", "zone_label": "Mon/Thu", "schedules": ["THU 9:30AM-11AM"], "all_days": ["THU"], "color": "#eda100"}}, {"type": "Feature", "geometry": {"type": "LineString", "coordinates": [[-74.023982923028, 40.642310528183636], [-74.02185697195, 40.64101287237764]]}, "properties": {"street": "62 STREET", "from": "2 AVENUE", "to": "3 AVENUE", "side": "S", "zone": "OTHER", "zone_label": "Other", "schedules": ["WED 9:30AM-11AM"], "all_days": ["WED"], "color": "#898781"}}, {"type": "Feature", "geometry": {"type": "LineString", "coordinates": [[-74.00780948655841, 40.62684096088685], [-74.00562985249042, 40.62548743612985]]}, "properties": {"street": "OVINGTON AVENUE", "from": "12 AVENUE", "to": "11 AVENUE", "side": "N", "zone": "WED_THU", "zone_label": "Wed/Thu", "schedules": ["WED 9:30AM-11AM"], "all_days": ["WED"], "color": "#e34948"}}, {"type": "Feature", "geometry": {"type": "LineString", "coordinates": [[-74.01836882233131, 40.62787916507906], [-74.01867995929732, 40.62708773826806]]}, "properties": {"street": "7 AVENUE", "from": "74 STREET", "to": "BAY RIDGE PARKWAY", "side": "W", "zone": "OTHER", "zone_label": "Other", "schedules": ["MON 11:30AM-1PM"], "all_days": ["MON"], "color": "#898781"}}, {"type": "Feature", "geometry": {"type": "LineString", "coordinates": [[-74.0338784646985, 40.61654586508031], [-74.0314930197285, 40.615364745511314]]}, "properties": {"street": "96 STREET", "from": "4 AVENUE", "to": "3 AVENUE", "side": "N", "zone": "MON_TUE", "zone_label": "Mon/Tue", "schedules": ["MON 9:30AM-11AM"], "all_days": ["MON"], "color": "#2a78d6"}}, {"type": "Feature", "geometry": {"type": "LineString", "coordinates": [[-74.0043959831191, 40.63701781358372], [-74.0019356886291, 40.63553224250372]]}, "properties": {"street": "55 STREET", "from": "FORT HAMILTON PARKWAY", "to": "9 AVENUE", "side": "N", "zone": "MON_THU", "zone_label": "Mon/Thu", "schedules": ["MON 9:30AM-11AM"], "all_days": ["MON"], "color": "#eda100"}}, {"type": "Feature", "geometry": {"type": "LineString", "coordinates": [[-74.00606863089999, 40.638860962164216], [-74.00386503421998, 40.63752955909822]]}, "properties": {"street": "54 STREET", "from": "8 AVENUE", "to": "9 AVENUE", "side": "S", "zone": "MON_THU", "zone_label": "Mon/Thu", "schedules": ["THU 9:30AM-11AM"], "all_days": ["THU"], "color": "#eda100"}}, {"type": "Feature", "geometry": {"type": "LineString", "coordinates": [[-74.00763491281417, 40.64079791699213], [-74.00543331373417, 40.63946795871112]]}, "properties": {"street": "53 STREET", "from": "8 AVENUE", "to": "7 AVENUE", "side": "N", "zone": "DAILY", "zone_label": "Daily (except Sun)", "schedules": ["MON/TUE/WED/THU/FRI/SAT 9AM-9:30AM", "THU 11:30AM-1PM"], "all_days": ["MON", "TUE", "WED", "THU", "FRI", "SAT"], "color": "#e87ba4"}}, {"type": "Feature", "geometry": {"type": "LineString", "coordinates": [[-74.0257739022724, 40.61604014976613], [-74.02507045670495, 40.61569004762928], [-74.02485855432187, 40.61558446118147]]}, "properties": {"street": "92 STREET", "from": "DAHLGREEN PLACE", "to": "BATTERY AVENUE", "side": "S", "zone": "MON_TUE", "zone_label": "Mon/Tue", "schedules": ["TUE 11:30AM-1PM"], "all_days": ["TUE"], "color": "#2a78d6"}}, {"type": "Feature", "geometry": {"type": "LineString", "coordinates": [[-74.0241289355551, 40.62581323491397], [-74.02346707166095, 40.62541332504275], [-74.0217698910439, 40.6243878133519]]}, "properties": {"street": "80 STREET", "from": "6 AVENUE", "to": "5 AVENUE", "side": "N", "zone": "THU_FRI", "zone_label": "Thu/Fri", "schedules": ["THU 11:30AM-1PM"], "all_days": ["THU"], "color": "#4a3aa7"}}, {"type": "Feature", "geometry": {"type": "LineString", "coordinates": [[-74.00884807582847, 40.62579121345969], [-74.00943072121746, 40.625231556825696]]}, "properties": {"street": "11 AVENUE", "from": "71 STREET", "to": "70 STREET", "side": "E", "zone": "WED_THU", "zone_label": "Wed/Thu", "schedules": ["THU 9:30AM-11AM"], "all_days": ["THU"], "color": "#e34948"}}, {"type": "Feature", "geometry": {"type": "LineString", "coordinates": [[-74.01202951982417, 40.61933658658887], [-74.00982692992417, 40.618007423907876]]}, "properties": {"street": "79 STREET", "from": "12 AVENUE", "to": "13 AVENUE", "side": "S", "zone": "WED_FRI", "zone_label": "Wed/Fri", "schedules": ["FRI 8:30AM-10AM"], "all_days": ["FRI"], "color": "#eb6834"}}, {"type": "Feature", "geometry": {"type": "LineString", "coordinates": [[-74.00786195050557, 40.626792293131146], [-74.00568231643757, 40.625438768374146]]}, "properties": {"street": "OVINGTON AVENUE", "from": "12 AVENUE", "to": "11 AVENUE", "side": "S", "zone": "WED_THU", "zone_label": "Wed/Thu", "schedules": ["THU 9:30AM-11AM"], "all_days": ["THU"], "color": "#e34948"}}, {"type": "Feature", "geometry": {"type": "LineString", "coordinates": [[-74.00872914611584, 40.61556460124867], [-74.00931039130285, 40.615003873212665]]}, "properties": {"street": "14 AVENUE", "from": "82 STREET", "to": "81 STREET", "side": "E", "zone": "WED_FRI", "zone_label": "Wed/Fri", "schedules": ["FRI 8:30AM-10AM"], "all_days": ["FRI"], "color": "#eb6834"}}, {"type": "Feature", "geometry": {"type": "LineString", "coordinates": [[-74.03137351445037, 40.622706926304595], [-74.02865701047836, 40.622064213322595]]}, "properties": {"street": "87 STREET", "from": "4 AVENUE", "to": "3 AVENUE", "side": "S", "zone": "MON_TUE", "zone_label": "Mon/Tue", "schedules": ["TUE 8:30AM-10AM"], "all_days": ["TUE"], "color": "#2a78d6"}}, {"type": "Feature", "geometry": {"type": "LineString", "coordinates": [[-74.00343703975526, 40.60773798765477], [-74.00520014675226, 40.60604347301877]]}, "properties": {"street": "BAY   17 STREET", "from": "BENSON AVENUE", "to": "86 STREET", "side": "W", "zone": "MON_TUE", "zone_label": "Mon/Tue", "schedules": ["MON 11:30AM-1PM"], "all_days": ["MON"], "color": "#2a78d6"}}, {"type": "Feature", "geometry": {"type": "LineString", "coordinates": [[-74.03262537530891, 40.619613633041666], [-74.03015255449291, 40.61837479592567]]}, "properties": {"street": "92 STREET", "from": "4 AVENUE", "to": "3 AVENUE", "side": "N", "zone": "MON_TUE", "zone_label": "Mon/Tue", "schedules": ["MON 8:30AM-10AM"], "all_days": ["MON"], "color": "#2a78d6"}}, {"type": "Feature", "geometry": {"type": "LineString", "coordinates": [[-74.01429765861832, 40.63094414214834], [-74.01368185828579, 40.63057244680058], [-74.0120965945242, 40.629615552366666]]}, "properties": {"street": "68 STREET", "from": "8 AVENUE", "to": "7 AVENUE", "side": "N", "zone": "WED_THU", "zone_label": "Wed/Thu", "schedules": ["WED 11:30AM-1PM"], "all_days": ["WED"], "color": "#e34948"}}, {"type": "Feature", "geometry": {"type": "LineString", "coordinates": [[-74.01502781917881, 40.626752531151915], [-74.0128544075758, 40.62543935882692]]}, "properties": {"street": "73 STREET", "from": "FT HAMILTON PARKWAY", "to": "10 AVENUE", "side": "S", "zone": "WED_THU", "zone_label": "Wed/Thu", "schedules": ["THU 9:30AM-11AM"], "all_days": ["THU"], "color": "#e34948"}}, {"type": "Feature", "geometry": {"type": "LineString", "coordinates": [[-74.02778010771965, 40.6315016409378], [-74.02507543171565, 40.630870179737805]]}, "properties": {"street": "BAY RIDGE PARKWAY", "from": "4 AVENUE", "to": "3 AVENUE", "side": "N", "zone": "THU_FRI", "zone_label": "Thu/Fri", "schedules": ["THU 8:30AM-10AM"], "all_days": ["THU"], "color": "#4a3aa7"}}, {"type": "Feature", "geometry": {"type": "LineString", "coordinates": [[-74.00129220209585, 40.61202718678805], [-74.00104682864985, 40.61186227718105]]}, "properties": {"street": "80 STREET", "from": "18 AVENUE", "to": "NEW UTRECHT AVENUE", "side": "N", "zone": "THU_FRI", "zone_label": "Thu/Fri", "schedules": ["THU 11:30AM-1PM"], "all_days": ["THU"], "color": "#4a3aa7"}}, {"type": "Feature", "geometry": {"type": "LineString", "coordinates": [[-74.00930646478167, 40.62880099265571], [-74.00988853031068, 40.62824113574171]]}, "properties": {"street": "10 AVENUE", "from": "OVINGTON AVENUE", "to": "67 STREET", "side": "E", "zone": "OTHER", "zone_label": "Other", "schedules": ["THU 9:30AM-11AM"], "all_days": ["THU"], "color": "#898781"}}, {"type": "Feature", "geometry": {"type": "LineString", "coordinates": [[-74.012884499884, 40.62818997010433], [-74.011108604555, 40.62711763598933]]}, "properties": {"street": "70 STREET", "from": "10 AVENUE", "to": "FT HAMILTON PARKWAY", "side": "S", "zone": "WED_THU", "zone_label": "Wed/Thu", "schedules": ["THU 9:30AM-11AM"], "all_days": ["THU"], "color": "#e34948"}}, {"type": "Feature", "geometry": {"type": "LineString", "coordinates": [[-74.02183524571034, 40.624372557227886], [-74.02213325144834, 40.62364565433489]]}, "properties": {"street": "6 AVENUE", "from": "80 STREET", "to": "81 STREET", "side": "W", "zone": "THU_FRI", "zone_label": "Thu/Fri", "schedules": ["THU 11:30AM-1PM"], "all_days": ["THU"], "color": "#4a3aa7"}}, {"type": "Feature", "geometry": {"type": "LineString", "coordinates": [[-74.00984949252195, 40.60881018513688], [-74.0094227393007, 40.60855280131505], [-74.00910543593487, 40.608361426162965]]}, "properties": {"street": "BENSON AVENUE", "from": "BAY   11 STREET", "to": "16 AVENUE", "side": "S", "zone": "MON_TUE", "zone_label": "Mon/Tue", "schedules": ["TUE 11:30AM-1PM"], "all_days": ["TUE"], "color": "#2a78d6"}}, {"type": "Feature", "geometry": {"type": "LineString", "coordinates": [[-74.00401669954019, 40.63397319102981], [-74.0017903615362, 40.63262872645981]]}, "properties": {"street": "58 STREET", "from": "11 AVENUE", "to": "12 AVENUE", "side": "S", "zone": "MON_THU", "zone_label": "Mon/Thu", "schedules": ["THU 8:30AM-10AM"], "all_days": ["THU"], "color": "#eda100"}}, {"type": "Feature", "geometry": {"type": "LineString", "coordinates": [[-74.03164696832582, 40.62923731984548], [-74.02896472689682, 40.62860231397649]]}, "properties": {"street": "79 STREET", "from": "RIDGE BOULEVARD", "to": "3 AVENUE", "side": "N", "zone": "THU_FRI", "zone_label": "Thu/Fri", "schedules": ["THU 8:30AM-10AM"], "all_days": ["THU"], "color": "#4a3aa7"}}, {"type": "Feature", "geometry": {"type": "LineString", "coordinates": [[-74.0019936153685, 40.64282643288697], [-74.0025787013405, 40.64226345369197]]}, "properties": {"street": "46 STREET", "from": "8 AVENUE", "to": "9 AVENUE", "side": "N", "zone": "MON_THU", "zone_label": "Mon/Thu", "schedules": ["MON 8:30AM-10AM"], "all_days": ["MON"], "color": "#eda100"}}, {"type": "Feature", "geometry": {"type": "LineString", "coordinates": [[-74.03150931385062, 40.63667149441007], [-74.03178727745262, 40.63599147185107]]}, "properties": {"street": "COLONIAL ROAD", "from": "71 STREET", "to": "70 STREET", "side": "E", "zone": "MON_TUE", "zone_label": "Mon/Tue", "schedules": ["TUE 9:30AM-11AM"], "all_days": ["TUE"], "color": "#2a78d6"}}, {"type": "Feature", "geometry": {"type": "LineString", "coordinates": [[-74.02739898689745, 40.625026518472396], [-74.02769568165445, 40.6243003126344]]}, "properties": {"street": "4 AVENUE", "from": "84 STREET", "to": "83 STREET", "side": "E", "zone": "MON_TUE", "zone_label": "Mon/Tue", "schedules": ["TUE 8:30AM-10AM"], "all_days": ["TUE"], "color": "#2a78d6"}}, {"type": "Feature", "geometry": {"type": "LineString", "coordinates": [[-74.00157941677742, 40.60146949967324], [-74.00284696406642, 40.60023059095224]]}, "properties": {"street": "20 AVENUE", "from": "BENSON AVENUE", "to": "BATH AVENUE", "side": "W", "zone": "MON_TUE", "zone_label": "Mon/Tue", "schedules": ["MON 11:30AM-1PM"], "all_days": ["MON"], "color": "#2a78d6"}}, {"type": "Feature", "geometry": {"type": "LineString", "coordinates": [[-74.02952583989257, 40.61983140921846], [-74.02980435787256, 40.619152686584464]]}, "properties": {"street": "4 AVENUE", "from": "91 STREET", "to": "90 STREET", "side": "E", "zone": "DAILY", "zone_label": "Daily (except Sun)", "schedules": ["TUE 8:30AM-10AM"], "all_days": ["TUE"], "color": "#e87ba4"}}, {"type": "Feature", "geometry": {"type": "LineString", "coordinates": [[-74.03282122625387, 40.62636727295848], [-74.03061264348943, 40.62584197898441], [-74.03013836557244, 40.62572916976163]]}, "properties": {"street": "83 STREET", "from": "RIDGE BOULEVARD", "to": "3 AVENUE", "side": "N", "zone": "MON_TUE", "zone_label": "Mon/Tue", "schedules": ["MON 8:30AM-10AM"], "all_days": ["MON"], "color": "#2a78d6"}}, {"type": "Feature", "geometry": {"type": "LineString", "coordinates": [[-74.03373143713763, 40.63133483548705], [-74.03104965816064, 40.630699248160056]]}, "properties": {"street": "77 STREET", "from": "NARROWS AVENUE", "to": "COLONIAL ROAD", "side": "N", "zone": "THU_FRI", "zone_label": "Thu/Fri", "schedules": ["THU 9:30AM-11AM"], "all_days": ["THU"], "color": "#4a3aa7"}}, {"type": "Feature", "geometry": {"type": "LineString", "coordinates": [[-74.01300952367161, 40.621791602488315], [-74.01359125995361, 40.621232554872314]]}, "properties": {"street": "11 AVENUE", "from": "78 STREET", "to": "77 STREET", "side": "E", "zone": "WED_FRI", "zone_label": "Wed/Fri", "schedules": ["FRI 9:30AM-11AM"], "all_days": ["FRI"], "color": "#eb6834"}}, {"type": "Feature", "geometry": {"type": "LineString", "coordinates": [[-74.03059174290057, 40.63900059296846], [-74.03018856531098, 40.63887369053874], [-74.02798954330436, 40.63818150503127]]}, "properties": {"street": "SENATOR STREET", "from": "COLONIAL ROAD", "to": "RIDGE BOULEVARD", "side": "N", "zone": "MON_TUE", "zone_label": "Mon/Tue", "schedules": ["MON 9:30AM-11AM"], "all_days": ["MON"], "color": "#2a78d6"}}, {"type": "Feature", "geometry": {"type": "LineString", "coordinates": [[-74.00897257359586, 40.603483901064365], [-74.00822159568285, 40.603090348084365]]}, "properties": {"street": "CROPSEY AVENUE", "from": "BAY   17 STREET", "to": "BAY   16 STREET", "side": "N", "zone": "MON_TUE", "zone_label": "Mon/Tue", "schedules": ["MON 11:30AM-1PM"], "all_days": ["MON"], "color": "#2a78d6"}}, {"type": "Feature", "geometry": {"type": "LineString", "coordinates": [[-74.02321524694574, 40.63535390416115], [-74.02070184423974, 40.63420416028315]]}, "properties": {"street": "68 STREET", "from": "5 AVENUE", "to": "4 AVENUE", "side": "N", "zone": "MON_TUE", "zone_label": "Mon/Tue", "schedules": ["MON 8:30AM-10AM"], "all_days": ["MON"], "color": "#2a78d6"}}, {"type": "Feature", "geometry": {"type": "LineString", "coordinates": [[-74.02852493914833, 40.63912842460649], [-74.02760946854832, 40.63884224666948]]}, "properties": {"street": "67 STREET", "from": "RIDGE BOULEVARD", "to": "BERGEN PLACE", "side": "N", "zone": "OTHER", "zone_label": "Other", "schedules": ["MON 9:30AM-11AM"], "all_days": ["MON"], "color": "#898781"}}, {"type": "Feature", "geometry": {"type": "LineString", "coordinates": [[-74.00704766796288, 40.641314071825065], [-74.00762814723988, 40.64075388512807]]}, "properties": {"street": "7 AVENUE", "from": "53 STREET", "to": "52 STREET", "side": "E", "zone": "THU_FRI", "zone_label": "Thu/Fri", "schedules": ["THU 11:30AM-1PM"], "all_days": ["THU"], "color": "#4a3aa7"}}, {"type": "Feature", "geometry": {"type": "LineString", "coordinates": [[-74.00520217887042, 40.61900598581761], [-74.00300069742943, 40.61767747258161]]}, "properties": {"street": "BAY RIDGE PARKWAY", "from": "15 AVENUE", "to": "14 AVENUE", "side": "N", "zone": "OTHER", "zone_label": "Other", "schedules": ["MON 11:30AM-1PM"], "all_days": ["MON"], "color": "#898781"}}, {"type": "Feature", "geometry": {"type": "LineString", "coordinates": [[-74.00474483326731, 40.62978803299137], [-74.0025416334123, 40.62845782738337]]}, "properties": {"street": "63 STREET", "from": "12 AVENUE", "to": "11 AVENUE", "side": "S", "zone": "WED_THU", "zone_label": "Wed/Thu", "schedules": ["THU 9:30AM-11AM"], "all_days": ["THU"], "color": "#e34948"}}, {"type": "Feature", "geometry": {"type": "LineString", "coordinates": [[-74.00095926137065, 40.640373582388825], [-74.00154155633766, 40.63981264280582]]}, "properties": {"street": "9 AVENUE", "from": "49 STREET", "to": "50 STREET", "side": "W", "zone": "MON_THU", "zone_label": "Mon/Thu", "schedules": ["MON 8:30AM-10AM"], "all_days": ["MON"], "color": "#eda100"}}, {"type": "Feature", "geometry": {"type": "LineString", "coordinates": [[-74.01964886251201, 40.64248488980146], [-74.017912611919, 40.64145464694246]]}, "properties": {"street": "59 STREET", "from": "4 AVENUE", "to": "3 AVENUE", "side": "S", "zone": "WED_THU", "zone_label": "Wed/Thu", "schedules": ["WED 11:30AM-1PM"], "all_days": ["WED"], "color": "#e34948"}}, {"type": "Feature", "geometry": {"type": "LineString", "coordinates": [[-74.03018247717272, 40.63803124461744], [-74.02996774013185, 40.637964698794754], [-74.0292226693438, 40.63773378114423], [-74.0282965746925, 40.63744675637605]]}, "properties": {"street": "68 STREET", "from": "RIDGE BOULEVARD", "to": "BAY CLIFF TERRACE", "side": "S", "zone": "MON_TUE", "zone_label": "Mon/Tue", "schedules": ["TUE 9:30AM-11AM"], "all_days": ["TUE"], "color": "#2a78d6"}}, {"type": "Feature", "geometry": {"type": "LineString", "coordinates": [[-74.01118162048367, 40.623598822008056], [-74.00933137626767, 40.62248200009935], [-74.00897750413266, 40.622268397914254]]}, "properties": {"street": "74 STREET", "from": "12 AVENUE", "to": "11 AVENUE", "side": "N", "zone": "WED_THU", "zone_label": "Wed/Thu", "schedules": ["WED 9:30AM-11AM"], "all_days": ["WED"], "color": "#e34948"}}, {"type": "Feature", "geometry": {"type": "LineString", "coordinates": [[-74.01625913292744, 40.63589987766175], [-74.01666423694844, 40.635510224852744]]}, "properties": {"street": "6 AVENUE", "from": "65 STREET", "to": "64 STREET", "side": "E", "zone": "MON_TUE", "zone_label": "Mon/Tue", "schedules": ["TUE 11:30AM-1PM"], "all_days": ["TUE"], "color": "#2a78d6"}}, {"type": "Feature", "geometry": {"type": "LineString", "coordinates": [[-74.03015114845728, 40.63808945919256], [-74.02993640922016, 40.638022912689244], [-74.0291913376482, 40.63779199479577], [-74.02826524287549, 40.63750496998995]]}, "properties": {"street": "68 STREET", "from": "RIDGE BOULEVARD", "to": "COLONIAL ROAD", "side": "N", "zone": "OTHER", "zone_label": "Other", "schedules": ["MON 9:30AM-11AM"], "all_days": ["MON"], "color": "#898781"}}, {"type": "Feature", "geometry": {"type": "LineString", "coordinates": [[-74.00122032243908, 40.59826356753663], [-74.00164250271708, 40.59784240562963]]}, "properties": {"street": "21 AVENUE", "from": "SHORE PARKWAY", "to": "CROPSEY AVENUE", "side": "E", "zone": "OTHER", "zone_label": "Other", "schedules": ["FRI 9:30AM-11AM"], "all_days": ["FRI"], "color": "#898781"}}, {"type": "Feature", "geometry": {"type": "LineString", "coordinates": [[-74.02454333345138, 40.63214889404635], [-74.02204694311338, 40.63096954785335]]}, "properties": {"street": "73 STREET", "from": "5 AVENUE", "to": "4 AVENUE", "side": "S", "zone": "MON_TUE", "zone_label": "Mon/Tue", "schedules": ["TUE 8:30AM-10AM"], "all_days": ["TUE"], "color": "#2a78d6"}}, {"type": "Feature", "geometry": {"type": "LineString", "coordinates": [[-74.00594614312269, 40.64247270389485], [-74.00653077918368, 40.641912018661856]]}, "properties": {"street": "7 AVENUE", "from": "49 STREET", "to": "50 STREET", "side": "W", "zone": "OTHER", "zone_label": "Other", "schedules": ["TUE 11:30AM-1PM"], "all_days": ["TUE"], "color": "#898781"}}, {"type": "Feature", "geometry": {"type": "LineString", "coordinates": [[-74.01262470364397, 40.64289861085828], [-74.01042246310297, 40.64156828005128]]}, "properties": {"street": "54 STREET", "from": "5 AVENUE", "to": "6 AVENUE", "side": "N", "zone": "DAILY", "zone_label": "Daily (except Sun)", "schedules": ["THU 8:30AM-10AM"], "all_days": ["THU"], "color": "#e87ba4"}}, {"type": "Feature", "geometry": {"type": "LineString", "coordinates": [[-74.00374974220324, 40.62729592461732], [-74.00154836984625, 40.625966960555324]]}, "properties": {"street": "65 STREET", "from": "13 AVENUE", "to": "14 AVENUE", "side": "S", "zone": "WED_THU", "zone_label": "Wed/Thu", "schedules": ["THU 8:30AM-10AM"], "all_days": ["THU"], "color": "#e34948"}}, {"type": "Feature", "geometry": {"type": "LineString", "coordinates": [[-74.00017669516886, 40.63078408946686], [-74.00078165451886, 40.63020280173485]]}, "properties": {"street": "12 AVENUE", "from": "58 STREET", "to": "59 STREET", "side": "W", "zone": "MON_THU", "zone_label": "Mon/Thu", "schedules": ["MON 8:30AM-10AM"], "all_days": ["MON"], "color": "#eda100"}}, {"type": "Feature", "geometry": {"type": "LineString", "coordinates": [[-74.02386328088893, 40.63375954909856], [-74.02135450220892, 40.632613762631564]]}, "properties": {"street": "OVINGTON AVENUE", "from": "FIFTH AVENUE", "to": "4 AVENUE", "side": "N", "zone": "MON_TUE", "zone_label": "Mon/Tue", "schedules": ["MON 8:30AM-10AM"], "all_days": ["MON"], "color": "#2a78d6"}}, {"type": "Feature", "geometry": {"type": "LineString", "coordinates": [[-74.01283291682199, 40.62823917807967], [-74.011057021493, 40.627166843964666]]}, "properties": {"street": "70 STREET", "from": "10 AVENUE", "to": "FT HAMILTON PARKWAY", "side": "N", "zone": "WED_THU", "zone_label": "Wed/Thu", "schedules": ["WED 9:30AM-11AM"], "all_days": ["WED"], "color": "#e34948"}}, {"type": "Feature", "geometry": {"type": "LineString", "coordinates": [[-74.00496826408518, 40.605102128108946], [-74.00620565833518, 40.60391427945095]]}, "properties": {"street": "18 AVENUE", "from": "RUTHERFORD PLACE", "to": "BATH AVENUE", "side": "W", "zone": "OTHER", "zone_label": "Other", "schedules": ["MON 8AM-8:30AM"], "all_days": ["MON"], "color": "#898781"}}, {"type": "Feature", "geometry": {"type": "LineString", "coordinates": [[-74.00896363267735, 40.60343850713853], [-74.00998563070834, 40.602458609574526]]}, "properties": {"street": "BAY   16 STREET", "from": "CROPSEY AVENUE", "to": "SHORE PARKWAY", "side": "E", "zone": "MON_TUE", "zone_label": "Mon/Tue", "schedules": ["TUE 11:30AM-1PM"], "all_days": ["TUE"], "color": "#2a78d6"}}, {"type": "Feature", "geometry": {"type": "LineString", "coordinates": [[-74.01973105806387, 40.63606400905857], [-74.01753228029386, 40.634731200417576]]}, "properties": {"street": "66 STREET", "from": "5 AVENUE", "to": "LEIV EIRIKSSON SQUARE", "side": "S", "zone": "MON_TUE", "zone_label": "Mon/Tue", "schedules": ["TUE 8:30AM-10AM"], "all_days": ["TUE"], "color": "#2a78d6"}}, {"type": "Feature", "geometry": {"type": "LineString", "coordinates": [[-74.00798790023941, 40.63356753179816], [-74.00633325751241, 40.63256771577016]]}, "properties": {"street": "61 STREET", "from": "FT HAMILTON PARKWAY", "to": "9 AVENUE", "side": "S", "zone": "MON_THU", "zone_label": "Mon/Thu", "schedules": ["THU 9:30AM-11AM"], "all_days": ["THU"], "color": "#eda100"}}, {"type": "Feature", "geometry": {"type": "LineString", "coordinates": [[-74.02481288589985, 40.615636923606736], [-74.0245147980802, 40.61548640768344], [-74.02393802880158, 40.61519516938712]]}, "properties": {"street": "92 STREET", "from": "PARROTT PLACE", "to": "BATTERY AVENUE", "side": "N", "zone": "OTHER", "zone_label": "Other", "schedules": ["MON 11:30AM-1PM"], "all_days": ["MON"], "color": "#898781"}}, {"type": "Feature", "geometry": {"type": "LineString", "coordinates": [[-74.0132570990936, 40.61465837662211], [-74.01387489131758, 40.61404155229511]]}, "properties": {"street": "13 AVENUE", "from": "86 STREET", "to": "85 STREET", "side": "E", "zone": "WED_FRI", "zone_label": "Wed/Fri", "schedules": ["FRI 8:30AM-10AM"], "all_days": ["FRI"], "color": "#eb6834"}}, {"type": "Feature", "geometry": {"type": "LineString", "coordinates": [[-74.02601990022943, 40.63577651274857], [-74.02349895938043, 40.63465110999257]]}, "properties": {"street": "BAY RIDGE AVENUE", "from": "4 AVENUE", "to": "3 AVENUE", "side": "N", "zone": "MON_TUE", "zone_label": "Mon/Tue", "schedules": ["MON 8:30AM-10AM"], "all_days": ["MON"], "color": "#2a78d6"}}, {"type": "Feature", "geometry": {"type": "LineString", "coordinates": [[-74.03367125036768, 40.61281507976735], [-74.03188036013668, 40.61193379080535]]}, "properties": {"street": "100 STREET", "from": "4 AVENUE", "to": "FT HAMILTON PARKWAY", "side": "S", "zone": "THU_FRI", "zone_label": "Thu/Fri", "schedules": ["THU 11:30AM-1PM"], "all_days": ["THU"], "color": "#4a3aa7"}}, {"type": "Feature", "geometry": {"type": "LineString", "coordinates": [[-74.02532039159374, 40.62289222815852], [-74.02295341116974, 40.62146423007052]]}, "properties": {"street": "84 STREET", "from": "6 AVENUE", "to": "5 AVENUE", "side": "N", "zone": "OTHER", "zone_label": "Other", "schedules": ["THU 11:30AM-1PM"], "all_days": ["THU"], "color": "#898781"}}, {"type": "Feature", "geometry": {"type": "LineString", "coordinates": [[-74.01268369721345, 40.61526084752705], [-74.01079640873287, 40.61412084566233], [-74.01047954230475, 40.613929432865774]]}, "properties": {"street": "84 STREET", "from": "14 AVENUE", "to": "13 AVENUE", "side": "N", "zone": "WED_FRI", "zone_label": "Wed/Fri", "schedules": ["WED 8:30AM-10AM"], "all_days": ["WED"], "color": "#eb6834"}}, {"type": "Feature", "geometry": {"type": "LineString", "coordinates": [[-74.00496825292605, 40.61233989611516], [-74.00251473250205, 40.610861292536164]]}, "properties": {"street": "82 STREET", "from": "17 AVENUE", "to": "16 AVENUE", "side": "S", "zone": "MON_TUE", "zone_label": "Mon/Tue", "schedules": ["TUE 11:30AM-1PM"], "all_days": ["TUE"], "color": "#2a78d6"}}, {"type": "Feature", "geometry": {"type": "LineString", "coordinates": [[-74.01105521781166, 40.61332783172403], [-74.01168075249466, 40.61272381707103]]}, "properties": {"street": "14 AVENUE", "from": "86 STREET", "to": "85 STREET", "side": "E", "zone": "WED_FRI", "zone_label": "Wed/Fri", "schedules": ["FRI 8:30AM-10AM"], "all_days": ["FRI"], "color": "#eb6834"}}, {"type": "Feature", "geometry": {"type": "LineString", "coordinates": [[-74.02934510969733, 40.63487490574848], [-74.02666847673534, 40.63423546903348]]}, "properties": {"street": "71 STREET", "from": "3 AVENUE", "to": "RIDGE BOULEVARD", "side": "N", "zone": "MON_TUE", "zone_label": "Mon/Tue", "schedules": ["MON 8:30AM-10AM"], "all_days": ["MON"], "color": "#2a78d6"}}, {"type": "Feature", "geometry": {"type": "LineString", "coordinates": [[-74.01163401661408, 40.62656292890997], [-74.01221410446908, 40.626004365838966]]}, "properties": {"street": "10 AVENUE", "from": "72 STREET", "to": "71 STREET", "side": "E", "zone": "WED_THU", "zone_label": "Wed/Thu", "schedules": ["THU 9:30AM-11AM"], "all_days": ["THU"], "color": "#e34948"}}, {"type": "Feature", "geometry": {"type": "LineString", "coordinates": [[-74.00936479242876, 40.62879587306647], [-74.00716232559576, 40.62746477475147]]}, "properties": {"street": "67 STREET", "from": "10 AVENUE", "to": "11 AVENUE", "side": "S", "zone": "WED_THU", "zone_label": "Wed/Thu", "schedules": ["THU 9:30AM-11AM"], "all_days": ["THU"], "color": "#e34948"}}, {"type": "Feature", "geometry": {"type": "LineString", "coordinates": [[-74.03232983538457, 40.61740867390901], [-74.03211849884693, 40.61730333625394], [-74.03190159533841, 40.61719522598092]]}, "properties": {"street": "94 STREET", "from": "4 AVENUE", "to": "3 AVENUE", "side": "S", "zone": "MON_TUE", "zone_label": "Mon/Tue", "schedules": ["TUE 9:30AM-11AM"], "all_days": ["TUE"], "color": "#2a78d6"}}, {"type": "Feature", "geometry": {"type": "LineString", "coordinates": [[-74.020278890166, 40.62073827373391], [-74.01870879347301, 40.61981006274191]]}, "properties": {"street": "83 STREET", "from": "7 AVENUE", "to": "10 AVENUE", "side": "N", "zone": "WED_FRI", "zone_label": "Wed/Fri", "schedules": ["WED 11:30AM-1PM"], "all_days": ["WED"], "color": "#eb6834"}}, {"type": "Feature", "geometry": {"type": "LineString", "coordinates": [[-74.01106197199157, 40.61337185551112], [-74.00885889291057, 40.61203959080912]]}, "properties": {"street": "85 STREET", "from": "14 AVENUE", "to": "15 AVENUE", "side": "N", "zone": "MON_TUE", "zone_label": "Mon/Tue", "schedules": ["MON 11:30AM-1PM"], "all_days": ["MON"], "color": "#2a78d6"}}, {"type": "Feature", "geometry": {"type": "LineString", "coordinates": [[-74.01343585800612, 40.62487949503937], [-74.01123319095711, 40.62354960835637]]}, "properties": {"street": "74 STREET", "from": "11 AVENUE", "to": "10 AVENUE", "side": "S", "zone": "WED_THU", "zone_label": "Wed/Thu", "schedules": ["THU 9:30AM-11AM"], "all_days": ["THU"], "color": "#e34948"}}, {"type": "Feature", "geometry": {"type": "LineString", "coordinates": [[-74.00510909774569, 40.60142027934717], [-74.00661391009668, 40.59996631792617]]}, "properties": {"street": "19 AVENUE", "from": "19 LANE", "to": "CROPSEY AVENUE", "side": "E", "zone": "MON_TUE", "zone_label": "Mon/Tue", "schedules": ["TUE 11:30AM-1PM"], "all_days": ["TUE"], "color": "#2a78d6"}}, {"type": "Feature", "geometry": {"type": "LineString", "coordinates": [[-74.0044515387194, 40.623177005486255], [-74.0022513524924, 40.621847091118255]]}, "properties": {"street": "70 STREET", "from": "14 AVENUE", "to": "13 AVENUE", "side": "N", "zone": "WED_THU", "zone_label": "Wed/Thu", "schedules": ["WED 8:30AM-10AM"], "all_days": ["WED"], "color": "#e34948"}}, {"type": "Feature", "geometry": {"type": "LineString", "coordinates": [[-74.00230971097852, 40.62184193794751], [-74.00289086467451, 40.62128130622751]]}, "properties": {"street": "14 AVENUE", "from": "70 STREET", "to": "71 STREET", "side": "W", "zone": "WED_THU", "zone_label": "Wed/Thu", "schedules": ["WED 8:30AM-10AM"], "all_days": ["WED"], "color": "#e34948"}}, {"type": "Feature", "geometry": {"type": "LineString", "coordinates": [[-74.00716231120222, 40.62746476636669], [-74.00495910378021, 40.62613436367369]]}, "properties": {"street": "67 STREET", "from": "11 AVENUE", "to": "12 AVENUE", "side": "S", "zone": "WED_THU", "zone_label": "Wed/Thu", "schedules": ["THU 9:30AM-11AM"], "all_days": ["THU"], "color": "#e34948"}}, {"type": "Feature", "geometry": {"type": "LineString", "coordinates": [[-74.02986639091922, 40.61913563209591], [-74.02872453454123, 40.61857536713291]]}, "properties": {"street": "91 STREET", "from": "4 AVENUE", "to": "5 AVENUE", "side": "S", "zone": "MON_TUE", "zone_label": "Mon/Tue", "schedules": ["TUE 8:30AM-10AM"], "all_days": ["TUE"], "color": "#2a78d6"}}, {"type": "Feature", "geometry": {"type": "LineString", "coordinates": [[-74.01277068358075, 40.61061596124294], [-74.01379156516197, 40.609634428245855], [-74.01451581510743, 40.6089380826788]]}, "properties": {"street": "BAY    7 STREET", "from": "BATH AVENUE", "to": "BENSON AVENUE", "side": "W", "zone": "WED_FRI", "zone_label": "Wed/Fri", "schedules": ["WED 11:30AM-1PM"], "all_days": ["WED"], "color": "#eb6834"}}, {"type": "Feature", "geometry": {"type": "LineString", "coordinates": [[-74.01431341231446, 40.62727897203646], [-74.01502938760048, 40.62680073160546]]}, "properties": {"street": "FORT HAMILTON PARKWAY", "from": "73 STREET", "to": "72 STREET", "side": "E", "zone": "WED_THU", "zone_label": "Wed/Thu", "schedules": ["THU 11:30AM-1PM"], "all_days": ["THU"], "color": "#e34948"}}, {"type": "Feature", "geometry": {"type": "LineString", "coordinates": [[-74.03262282044936, 40.63187268508904], [-74.03075291479736, 40.63142957797504]]}, "properties": {"street": "76 STREET", "from": "RIDGE BOULEVARD", "to": "DEAD END", "side": "N", "zone": "THU_FRI", "zone_label": "Thu/Fri", "schedules": ["THU 9:30AM-11AM"], "all_days": ["THU"], "color": "#4a3aa7"}}, {"type": "Feature", "geometry": {"type": "LineString", "coordinates": [[-74.01887419845686, 40.6314786151122], [-74.01770431215186, 40.6309456849482]]}, "properties": {"street": "OVINGTON AVENUE", "from": "SEVENTH AVENUE", "to": "6 AVENUE", "side": "N", "zone": "OTHER", "zone_label": "Other", "schedules": ["MON 11:30AM-1PM"], "all_days": ["MON"], "color": "#898781"}}, {"type": "Feature", "geometry": {"type": "LineString", "coordinates": [[-74.03329739293386, 40.61533246528954], [-74.03309914558386, 40.61523384306998], [-74.03204482752538, 40.61470938081361]]}, "properties": {"street": "97 STREET", "from": "3 AVENUE", "to": "4 AVENUE", "side": "S", "zone": "MON_TUE", "zone_label": "Mon/Tue", "schedules": ["TUE 9:30AM-11AM"], "all_days": ["TUE"], "color": "#2a78d6"}}, {"type": "Feature", "geometry": {"type": "LineString", "coordinates": [[-74.03354243779704, 40.63910616671932], [-74.03392099796004, 40.63818485203032]]}, "properties": {"street": "NARROWS AVENUE", "from": "68 STREET", "to": "BAY RIDGE AVENUE", "side": "W", "zone": "MON_TUE", "zone_label": "Mon/Tue", "schedules": ["MON 9:30AM-11AM"], "all_days": ["MON"], "color": "#2a78d6"}}, {"type": "Feature", "geometry": {"type": "LineString", "coordinates": [[-74.00977537053338, 40.6180566416171], [-74.00757358129337, 40.6167272880741]]}, "properties": {"street": "79 STREET", "from": "13 AVENUE", "to": "14 AVENUE", "side": "N", "zone": "WED_FRI", "zone_label": "Wed/Fri", "schedules": ["WED 8:30AM-10AM"], "all_days": ["WED"], "color": "#eb6834"}}, {"type": "Feature", "geometry": {"type": "LineString", "coordinates": [[-74.03169886037162, 40.629216648210246], [-74.03199758367862, 40.628488161886246]]}, "properties": {"street": "RIDGE BOULEVARD", "from": "79 STREET", "to": "80 STREET", "side": "W", "zone": "THU_FRI", "zone_label": "Thu/Fri", "schedules": ["THU 9:30AM-11AM"], "all_days": ["THU"], "color": "#4a3aa7"}}, {"type": "Feature", "geometry": {"type": "LineString", "coordinates": [[-74.03140078077274, 40.62994802593642], [-74.03169888209274, 40.62921659613342]]}, "properties": {"street": "RIDGE BOULEVARD", "from": "78 STREET", "to": "79 STREET", "side": "W", "zone": "THU_FRI", "zone_label": "Thu/Fri", "schedules": ["THU 9:30AM-11AM"], "all_days": ["THU"], "color": "#4a3aa7"}}, {"type": "Feature", "geometry": {"type": "LineString", "coordinates": [[-74.02285021672655, 40.616513032558885], [-74.02399561172156, 40.61518622416188]]}, "properties": {"street": "PARROTT PLACE", "from": "90 STREET", "to": "92 STREET", "side": "W", "zone": "MON_TUE", "zone_label": "Mon/Tue", "schedules": ["MON 11:30AM-1PM"], "all_days": ["MON"], "color": "#2a78d6"}}, {"type": "Feature", "geometry": {"type": "LineString", "coordinates": [[-74.0036879603754, 40.64114868219579], [-74.0014832128964, 40.63981779254079]]}, "properties": {"street": "50 STREET", "from": "8 AVENUE", "to": "9 AVENUE", "side": "N", "zone": "MON_THU", "zone_label": "Mon/Thu", "schedules": ["MON 8:30AM-10AM"], "all_days": ["MON"], "color": "#eda100"}}, {"type": "Feature", "geometry": {"type": "LineString", "coordinates": [[-74.02605274537247, 40.63328061127548], [-74.02519144914646, 40.633074728204484]]}, "properties": {"street": "72 STREET", "from": "THIRD AVENUE", "to": "FOURTH AVENUE", "side": "S", "zone": "MON_TUE", "zone_label": "Mon/Tue", "schedules": ["TUE 8:30AM-10AM"], "all_days": ["TUE"], "color": "#2a78d6"}}, {"type": "Feature", "geometry": {"type": "LineString", "coordinates": [[-74.02339776248354, 40.64287203051544], [-74.02125767709853, 40.64157205234544]]}, "properties": {"street": "61 STREET", "from": "2 AVENUE", "to": "3 AVENUE", "side": "S", "zone": "OTHER", "zone_label": "Other", "schedules": ["WED 9:30AM-11AM"], "all_days": ["WED"], "color": "#898781"}}, {"type": "Feature", "geometry": {"type": "LineString", "coordinates": [[-74.01967934380814, 40.63611314122542], [-74.01748056603813, 40.63478033258443]]}, "properties": {"street": "66 STREET", "from": "6 AVENUE", "to": "5 AVENUE", "side": "N", "zone": "MON_TUE", "zone_label": "Mon/Tue", "schedules": ["MON 11:30AM-1PM"], "all_days": ["MON"], "color": "#2a78d6"}}, {"type": "Feature", "geometry": {"type": "LineString", "coordinates": [[-74.03111948720635, 40.635292500032065], [-74.030681495814, 40.63519083215664], [-74.03025681698715, 40.63509225704726]]}, "properties": {"street": "71 STREET", "from": "PERRY TERRACE", "to": "RIDGECREST TERRACE", "side": "N", "zone": "OTHER", "zone_label": "Other", "schedules": ["MON 9:30AM-11AM"], "all_days": ["MON"], "color": "#898781"}}, {"type": "Feature", "geometry": {"type": "LineString", "coordinates": [[-74.01084354358089, 40.60168991349172], [-74.0101055397909, 40.601251183398716]]}, "properties": {"street": "SHORE PARKWAY", "from": "BAY   17 STREET", "to": "BAY   16 STREET", "side": "N", "zone": "OTHER", "zone_label": "Other", "schedules": ["MON 11:30AM-1PM"], "all_days": ["MON"], "color": "#898781"}}, {"type": "Feature", "geometry": {"type": "LineString", "coordinates": [[-74.03309734785915, 40.62568527768714], [-74.03041620250116, 40.62504816213314]]}, "properties": {"street": "84 STREET", "from": "3 AVENUE", "to": "RIDGE BOULEVARD", "side": "N", "zone": "MON_TUE", "zone_label": "Mon/Tue", "schedules": ["MON 8:30AM-10AM"], "all_days": ["MON"], "color": "#2a78d6"}}, {"type": "Feature", "geometry": {"type": "LineString", "coordinates": [[-74.00943073186028, 40.62523154686703], [-74.01001069714829, 40.624674922095025]]}, "properties": {"street": "11 AVENUE", "from": "72 STREET", "to": "71 STREET", "side": "E", "zone": "WED_THU", "zone_label": "Wed/Thu", "schedules": ["THU 9:30AM-11AM"], "all_days": ["THU"], "color": "#e34948"}}, {"type": "Feature", "geometry": {"type": "LineString", "coordinates": [[-74.00205865940288, 40.6151363324461], [-74.00042458058888, 40.6141492882781]]}, "properties": {"street": "77 STREET", "from": "16 AVENUE", "to": "NEW UTRECHT AVENUE", "side": "S", "zone": "OTHER", "zone_label": "Other", "schedules": ["WED 11:30AM-1PM"], "all_days": ["WED"], "color": "#898781"}}, {"type": "Feature", "geometry": {"type": "LineString", "coordinates": [[-74.02830990531167, 40.6352947641021], [-74.02648412819713, 40.635023353519415], [-74.02641427182047, 40.63485552898329]]}, "properties": {"street": "OVINGTON AVENUE", "from": "3 AVENUE", "to": "BAY RIDGE PLACE", "side": "N", "zone": "OTHER", "zone_label": "Other", "schedules": ["MON 8:30AM-10AM"], "all_days": ["MON"], "color": "#898781"}}, {"type": "Feature", "geometry": {"type": "LineString", "coordinates": [[-74.03158845702737, 40.63669012402993], [-74.03186642062937, 40.63601010147093]]}, "properties": {"street": "COLONIAL ROAD", "from": "70 STREET", "to": "MACKAY PLACE", "side": "W", "zone": "OTHER", "zone_label": "Other", "schedules": ["MON 9:30AM-11AM"], "all_days": ["MON"], "color": "#898781"}}, {"type": "Feature", "geometry": {"type": "LineString", "coordinates": [[-74.0026989686468, 40.60959718847204], [-74.00324147493016, 40.60905433579562], [-74.00352103403922, 40.60877459392948]]}, "properties": {"street": "BAY   16 STREET", "from": "81 STREET", "to": "84 STREET", "side": "W", "zone": "OTHER", "zone_label": "Other", "schedules": ["MON 11:30AM-1PM"], "all_days": ["MON"], "color": "#898781"}}, {"type": "Feature", "geometry": {"type": "LineString", "coordinates": [[-74.01187702019311, 40.63322314478317], [-74.01250235603811, 40.632622107461174]]}, "properties": {"street": "8 AVENUE", "from": "65 STREET", "to": "64 STREET", "side": "E", "zone": "WED_THU", "zone_label": "Wed/Thu", "schedules": ["THU 11:30AM-1PM"], "all_days": ["THU"], "color": "#e34948"}}, {"type": "Feature", "geometry": {"type": "LineString", "coordinates": [[-74.0348421525878, 40.638511585849386], [-74.0338655834498, 40.63820453949339]]}, "properties": {"street": "BAY RIDGE AVENUE", "from": "NARROWS AVENUE", "to": "OWLS HEAD COURT", "side": "N", "zone": "OTHER", "zone_label": "Other", "schedules": ["MON 9:30AM-11AM"], "all_days": ["MON"], "color": "#898781"}}, {"type": "Feature", "geometry": {"type": "LineString", "coordinates": [[-74.01573532807927, 40.626278741238806], [-74.01381753153285, 40.62511175136858], [-74.01343598294567, 40.624879570403614]]}, "properties": {"street": "74 STREET", "from": "10 AVENUE", "to": "FT HAMILTON PARKWAY", "side": "S", "zone": "WED_THU", "zone_label": "Wed/Thu", "schedules": ["THU 9:30AM-11AM"], "all_days": ["THU"], "color": "#e34948"}}, {"type": "Feature", "geometry": {"type": "LineString", "coordinates": [[-74.0220036446013, 40.63102315877395], [-74.0200101036208, 40.63011013489385], [-74.0195299672199, 40.62989022961956]]}, "properties": {"street": "73 STREET", "from": "6 AVENUE", "to": "5 AVENUE", "side": "N", "zone": "MON_TUE", "zone_label": "Mon/Tue", "schedules": ["MON 11:30AM-1PM"], "all_days": ["MON"], "color": "#2a78d6"}}, {"type": "Feature", "geometry": {"type": "LineString", "coordinates": [[-74.00828636943224, 40.60790878804412], [-74.01003397680124, 40.60623188676912]]}, "properties": {"street": "BAY   13 STREET", "from": "BENSON AVENUE", "to": "BATH AVENUE", "side": "W", "zone": "MON_TUE", "zone_label": "Mon/Tue", "schedules": ["MON 11:30AM-1PM"], "all_days": ["MON"], "color": "#2a78d6"}}, {"type": "Feature", "geometry": {"type": "LineString", "coordinates": [[-74.0236831199735, 40.61692839586753], [-74.0238645703914, 40.616711761216635], [-74.02460465536397, 40.61582815110063], [-74.02480087257307, 40.6155938765075]]}, "properties": {"street": "BATTERY AVENUE", "from": "92 STREET", "to": "90 STREET", "side": "E", "zone": "MON_TUE", "zone_label": "Mon/Tue", "schedules": ["TUE 11:30AM-1PM"], "all_days": ["TUE"], "color": "#2a78d6"}}, {"type": "Feature", "geometry": {"type": "LineString", "coordinates": [[-74.00891045270498, 40.611990376169764], [-74.00671085367398, 40.61066448020077]]}, "properties": {"street": "85 STREET", "from": "15 AVENUE", "to": "16 AVENUE", "side": "S", "zone": "MON_TUE", "zone_label": "Mon/Tue", "schedules": ["TUE 11:30AM-1PM"], "all_days": ["TUE"], "color": "#2a78d6"}}, {"type": "Feature", "geometry": {"type": "LineString", "coordinates": [[-74.01719850823747, 40.62813358726021], [-74.01497634613447, 40.626801804813205]]}, "properties": {"street": "73 STREET", "from": "7 AVENUE", "to": "FT HAMILTON PARKWAY", "side": "N", "zone": "WED_THU", "zone_label": "Wed/Thu", "schedules": ["WED 11:30AM-1PM"], "all_days": ["WED"], "color": "#e34948"}}, {"type": "Feature", "geometry": {"type": "LineString", "coordinates": [[-74.03062769256586, 40.63639064736763], [-74.03109203004885, 40.63525313081262]]}, "properties": {"street": "RIDGECREST TERRACE", "from": "71 STREET", "to": "70 STREET", "side": "E", "zone": "MON_TUE", "zone_label": "Mon/Tue", "schedules": ["TUE 9:30AM-11AM"], "all_days": ["TUE"], "color": "#2a78d6"}}, {"type": "Feature", "geometry": {"type": "LineString", "coordinates": [[-74.00589307471131, 40.60182899287262], [-74.00791608873631, 40.59988539044162]]}, "properties": {"street": "BAY   20 STREET", "from": "SHORE PARKWAY", "to": "CROPSEY AVENUE", "side": "E", "zone": "MON_TUE", "zone_label": "Mon/Tue", "schedules": ["TUE 11:30AM-1PM"], "all_days": ["TUE"], "color": "#2a78d6"}}, {"type": "Feature", "geometry": {"type": "LineString", "coordinates": [[-74.02261344596194, 40.62951911625238], [-74.02025270777494, 40.62809492534038]]}, "properties": {"street": "BAY RIDGE PARKWAY", "from": "6 AVENUE", "to": "5 AVENUE", "side": "N", "zone": "MON_TUE", "zone_label": "Mon/Tue", "schedules": ["MON 11:30AM-1PM"], "all_days": ["MON"], "color": "#2a78d6"}}, {"type": "Feature", "geometry": {"type": "LineString", "coordinates": [[-74.00937728291403, 40.63907351875421], [-74.00995857397503, 40.63851312206721]]}, "properties": {"street": "7 AVENUE", "from": "57 STREET", "to": "56 STREET", "side": "E", "zone": "THU_FRI", "zone_label": "Thu/Fri", "schedules": ["THU 11:30AM-1PM"], "all_days": ["THU"], "color": "#4a3aa7"}}, {"type": "Feature", "geometry": {"type": "LineString", "coordinates": [[-74.01672988758585, 40.63232251586049], [-74.01701181319685, 40.63163557623948]]}, "properties": {"street": "7 AVENUE", "from": "68 STREET", "to": "BAY RIDGE AVENUE", "side": "W", "zone": "MON_THU", "zone_label": "Mon/Thu", "schedules": ["MON 11:30AM-1PM"], "all_days": ["MON"], "color": "#eda100"}}, {"type": "Feature", "geometry": {"type": "LineString", "coordinates": [[-74.00418733474889, 40.6046370926031], [-74.00343386590289, 40.604241734540096]]}, "properties": {"street": "BENSON AVENUE", "from": "BAY   20 STREET", "to": "BAY   19 STREET", "side": "S", "zone": "OTHER", "zone_label": "Other", "schedules": ["TUE 8:30AM-10AM"], "all_days": ["TUE"], "color": "#898781"}}, {"type": "Feature", "geometry": {"type": "LineString", "coordinates": [[-74.00985624358884, 40.60885427775239], [-74.01159990122984, 40.60717647916439]]}, "properties": {"street": "BAY   11 STREET", "from": "BATH AVENUE", "to": "BENSON AVENUE", "side": "W", "zone": "MON_TUE", "zone_label": "Mon/Tue", "schedules": ["MON 11:30AM-1PM"], "all_days": ["MON"], "color": "#2a78d6"}}, {"type": "Feature", "geometry": {"type": "LineString", "coordinates": [[-74.01359915617097, 40.62771151499012], [-74.01169237373797, 40.62655780737012]]}, "properties": {"street": "71 STREET", "from": "FT HAMILTON PARKWAY", "to": "10 AVENUE", "side": "S", "zone": "WED_THU", "zone_label": "Wed/Thu", "schedules": ["THU 9:30AM-11AM"], "all_days": ["THU"], "color": "#e34948"}}, {"type": "Feature", "geometry": {"type": "LineString", "coordinates": [[-74.02626788284329, 40.61636357861473], [-74.02615579918229, 40.61630613927073]]}, "properties": {"street": "92 STREET", "from": "DAHLGREEN PLACE", "to": "GATLING PLACE", "side": "N", "zone": "MON_TUE", "zone_label": "Mon/Tue", "schedules": ["MON 11:30AM-1PM"], "all_days": ["MON"], "color": "#2a78d6"}}, {"type": "Feature", "geometry": {"type": "LineString", "coordinates": [[-74.03202902002087, 40.62107534302584], [-74.03019012191187, 40.62018298374884]]}, "properties": {"street": "90 STREET", "from": "FOREST PLACE", "to": "3 AVENUE", "side": "N", "zone": "OTHER", "zone_label": "Other", "schedules": ["MON 8:30AM-10AM"], "all_days": ["MON"], "color": "#898781"}}, {"type": "Feature", "geometry": {"type": "LineString", "coordinates": [[-74.02985995403522, 40.6264116651998], [-74.02714191982722, 40.625765082041795]]}, "properties": {"street": "82 STREET", "from": "4 AVENUE", "to": "3 AVENUE", "side": "N", "zone": "MON_TUE", "zone_label": "Mon/Tue", "schedules": ["MON 8:30AM-10AM"], "all_days": ["MON"], "color": "#2a78d6"}}, {"type": "Feature", "geometry": {"type": "LineString", "coordinates": [[-74.01002733502702, 40.60618780564547], [-74.00921935554602, 40.605698160359466]]}, "properties": {"street": "BATH AVENUE", "from": "BAY   13 STREET", "to": "BAY   14 STREET", "side": "S", "zone": "MON_TUE", "zone_label": "Mon/Tue", "schedules": ["MON 11:30AM-1PM"], "all_days": ["MON"], "color": "#2a78d6"}}, {"type": "Feature", "geometry": {"type": "LineString", "coordinates": [[-74.01423670147257, 40.62071243893247], [-74.01481869004256, 40.620152493747476]]}, "properties": {"street": "11 AVENUE", "from": "79 STREET", "to": "80 STREET", "side": "W", "zone": "WED_FRI", "zone_label": "Wed/Fri", "schedules": ["WED 9:30AM-11AM"], "all_days": ["WED"], "color": "#eb6834"}}, {"type": "Feature", "geometry": {"type": "LineString", "coordinates": [[-74.03363669194046, 40.617200726204274], [-74.03115006885345, 40.61597583128927]]}, "properties": {"street": "95 STREET", "from": "3 AVENUE", "to": "4 AVENUE", "side": "S", "zone": "MON_TUE", "zone_label": "Mon/Tue", "schedules": ["TUE 9:30AM-11AM"], "all_days": ["TUE"], "color": "#2a78d6"}}, {"type": "Feature", "geometry": {"type": "LineString", "coordinates": [[-74.00966392268693, 40.62166214228762], [-74.01029122719993, 40.62105995529062]]}, "properties": {"street": "12 AVENUE", "from": "BAYRIDGE PARKWAY", "to": "76 STREET", "side": "W", "zone": "OTHER", "zone_label": "Other", "schedules": ["WED 8:30AM-10AM"], "all_days": ["WED"], "color": "#898781"}}, {"type": "Feature", "geometry": {"type": "LineString", "coordinates": [[-74.00652405955624, 40.64186789273454], [-74.00563658257155, 40.6413328781715], [-74.00432117043205, 40.64053984878379]]}, "properties": {"street": "51 STREET", "from": "8 AVENUE", "to": "7 AVENUE", "side": "S", "zone": "OTHER", "zone_label": "Other", "schedules": ["TUE 11:30AM-1PM"], "all_days": ["TUE"], "color": "#898781"}}, {"type": "Feature", "geometry": {"type": "LineString", "coordinates": [[-74.025725460088, 40.636500506147634], [-74.023215269315, 40.635353914554635]]}, "properties": {"street": "68 STREET", "from": "4 AVENUE", "to": "3 AVENUE", "side": "N", "zone": "MON_TUE", "zone_label": "Mon/Tue", "schedules": ["MON 8:30AM-10AM"], "all_days": ["MON"], "color": "#2a78d6"}}, {"type": "Feature", "geometry": {"type": "LineString", "coordinates": [[-74.00716117767846, 40.60638757286518], [-74.00641213357846, 40.60594100287718]]}, "properties": {"street": "RUTHERFORD PLACE", "from": "BAY   16 STREET", "to": "17 AVENUE", "side": "S", "zone": "MON_TUE", "zone_label": "Mon/Tue", "schedules": ["TUE 11:30AM-1PM"], "all_days": ["TUE"], "color": "#2a78d6"}}, {"type": "Feature", "geometry": {"type": "LineString", "coordinates": [[-74.00765262898503, 40.604751868210116], [-74.00693746394202, 40.604321860409115]]}, "properties": {"street": "BATH AVENUE", "from": "BAY   16 STREET", "to": "BAY   17 STREET", "side": "S", "zone": "OTHER", "zone_label": "Other", "schedules": ["MON/TUE/THU/FRI 7:30AM-8AM"], "all_days": ["MON", "TUE", "THU", "FRI"], "color": "#898781"}}, {"type": "Feature", "geometry": {"type": "LineString", "coordinates": [[-74.00671232673487, 40.62450071420143], [-74.00729350227186, 40.62394257280843]]}, "properties": {"street": "12 AVENUE", "from": "70 STREET", "to": "71 STREET", "side": "W", "zone": "WED_THU", "zone_label": "Wed/Thu", "schedules": ["WED 8:30AM-10AM"], "all_days": ["WED"], "color": "#e34948"}}, {"type": "Feature", "geometry": {"type": "LineString", "coordinates": [[-74.00496584424408, 40.62617843223246], [-74.00568861639108, 40.62548256701145]]}, "properties": {"street": "12 AVENUE", "from": "67 STREET", "to": "OVINGTON AVENUE", "side": "W", "zone": "WED_THU", "zone_label": "Wed/Thu", "schedules": ["WED 8:30AM-10AM"], "all_days": ["WED"], "color": "#e34948"}}, {"type": "Feature", "geometry": {"type": "LineString", "coordinates": [[-74.03468265530115, 40.636105783306526], [-74.03496057312215, 40.63542515847953]]}, "properties": {"street": "NARROWS AVENUE", "from": "72 STREET", "to": "71 STREET", "side": "E", "zone": "MON_TUE", "zone_label": "Mon/Tue", "schedules": ["TUE 9:30AM-11AM"], "all_days": ["TUE"], "color": "#2a78d6"}}, {"type": "Feature", "geometry": {"type": "LineString", "coordinates": [[-74.00606440286222, 40.625021638815845], [-74.00664732495522, 40.624461726171845]]}, "properties": {"street": "12 AVENUE", "from": "70 STREET", "to": "BAY RIDGE AVENUE", "side": "E", "zone": "WED_THU", "zone_label": "Wed/Thu", "schedules": ["THU 8:30AM-10AM"], "all_days": ["THU"], "color": "#e34948"}}, {"type": "Feature", "geometry": {"type": "LineString", "coordinates": [[-74.0060481953576, 40.61135277416079], [-74.00640286903243, 40.61101146609012], [-74.0067176159819, 40.610708575807216]]}, "properties": {"street": "16 AVENUE", "from": "84 STREET", "to": "85 STREET", "side": "W", "zone": "MON_TUE", "zone_label": "Mon/Tue", "schedules": ["TUE 11:30AM-1PM"], "all_days": ["TUE"], "color": "#2a78d6"}}, {"type": "Feature", "geometry": {"type": "LineString", "coordinates": [[-74.01185954403849, 40.622947991134524], [-74.00965721991749, 40.621618037774525]]}, "properties": {"street": "BAY RIDGE PARKWAY", "from": "11 AVENUE", "to": "12 AVENUE", "side": "S", "zone": "WED_FRI", "zone_label": "Wed/Fri", "schedules": ["FRI 9:30AM-11AM"], "all_days": ["FRI"], "color": "#eb6834"}}, {"type": "Feature", "geometry": {"type": "LineString", "coordinates": [[-74.02449954628263, 40.63220227779365], [-74.02200315594463, 40.63102293160065]]}, "properties": {"street": "73 STREET", "from": "5 AVENUE", "to": "4 AVENUE", "side": "N", "zone": "MON_TUE", "zone_label": "Mon/Tue", "schedules": ["MON 8:30AM-10AM"], "all_days": ["MON"], "color": "#2a78d6"}}, {"type": "Feature", "geometry": {"type": "LineString", "coordinates": [[-74.01059960839856, 40.62415833754208], [-74.00839748241957, 40.622828253459076]]}, "properties": {"street": "73 STREET", "from": "11 AVENUE", "to": "12 AVENUE", "side": "N", "zone": "WED_THU", "zone_label": "Wed/Thu", "schedules": ["WED 9:30AM-11AM"], "all_days": ["WED"], "color": "#e34948"}}, {"type": "Feature", "geometry": {"type": "LineString", "coordinates": [[-74.01315196794489, 40.63204659453536], [-74.01094577145389, 40.630714696723366]]}, "properties": {"street": "66 STREET", "from": "9 AVENUE", "to": "8 AVENUE", "side": "N", "zone": "OTHER", "zone_label": "Other", "schedules": ["WED 11:30AM-1PM"], "all_days": ["WED"], "color": "#898781"}}, {"type": "Feature", "geometry": {"type": "LineString", "coordinates": [[-74.00810409017379, 40.630006636959806], [-74.00590188014779, 40.6286769198598]]}, "properties": {"street": "65 STREET", "from": "11 AVENUE", "to": "10 AVENUE", "side": "N", "zone": "WED_THU", "zone_label": "Wed/Thu", "schedules": ["WED 9:30AM-11AM"], "all_days": ["WED"], "color": "#e34948"}}, {"type": "Feature", "geometry": {"type": "LineString", "coordinates": [[-74.0341744357803, 40.63746243711535], [-74.0324467355725, 40.63692521926671], [-74.03216270593899, 40.63683689564933]]}, "properties": {"street": "70 STREET", "from": "DEAD END", "to": "NARROWS AVENUE", "side": "S", "zone": "MON_TUE", "zone_label": "Mon/Tue", "schedules": ["TUE 9:30AM-11AM"], "all_days": ["TUE"], "color": "#2a78d6"}}, {"type": "Feature", "geometry": {"type": "LineString", "coordinates": [[-74.00936874887458, 40.61499872471623], [-74.00908978346637, 40.6148300168028], [-74.00754349673099, 40.61389482020239], [-74.0071695980066, 40.61366867823158]]}, "properties": {"street": "82 STREET", "from": "15 AVENUE", "to": "14 AVENUE", "side": "S", "zone": "MON_TUE", "zone_label": "Mon/Tue", "schedules": ["TUE 11:30AM-1PM"], "all_days": ["TUE"], "color": "#2a78d6"}}, {"type": "Feature", "geometry": {"type": "LineString", "coordinates": [[-74.00989051017295, 40.64208049439847], [-74.00768653007296, 40.640748723619474]]}, "properties": {"street": "53 STREET", "from": "6 AVENUE", "to": "5 AVENUE", "side": "S", "zone": "WED_THU", "zone_label": "Wed/Thu", "schedules": ["WED 8:30AM-10AM"], "all_days": ["WED"], "color": "#e34948"}}, {"type": "Feature", "geometry": {"type": "LineString", "coordinates": [[-74.02325802392627, 40.63530004981885], [-74.02074462122027, 40.63415030594085]]}, "properties": {"street": "68 STREET", "from": "5 AVENUE", "to": "4 AVENUE", "side": "S", "zone": "MON_TUE", "zone_label": "Mon/Tue", "schedules": ["TUE 8:30AM-10AM"], "all_days": ["TUE"], "color": "#2a78d6"}}, {"type": "Feature", "geometry": {"type": "LineString", "coordinates": [[-74.00717121723982, 40.599485716739196], [-74.00496778868582, 40.59816228151719]]}, "properties": {"street": "SHORE PARKWAY", "from": "20 AVENUE", "to": "19 AVENUE", "side": "N", "zone": "OTHER", "zone_label": "Other", "schedules": ["MON 11:30AM-1PM"], "all_days": ["MON"], "color": "#898781"}}, {"type": "Feature", "geometry": {"type": "LineString", "coordinates": [[-74.01650530119223, 40.61847986178499], [-74.01430312687422, 40.61715016966299]]}, "properties": {"street": "83 STREET", "from": "11 AVENUE", "to": "12 AVENUE", "side": "N", "zone": "WED_FRI", "zone_label": "Wed/Fri", "schedules": ["WED 9:30AM-11AM"], "all_days": ["WED"], "color": "#eb6834"}}, {"type": "Feature", "geometry": {"type": "LineString", "coordinates": [[-74.03403054180036, 40.63060326869356], [-74.03134887277037, 40.62996875107256]]}, "properties": {"street": "78 STREET", "from": "COLONIAL ROAD", "to": "NARROWS AVENUE", "side": "N", "zone": "THU_FRI", "zone_label": "Thu/Fri", "schedules": ["THU 9:30AM-11AM"], "all_days": ["THU"], "color": "#4a3aa7"}}, {"type": "Feature", "geometry": {"type": "LineString", "coordinates": [[-74.02271166787618, 40.61812270566601], [-74.02180881965619, 40.61767805953601]]}, "properties": {"street": "88 STREET", "from": "BATTERY AVENUE", "to": "PARROTT PLACE", "side": "N", "zone": "MON_TUE", "zone_label": "Mon/Tue", "schedules": ["MON 11:30AM-1PM"], "all_days": ["MON"], "color": "#2a78d6"}}, {"type": "Feature", "geometry": {"type": "LineString", "coordinates": [[-74.02773255849529, 40.63987789288948], [-74.02697932274629, 40.63942955025548]]}, "properties": {"street": "WAKEMAN PLACE", "from": "BERGEN PLACE", "to": "RIDGE BOULEVARD", "side": "S", "zone": "MON_TUE", "zone_label": "Mon/Tue", "schedules": ["TUE 9:30AM-11AM"], "all_days": ["TUE"], "color": "#2a78d6"}}, {"type": "Feature", "geometry": {"type": "LineString", "coordinates": [[-74.03165273977048, 40.622026702852544], [-74.03116521460068, 40.621911055830594], [-74.03008094439903, 40.621653832109274], [-74.02893678170827, 40.621382393660454]]}, "properties": {"street": "88 STREET", "from": "3 AVENUE", "to": "4 AVENUE", "side": "S", "zone": "MON_TUE", "zone_label": "Mon/Tue", "schedules": ["TUE 8:30AM-10AM"], "all_days": ["TUE"], "color": "#2a78d6"}}, {"type": "Feature", "geometry": {"type": "LineString", "coordinates": [[-74.00979121846916, 40.608815328105614], [-74.01153487611016, 40.60713752951761]]}, "properties": {"street": "BAY   11 STREET", "from": "BATH AVENUE", "to": "BENSON AVENUE", "side": "E", "zone": "MON_TUE", "zone_label": "Mon/Tue", "schedules": ["TUE 11:30AM-1PM"], "all_days": ["TUE"], "color": "#2a78d6"}}, {"type": "Feature", "geometry": {"type": "LineString", "coordinates": [[-74.03282122625387, 40.62636727295848], [-74.03061264348943, 40.62584197898441], [-74.03013836557244, 40.62572916976163]]}, "properties": {"street": "83 STREET", "from": "COLONIAL ROAD", "to": "RIDGE BOULEVARD", "side": "N", "zone": "MON_TUE", "zone_label": "Mon/Tue", "schedules": ["MON 9:30AM-11AM"], "all_days": ["MON"], "color": "#2a78d6"}}, {"type": "Feature", "geometry": {"type": "LineString", "coordinates": [[-74.0035296877146, 40.63095581129118], [-74.00132471249161, 40.62963087881118]]}, "properties": {"street": "61 STREET", "from": "12 AVENUE", "to": "11 AVENUE", "side": "N", "zone": "OTHER", "zone_label": "Other", "schedules": ["MON 8:30AM-10AM"], "all_days": ["MON"], "color": "#898781"}}, {"type": "Feature", "geometry": {"type": "LineString", "coordinates": [[-74.02087072933047, 40.626575995246995], [-74.01923956197147, 40.62560926565999]]}, "properties": {"street": "77 STREET", "from": "6 AVENUE", "to": "7 AVENUE", "side": "N", "zone": "MON_TUE", "zone_label": "Mon/Tue", "schedules": ["MON 11:30AM-1PM"], "all_days": ["MON"], "color": "#2a78d6"}}, {"type": "Feature", "geometry": {"type": "LineString", "coordinates": [[-74.02724366769543, 40.6328143877972], [-74.02453425268443, 40.6321456864402]]}, "properties": {"street": "73 STREET", "from": "4 AVENUE", "to": "3 AVENUE", "side": "S", "zone": "MON_TUE", "zone_label": "Mon/Tue", "schedules": ["TUE 8:30AM-10AM"], "all_days": ["TUE"], "color": "#2a78d6"}}, {"type": "Feature", "geometry": {"type": "LineString", "coordinates": [[-74.0293364106106, 40.6205044785582], [-74.0296049345776, 40.6198501095112]]}, "properties": {"street": "4 AVENUE", "from": "FOREST PLACE", "to": "90 STREET", "side": "W", "zone": "OTHER", "zone_label": "Other", "schedules": ["MON 8:30AM-10AM"], "all_days": ["MON"], "color": "#898781"}}, {"type": "Feature", "geometry": {"type": "LineString", "coordinates": [[-74.0280450046476, 40.638161745145354], [-74.02832049479959, 40.637485144772356]]}, "properties": {"street": "RIDGE BOULEVARD", "from": "SENATOR STREET", "to": "68 STREET", "side": "W", "zone": "MON_TUE", "zone_label": "Mon/Tue", "schedules": ["MON 9:30AM-11AM"], "all_days": ["MON"], "color": "#2a78d6"}}, {"type": "Feature", "geometry": {"type": "LineString", "coordinates": [[-74.0047886985933, 40.61595529771203], [-74.00298752694016, 40.61486800724873], [-74.00258907442972, 40.61462746895899]]}, "properties": {"street": "78 STREET", "from": "16 AVENUE", "to": "15 AVENUE", "side": "N", "zone": "THU_FRI", "zone_label": "Thu/Fri", "schedules": ["THU 11:30AM-1PM"], "all_days": ["THU"], "color": "#4a3aa7"}}, {"type": "Feature", "geometry": {"type": "LineString", "coordinates": [[-74.02992737509024, 40.633452346271746], [-74.02724323890524, 40.632814283890745]]}, "properties": {"street": "73 STREET", "from": "3 AVENUE", "to": "RIDGE BOULEVARD", "side": "S", "zone": "MON_TUE", "zone_label": "Mon/Tue", "schedules": ["TUE 8:30AM-10AM"], "all_days": ["TUE"], "color": "#2a78d6"}}, {"type": "Feature", "geometry": {"type": "LineString", "coordinates": [[-74.00264081465112, 40.63865585400405], [-74.00322140267612, 40.638093104924046]]}, "properties": {"street": "9 AVENUE", "from": "53 STREET", "to": "52 STREET", "side": "E", "zone": "MON_THU", "zone_label": "Mon/Thu", "schedules": ["THU 9:30AM-11AM"], "all_days": ["THU"], "color": "#eda100"}}, {"type": "Feature", "geometry": {"type": "LineString", "coordinates": [[-74.00630748336845, 40.63168237029097], [-74.00688969286644, 40.63112257379297]]}, "properties": {"street": "10 AVENUE", "from": "63 STREET", "to": "62 STREET", "side": "E", "zone": "WED_THU", "zone_label": "Wed/Thu", "schedules": ["THU 9:30AM-11AM"], "all_days": ["THU"], "color": "#e34948"}}, {"type": "Feature", "geometry": {"type": "LineString", "coordinates": [[-74.0091932569147, 40.61861507705357], [-74.0069908458277, 40.61728678398957]]}, "properties": {"street": "78 STREET", "from": "14 AVENUE", "to": "13 AVENUE", "side": "N", "zone": "WED_FRI", "zone_label": "Wed/Fri", "schedules": ["WED 8:30AM-10AM"], "all_days": ["WED"], "color": "#eb6834"}}, {"type": "Feature", "geometry": {"type": "LineString", "coordinates": [[-74.02836898594, 40.6300609757064], [-74.02564905730502, 40.6294159427624]]}, "properties": {"street": "77 STREET", "from": "3 AVENUE", "to": "4 AVENUE", "side": "N", "zone": "THU_FRI", "zone_label": "Thu/Fri", "schedules": ["THU 8:30AM-10AM"], "all_days": ["THU"], "color": "#4a3aa7"}}, {"type": "Feature", "geometry": {"type": "LineString", "coordinates": [[-74.0338970869295, 40.638146379502345], [-74.0321073496155, 40.637592596860344]]}, "properties": {"street": "BAY RIDGE AVENUE", "from": "SHORE ROAD", "to": "NARROWS AVENUE", "side": "S", "zone": "MON_TUE", "zone_label": "Mon/Tue", "schedules": ["TUE 9:30AM-11AM"], "all_days": ["TUE"], "color": "#2a78d6"}}, {"type": "Feature", "geometry": {"type": "LineString", "coordinates": [[-74.0092447900553, 40.61856584355443], [-74.00704237896831, 40.61723755049043]]}, "properties": {"street": "78 STREET", "from": "14 AVENUE", "to": "13 AVENUE", "side": "S", "zone": "WED_FRI", "zone_label": "Wed/Fri", "schedules": ["FRI 8:30AM-10AM"], "all_days": ["FRI"], "color": "#eb6834"}}, {"type": "Feature", "geometry": {"type": "LineString", "coordinates": [[-74.00219664951156, 40.62873997283632], [-74.00248326302857, 40.62846301218833]]}, "properties": {"street": "12 AVENUE", "from": "63 STREET", "to": "TABOR COURT", "side": "E", "zone": "OTHER", "zone_label": "Other", "schedules": ["THU 8:30AM-10AM"], "all_days": ["THU"], "color": "#898781"}}, {"type": "Feature", "geometry": {"type": "LineString", "coordinates": [[-74.00792315705537, 40.59992970452257], [-74.00717148664337, 40.599485877476575]]}, "properties": {"street": "SHORE PARKWAY", "from": "19 AVENUE", "to": "BAY   20 STREET", "side": "N", "zone": "OTHER", "zone_label": "Other", "schedules": ["MON 11:30AM-1PM"], "all_days": ["MON"], "color": "#898781"}}, {"type": "Feature", "geometry": {"type": "LineString", "coordinates": [[-74.02514757962798, 40.6411938505045], [-74.02347506843799, 40.6401674775705]]}, "properties": {"street": "64 STREET", "from": "2 AVENUE", "to": "3 AVENUE", "side": "S", "zone": "OTHER", "zone_label": "Other", "schedules": ["TUE/FRI 12AM-3AM"], "all_days": ["TUE", "FRI"], "color": "#898781"}}, {"type": "Feature", "geometry": {"type": "LineString", "coordinates": [[-74.00387176776007, 40.637573617180706], [-74.0041448782485, 40.637310646804806], [-74.00445432169943, 40.637012671190334]]}, "properties": {"street": "9 AVENUE", "from": "54 STREET", "to": "55 STREET", "side": "W", "zone": "MON_THU", "zone_label": "Mon/Thu", "schedules": ["MON 9:30AM-11AM"], "all_days": ["MON"], "color": "#eda100"}}, {"type": "Feature", "geometry": {"type": "LineString", "coordinates": [[-74.01435470489214, 40.61710096362352], [-74.01215372983214, 40.61577121896352]]}, "properties": {"street": "83 STREET", "from": "12 AVENUE", "to": "13 AVENUE", "side": "S", "zone": "WED_FRI", "zone_label": "Wed/Fri", "schedules": ["FRI 8:30AM-10AM"], "all_days": ["FRI"], "color": "#eb6834"}}, {"type": "Feature", "geometry": {"type": "LineString", "coordinates": [[-74.00728681673266, 40.6238984884594], [-74.00508496581067, 40.62256680901741]]}, "properties": {"street": "71 STREET", "from": "12 AVENUE", "to": "13 AVENUE", "side": "S", "zone": "WED_THU", "zone_label": "Wed/Thu", "schedules": ["THU 8:30AM-10AM"], "all_days": ["THU"], "color": "#e34948"}}, {"type": "Feature", "geometry": {"type": "LineString", "coordinates": [[-74.0160961643929, 40.629217244325936], [-74.01359910351991, 40.62771148291794]]}, "properties": {"street": "71 STREET", "from": "8 AVENUE", "to": "FT HAMILTON PARKWAY", "side": "S", "zone": "WED_THU", "zone_label": "Wed/Thu", "schedules": ["THU 11:30AM-1PM"], "all_days": ["THU"], "color": "#e34948"}}, {"type": "Feature", "geometry": {"type": "LineString", "coordinates": [[-74.00037499042602, 40.640933068363864], [-74.00095918699003, 40.64037365408986]]}, "properties": {"street": "9 AVENUE", "from": "47 STREET", "to": "48 STREET", "side": "W", "zone": "MON_THU", "zone_label": "Mon/Thu", "schedules": ["MON 8:30AM-10AM"], "all_days": ["MON"], "color": "#eda100"}}, {"type": "Feature", "geometry": {"type": "LineString", "coordinates": [[-74.01285439544522, 40.62543935181054], [-74.01065118980821, 40.62410913028254]]}, "properties": {"street": "73 STREET", "from": "10 AVENUE", "to": "11 AVENUE", "side": "S", "zone": "WED_THU", "zone_label": "Wed/Thu", "schedules": ["THU 9:30AM-11AM"], "all_days": ["THU"], "color": "#e34948"}}, {"type": "Feature", "geometry": {"type": "LineString", "coordinates": [[-74.00997918006507, 40.630146075890536], [-74.00872962548907, 40.629404212856535]]}, "properties": {"street": "66 STREET", "from": "10 AVENUE", "to": "FT HAMILTON PARKWAY", "side": "N", "zone": "WED_THU", "zone_label": "Wed/Thu", "schedules": ["WED 9:30AM-11AM"], "all_days": ["WED"], "color": "#e34948"}}, {"type": "Feature", "geometry": {"type": "LineString", "coordinates": [[-74.00411280154428, 40.630396803899416], [-74.0036614932655, 40.63012461891745], [-74.00303706036055, 40.629748012914796], [-74.00190563385281, 40.62906560517791]]}, "properties": {"street": "62 STREET", "from": "12 AVENUE", "to": "13 AVENUE", "side": "N", "zone": "WED_THU", "zone_label": "Wed/Thu", "schedules": ["WED 8:30AM-10AM"], "all_days": ["WED"], "color": "#e34948"}}, {"type": "Feature", "geometry": {"type": "LineString", "coordinates": [[-74.015522469632, 40.62981981575769], [-74.016102920253, 40.629261332879686]]}, "properties": {"street": "8 AVENUE", "from": "70 STREET", "to": "71 STREET", "side": "W", "zone": "WED_THU", "zone_label": "Wed/Thu", "schedules": ["WED 11:30AM-1PM"], "all_days": ["WED"], "color": "#e34948"}}, {"type": "Feature", "geometry": {"type": "LineString", "coordinates": [[-74.00019688701282, 40.60051943239317], [-74.00146711159282, 40.59927607227617]]}, "properties": {"street": "BAY   26 STREET", "from": "BATH AVENUE", "to": "BENSON AVENUE", "side": "W", "zone": "OTHER", "zone_label": "Other", "schedules": ["WED 9:30AM-11AM"], "all_days": ["WED"], "color": "#898781"}}, {"type": "Feature", "geometry": {"type": "LineString", "coordinates": [[-74.02009626437165, 40.63911989183413], [-74.01790692678064, 40.637813925328125]]}, "properties": {"street": "63 STREET", "from": "5 AVENUE", "to": "4 AVENUE", "side": "N", "zone": "WED_THU", "zone_label": "Wed/Thu", "schedules": ["THU 9:30AM-11AM"], "all_days": ["THU"], "color": "#e34948"}}, {"type": "Feature", "geometry": {"type": "LineString", "coordinates": [[-74.03434508875014, 40.63935147353027], [-74.03481966060414, 40.63847064115727]]}, "properties": {"street": "OWLS HEAD COURT", "from": "BAY RIDGE AVENUE", "to": "68 STREET", "side": "E", "zone": "MON_TUE", "zone_label": "Mon/Tue", "schedules": ["TUE 9:30AM-11AM"], "all_days": ["TUE"], "color": "#2a78d6"}}, {"type": "Feature", "geometry": {"type": "LineString", "coordinates": [[-74.0138004774804, 40.60850659063869], [-74.0155321387474, 40.60686942874669]]}, "properties": {"street": "BAY    8 STREET", "from": "BATH AVENUE", "to": "CROPSEY AVENUE", "side": "W", "zone": "WED_FRI", "zone_label": "Wed/Fri", "schedules": ["WED 11:30AM-1PM"], "all_days": ["WED"], "color": "#eb6834"}}, {"type": "Feature", "geometry": {"type": "LineString", "coordinates": [[-74.0065980927505, 40.638347628328624], [-74.0043959805295, 40.63701781236662]]}, "properties": {"street": "55 STREET", "from": "9 AVENUE", "to": "8 AVENUE", "side": "N", "zone": "MON_THU", "zone_label": "Mon/Thu", "schedules": ["MON 9:30AM-11AM"], "all_days": ["MON"], "color": "#eda100"}}, {"type": "Feature", "geometry": {"type": "LineString", "coordinates": [[-74.01370175606957, 40.63151895074017], [-74.01149684327056, 40.630188918150175]]}, "properties": {"street": "67 STREET", "from": "8 AVENUE", "to": "FT HAMILTON PARKWAY", "side": "N", "zone": "OTHER", "zone_label": "Other", "schedules": ["WED 11:30AM-1PM"], "all_days": ["WED"], "color": "#898781"}}, {"type": "Feature", "geometry": {"type": "LineString", "coordinates": [[-74.03019003438207, 40.62018294110417], [-74.02954298783408, 40.619867206747166]]}, "properties": {"street": "90 STREET", "from": "4 AVENUE", "to": "FOREST PLACE", "side": "N", "zone": "OTHER", "zone_label": "Other", "schedules": ["MON 8:30AM-10AM"], "all_days": ["MON"], "color": "#898781"}}, {"type": "Feature", "geometry": {"type": "LineString", "coordinates": [[-74.01478117052777, 40.63394517988726], [-74.01256051727276, 40.632616898301265]]}, "properties": {"street": "65 STREET", "from": "7 AVENUE", "to": "8 AVENUE", "side": "S", "zone": "DAILY", "zone_label": "Daily (except Sun)", "schedules": ["TUE/THU/SAT 7:30AM-8AM"], "all_days": ["TUE", "THU", "SAT"], "color": "#e87ba4"}}, {"type": "Feature", "geometry": {"type": "LineString", "coordinates": [[-74.03470996086645, 40.636145119915376], [-74.03368160247426, 40.635903168115334], [-74.03315200398842, 40.63577855489972], [-74.03202549777944, 40.63551349114391]]}, "properties": {"street": "71 STREET", "from": "COLONIAL ROAD", "to": "NARROWS AVENUE", "side": "N", "zone": "MON_TUE", "zone_label": "Mon/Tue", "schedules": ["MON 9:30AM-11AM"], "all_days": ["MON"], "color": "#2a78d6"}}, {"type": "Feature", "geometry": {"type": "LineString", "coordinates": [[-74.02714224461558, 40.62576515819392], [-74.0270019434845, 40.625730617294856], [-74.02472590715723, 40.624353559000504]]}, "properties": {"street": "82 STREET", "from": "5 AVENUE", "to": "4 AVENUE", "side": "N", "zone": "MON_TUE", "zone_label": "Mon/Tue", "schedules": ["MON 8:30AM-10AM"], "all_days": ["MON"], "color": "#2a78d6"}}, {"type": "Feature", "geometry": {"type": "LineString", "coordinates": [[-74.02236425043776, 40.62292880652475], [-74.02162567316076, 40.62248144326675]]}, "properties": {"street": "82 STREET", "from": "7 AVENUE", "to": "6 AVENUE", "side": "N", "zone": "THU_FRI", "zone_label": "Thu/Fri", "schedules": ["THU 11:30AM-1PM"], "all_days": ["THU"], "color": "#4a3aa7"}}, {"type": "Feature", "geometry": {"type": "LineString", "coordinates": [[-74.01110862466892, 40.62711764845354], [-74.00890639033592, 40.62578611454654]]}, "properties": {"street": "70 STREET", "from": "11 AVENUE", "to": "10 AVENUE", "side": "S", "zone": "WED_THU", "zone_label": "Wed/Thu", "schedules": ["THU 9:30AM-11AM"], "all_days": ["THU"], "color": "#e34948"}}, {"type": "Feature", "geometry": {"type": "LineString", "coordinates": [[-74.01215372944999, 40.61577121898567], [-74.01035814380245, 40.61468637491654], [-74.00995080981961, 40.614440262950616]]}, "properties": {"street": "83 STREET", "from": "13 AVENUE", "to": "14 AVENUE", "side": "S", "zone": "WED_FRI", "zone_label": "Wed/Fri", "schedules": ["FRI 8:30AM-10AM"], "all_days": ["FRI"], "color": "#eb6834"}}, {"type": "Feature", "geometry": {"type": "LineString", "coordinates": [[-74.01145386750149, 40.619941153144865], [-74.01203626635049, 40.619380668613864]]}, "properties": {"street": "12 AVENUE", "from": "78 STREET", "to": "79 STREET", "side": "W", "zone": "WED_FRI", "zone_label": "Wed/Fri", "schedules": ["WED 8:30AM-10AM"], "all_days": ["WED"], "color": "#eb6834"}}, {"type": "Feature", "geometry": {"type": "LineString", "coordinates": [[-74.0122050610458, 40.60230107232091], [-74.01159867340881, 40.602149469230916]]}, "properties": {"street": "SHORE PARKWAY", "from": "BAY   16 STREET", "to": "BAY   14 STREET", "side": "N", "zone": "MON_TUE", "zone_label": "Mon/Tue", "schedules": ["MON 11:30AM-1PM"], "all_days": ["MON"], "color": "#2a78d6"}}, {"type": "Feature", "geometry": {"type": "LineString", "coordinates": [[-74.00925699501809, 40.642689161271846], [-74.00705442621708, 40.641358099707844]]}, "properties": {"street": "52 STREET", "from": "5 AVENUE", "to": "6 AVENUE", "side": "N", "zone": "WED_THU", "zone_label": "Wed/Thu", "schedules": ["THU 8:30AM-10AM"], "all_days": ["THU"], "color": "#e34948"}}, {"type": "Feature", "geometry": {"type": "LineString", "coordinates": [[-74.02837432229164, 40.64031055311241], [-74.02856490221895, 40.640127656068316], [-74.02937862579442, 40.63934668311033]]}, "properties": {"street": "SEDGWICK PLACE", "from": "67 STREET", "to": "WAKEMAN PLACE", "side": "E", "zone": "MON_TUE", "zone_label": "Mon/Tue", "schedules": ["TUE 9:30AM-11AM"], "all_days": ["TUE"], "color": "#2a78d6"}}, {"type": "Feature", "geometry": {"type": "LineString", "coordinates": [[-74.03384184203092, 40.63816624832682], [-74.03401617468711, 40.637736226266185], [-74.03411912529705, 40.63748228536719]]}, "properties": {"street": "NARROWS AVENUE", "from": "70 STREET", "to": "BAY RIDGE AVENUE", "side": "E", "zone": "MON_TUE", "zone_label": "Mon/Tue", "schedules": ["TUE 9:30AM-11AM"], "all_days": ["TUE"], "color": "#2a78d6"}}, {"type": "Feature", "geometry": {"type": "LineString", "coordinates": [[-74.01472987931824, 40.63399456580673], [-74.01250922606323, 40.63266628422073]]}, "properties": {"street": "65 STREET", "from": "8 AVENUE", "to": "7 AVENUE", "side": "N", "zone": "DAILY", "zone_label": "Daily (except Sun)", "schedules": ["MON/WED/FRI 7:30AM-8AM"], "all_days": ["MON", "WED", "FRI"], "color": "#e87ba4"}}, {"type": "Feature", "geometry": {"type": "LineString", "coordinates": [[-74.03134886036165, 40.6227669591614], [-74.02863235638964, 40.6221242461794]]}, "properties": {"street": "87 STREET", "from": "4 AVENUE", "to": "3 AVENUE", "side": "N", "zone": "MON_TUE", "zone_label": "Mon/Tue", "schedules": ["MON 8:30AM-10AM"], "all_days": ["MON"], "color": "#2a78d6"}}, {"type": "Feature", "geometry": {"type": "LineString", "coordinates": [[-74.02390600570708, 40.63370567137944], [-74.02139722702707, 40.63255988491244]]}, "properties": {"street": "OVINGTON AVENUE", "from": "FIFTH AVENUE", "to": "4 AVENUE", "side": "S", "zone": "MON_TUE", "zone_label": "Mon/Tue", "schedules": ["TUE 8:30AM-10AM"], "all_days": ["TUE"], "color": "#2a78d6"}}, {"type": "Feature", "geometry": {"type": "LineString", "coordinates": [[-74.01472868010629, 40.60645198056323], [-74.01655000876029, 40.604699983801225]]}, "properties": {"street": "15 AVENUE", "from": "CROPSEY AVENUE", "to": "INDEPENDENCE AVENUE", "side": "W", "zone": "WED_FRI", "zone_label": "Wed/Fri", "schedules": ["WED 11:30AM-1PM"], "all_days": ["WED"], "color": "#eb6834"}}, {"type": "Feature", "geometry": {"type": "LineString", "coordinates": [[-74.00485184771046, 40.640028309599884], [-74.00264766964546, 40.638699855833885]]}, "properties": {"street": "52 STREET", "from": "8 AVENUE", "to": "9 AVENUE", "side": "N", "zone": "MON_THU", "zone_label": "Mon/Thu", "schedules": ["MON 9:30AM-11AM"], "all_days": ["MON"], "color": "#eda100"}}, {"type": "Feature", "geometry": {"type": "LineString", "coordinates": [[-74.03293726236271, 40.61885188501449], [-74.0304635197897, 40.617617035245495]]}, "properties": {"street": "93 STREET", "from": "3 AVENUE", "to": "4 AVENUE", "side": "N", "zone": "MON_TUE", "zone_label": "Mon/Tue", "schedules": ["MON 9:30AM-11AM"], "all_days": ["MON"], "color": "#2a78d6"}}, {"type": "Feature", "geometry": {"type": "LineString", "coordinates": [[-74.02721804206057, 40.63287418675681], [-74.02450862704957, 40.63220548539981]]}, "properties": {"street": "73 STREET", "from": "3 AVENUE", "to": "4 AVENUE", "side": "N", "zone": "MON_TUE", "zone_label": "Mon/Tue", "schedules": ["MON 8:30AM-10AM"], "all_days": ["MON"], "color": "#2a78d6"}}, {"type": "Feature", "geometry": {"type": "LineString", "coordinates": [[-74.02334597292847, 40.64292112020856], [-74.02120588754346, 40.64162114203856]]}, "properties": {"street": "61 STREET", "from": "2 AVENUE", "to": "3 AVENUE", "side": "N", "zone": "OTHER", "zone_label": "Other", "schedules": ["MON 9:30AM-11AM"], "all_days": ["MON"], "color": "#898781"}}, {"type": "Feature", "geometry": {"type": "LineString", "coordinates": [[-74.03194564399107, 40.62850882218641], [-74.02926356898807, 40.627871148773416]]}, "properties": {"street": "80 STREET", "from": "3 AVENUE", "to": "RIDGE BOULEVARD", "side": "N", "zone": "MON_TUE", "zone_label": "Mon/Tue", "schedules": ["MON 8:30AM-10AM"], "all_days": ["MON"], "color": "#2a78d6"}}, {"type": "Feature", "geometry": {"type": "LineString", "coordinates": [[-74.02198006034361, 40.63743596713386], [-74.0202730160006, 40.63639330841086]]}, "properties": {"street": "66 STREET", "from": "66 STREET", "to": "4 AVENUE", "side": "S", "zone": "MON_TUE", "zone_label": "Mon/Tue", "schedules": ["TUE 8:30AM-10AM"], "all_days": ["TUE"], "color": "#2a78d6"}}, {"type": "Feature", "geometry": {"type": "LineString", "coordinates": [[-74.0036268210334, 40.600610606593], [-74.00283822866238, 40.600185663095004]]}, "properties": {"street": "CROPSEY AVENUE", "from": "BAY   23 STREET", "to": "20 AVENUE", "side": "S", "zone": "MON_TUE", "zone_label": "Mon/Tue", "schedules": ["TUE 11:30AM-1PM"], "all_days": ["TUE"], "color": "#2a78d6"}}, {"type": "Feature", "geometry": {"type": "LineString", "coordinates": [[-74.00060228326423, 40.61342741116284], [-74.00013439551724, 40.61314314480084]]}, "properties": {"street": "78 STREET", "from": "17 AVENUE", "to": "NEW UTRECHT AVENUE", "side": "N", "zone": "THU_FRI", "zone_label": "Thu/Fri", "schedules": ["THU 11:30AM-1PM"], "all_days": ["THU"], "color": "#4a3aa7"}}, {"type": "Feature", "geometry": {"type": "LineString", "coordinates": [[-74.00343404138319, 40.604241827204206], [-74.0026557102252, 40.60382889514321]]}, "properties": {"street": "BENSON AVENUE", "from": "19 AVENUE", "to": "BAY   20 STREET", "side": "S", "zone": "OTHER", "zone_label": "Other", "schedules": ["TUE 8:30AM-10AM"], "all_days": ["TUE"], "color": "#898781"}}, {"type": "Feature", "geometry": {"type": "LineString", "coordinates": [[-74.01406059020336, 40.6242775626784], [-74.01185954950236, 40.6229479941244]]}, "properties": {"street": "BAY RIDGE PARKWAY", "from": "10 AVENUE", "to": "11 AVENUE", "side": "S", "zone": "WED_FRI", "zone_label": "Wed/Fri", "schedules": ["FRI 9:30AM-11AM"], "all_days": ["FRI"], "color": "#eb6834"}}, {"type": "Feature", "geometry": {"type": "LineString", "coordinates": [[-74.00087235170626, 40.60098486860604], [-74.00213983257026, 40.59974556237304]]}, "properties": {"street": "BAY   25 STREET", "from": "BENSON AVENUE", "to": "BATH AVENUE", "side": "W", "zone": "WED_FRI", "zone_label": "Wed/Fri", "schedules": ["WED 9:30AM-11AM"], "all_days": ["WED"], "color": "#eb6834"}}, {"type": "Feature", "geometry": {"type": "LineString", "coordinates": [[-74.00844907277961, 40.62277905196589], [-74.00809066340206, 40.62256252055203], [-74.0062459718269, 40.62144801642054]]}, "properties": {"street": "73 STREET", "from": "12 AVENUE", "to": "13 AVENUE", "side": "S", "zone": "WED_THU", "zone_label": "Wed/Thu", "schedules": ["THU 8:30AM-10AM"], "all_days": ["THU"], "color": "#e34948"}}, {"type": "Feature", "geometry": {"type": "LineString", "coordinates": [[-74.00187979178192, 40.603459165487095], [-74.00310104909492, 40.6022879290031]]}, "properties": {"street": "BAY   22 STREET", "from": "BENSON AVENUE", "to": "86 STREET", "side": "W", "zone": "OTHER", "zone_label": "Other", "schedules": ["WED 8:30AM-10AM"], "all_days": ["WED"], "color": "#898781"}}, {"type": "Feature", "geometry": {"type": "LineString", "coordinates": [[-74.00503054629708, 40.636408850096515], [-74.00269962158309, 40.63500238941852]]}, "properties": {"street": "56 STREET", "from": "9 AVENUE", "to": "FT HAMILTON PARKWAY", "side": "S", "zone": "MON_THU", "zone_label": "Mon/Thu", "schedules": ["THU 9:30AM-11AM"], "all_days": ["THU"], "color": "#eda100"}}, {"type": "Feature", "geometry": {"type": "LineString", "coordinates": [[-74.00661407967655, 40.59996615542744], [-74.00716451721355, 40.59944146896744]]}, "properties": {"street": "19 AVENUE", "from": "SHORE PARKWAY", "to": "19 LANE", "side": "E", "zone": "MON_TUE", "zone_label": "Mon/Tue", "schedules": ["TUE 11:30AM-1PM"], "all_days": ["TUE"], "color": "#2a78d6"}}, {"type": "Feature", "geometry": {"type": "LineString", "coordinates": [[-74.00699080685254, 40.61728676014333], [-74.00478867247654, 40.61595528218733]]}, "properties": {"street": "78 STREET", "from": "15 AVENUE", "to": "14 AVENUE", "side": "N", "zone": "THU_FRI", "zone_label": "Thu/Fri", "schedules": ["THU 11:30AM-1PM"], "all_days": ["THU"], "color": "#4a3aa7"}}, {"type": "Feature", "geometry": {"type": "LineString", "coordinates": [[-74.01551570510343, 40.62977572186692], [-74.01288447028142, 40.628189951996916]]}, "properties": {"street": "70 STREET", "from": "FT HAMILTON PARKWAY", "to": "8 AVENUE", "side": "S", "zone": "WED_THU", "zone_label": "Wed/Thu", "schedules": ["THU 11:30AM-1PM"], "all_days": ["THU"], "color": "#e34948"}}, {"type": "Feature", "geometry": {"type": "LineString", "coordinates": [[-74.00414705765982, 40.608172889891726], [-74.00591520337683, 40.60647487019273]]}, "properties": {"street": "BAY   16 STREET", "from": "86 STREET", "to": "BENSON AVENUE", "side": "W", "zone": "MON_TUE", "zone_label": "Mon/Tue", "schedules": ["MON 11:30AM-1PM"], "all_days": ["MON"], "color": "#2a78d6"}}, {"type": "Feature", "geometry": {"type": "LineString", "coordinates": [[-74.02958650296074, 40.6270817632064], [-74.02894524321006, 40.626929738839955], [-74.02860596208646, 40.626849299353566], [-74.02740473679154, 40.62656449990291], [-74.0268710310232, 40.6264359993832]]}, "properties": {"street": "81 STREET", "from": "3 AVENUE", "to": "4 AVENUE", "side": "S", "zone": "MON_TUE", "zone_label": "Mon/Tue", "schedules": ["TUE 8:30AM-10AM"], "all_days": ["TUE"], "color": "#2a78d6"}}, {"type": "Feature", "geometry": {"type": "LineString", "coordinates": [[-74.02463903933722, 40.640016107694606], [-74.0245886576709, 40.63998532130612], [-74.02454637242354, 40.63995499645171]]}, "properties": {"street": "65 STREET", "from": "3 AVENUE", "to": "2 AVENUE", "side": "N", "zone": "MON_TUE", "zone_label": "Mon/Tue", "schedules": ["MON 8:30AM-10AM"], "all_days": ["MON"], "color": "#2a78d6"}}, {"type": "Feature", "geometry": {"type": "LineString", "coordinates": [[-74.02139725903312, 40.632559899595456], [-74.02064361378184, 40.632214994381584], [-74.01891691486884, 40.63142473388739]]}, "properties": {"street": "OVINGTON AVENUE", "from": "6 AVENUE", "to": "FIFTH AVENUE", "side": "S", "zone": "MON_TUE", "zone_label": "Mon/Tue", "schedules": ["TUE 11:30AM-1PM"], "all_days": ["TUE"], "color": "#2a78d6"}}, {"type": "Feature", "geometry": {"type": "LineString", "coordinates": [[-74.00123853552378, 40.606412863941614], [-74.00344285957478, 40.60428704779761]]}, "properties": {"street": "BAY   20 STREET", "from": "BENSON AVENUE", "to": "86 STREET", "side": "W", "zone": "OTHER", "zone_label": "Other", "schedules": ["WED 8:30AM-10AM"], "all_days": ["WED"], "color": "#898781"}}, {"type": "Feature", "geometry": {"type": "LineString", "coordinates": [[-74.00426108713313, 40.609223134810215], [-74.00488855964512, 40.60862182253921]]}, "properties": {"street": "17 AVENUE", "from": "85 STREET", "to": "86 STREET", "side": "W", "zone": "OTHER", "zone_label": "Other", "schedules": ["WED 8:30AM-10AM"], "all_days": ["WED"], "color": "#898781"}}, {"type": "Feature", "geometry": {"type": "LineString", "coordinates": [[-74.01450908635576, 40.60889398959637], [-74.01379396211675, 40.608462295388364]]}, "properties": {"street": "BATH AVENUE", "from": "BAY    7 STREET", "to": "BAY    8 STREET", "side": "S", "zone": "WED_FRI", "zone_label": "Wed/Fri", "schedules": ["WED 11:30AM-1PM"], "all_days": ["WED"], "color": "#eb6834"}}, {"type": "Feature", "geometry": {"type": "LineString", "coordinates": [[-74.00249004304237, 40.62850703125963], [-74.00028918896437, 40.62717740460363]]}, "properties": {"street": "63 STREET", "from": "13 AVENUE", "to": "12 AVENUE", "side": "N", "zone": "WED_THU", "zone_label": "Wed/Thu", "schedules": ["WED 8:30AM-10AM"], "all_days": ["WED"], "color": "#e34948"}}, {"type": "Feature", "geometry": {"type": "LineString", "coordinates": [[-74.00087235170626, 40.60098486860604], [-74.00213983257026, 40.59974556237304]]}, "properties": {"street": "BAY   25 STREET", "from": "BATH AVENUE", "to": "CROPSEY AVENUE", "side": "W", "zone": "WED_FRI", "zone_label": "Wed/Fri", "schedules": ["WED 9:30AM-11AM"], "all_days": ["WED"], "color": "#eb6834"}}, {"type": "Feature", "geometry": {"type": "LineString", "coordinates": [[-74.03258251502547, 40.63414798221317], [-74.03040792466693, 40.63363221159187], [-74.02990263152526, 40.633512358892766]]}, "properties": {"street": "73 STREET", "from": "COLONIAL ROAD", "to": "NARROWS AVENUE", "side": "N", "zone": "MON_TUE", "zone_label": "Mon/Tue", "schedules": ["MON 9:30AM-11AM"], "all_days": ["MON"], "color": "#2a78d6"}}, {"type": "Feature", "geometry": {"type": "LineString", "coordinates": [[-74.0278496435147, 40.63630769360976], [-74.0282782821657, 40.63525463013076]]}, "properties": {"street": "BAY RIDGE PLACE", "from": "BAY RIDGE AVENUE", "to": "OVINGTON AVENUE", "side": "E", "zone": "MON_TUE", "zone_label": "Mon/Tue", "schedules": ["TUE 8:30AM-10AM"], "all_days": ["TUE"], "color": "#2a78d6"}}, {"type": "Feature", "geometry": {"type": "LineString", "coordinates": [[-74.03476180503485, 40.63612439523347], [-74.03503972285584, 40.635443770406475]]}, "properties": {"street": "NARROWS AVENUE", "from": "71 STREET", "to": "72 STREET", "side": "W", "zone": "MON_TUE", "zone_label": "Mon/Tue", "schedules": ["MON 9:30AM-11AM"], "all_days": ["MON"], "color": "#2a78d6"}}, {"type": "Feature", "geometry": {"type": "LineString", "coordinates": [[-74.01233916023315, 40.636274965814216], [-74.01013608036816, 40.63494516878021]]}, "properties": {"street": "61 STREET", "from": "8 AVENUE", "to": "7 AVENUE", "side": "N", "zone": "DAILY", "zone_label": "Daily (except Sun)", "schedules": ["MON/TUE/WED/THU/FRI/SAT 9AM-9:30AM", "THU 11:30AM-1PM"], "all_days": ["MON", "TUE", "WED", "THU", "FRI", "SAT"], "color": "#e87ba4"}}, {"type": "Feature", "geometry": {"type": "LineString", "coordinates": [[-74.02206800505878, 40.623660975148], [-74.02128620636323, 40.62319176287806], [-74.02110777126525, 40.62308466975464]]}, "properties": {"street": "81 STREET", "from": "6 AVENUE", "to": "7 AVENUE", "side": "N", "zone": "THU_FRI", "zone_label": "Thu/Fri", "schedules": ["THU 11:30AM-1PM"], "all_days": ["THU"], "color": "#4a3aa7"}}, {"type": "Feature", "geometry": {"type": "LineString", "coordinates": [[-74.00793628834259, 40.633616724899845], [-74.00628164561559, 40.632616908871846]]}, "properties": {"street": "61 STREET", "from": "FT HAMILTON PARKWAY", "to": "9 AVENUE", "side": "N", "zone": "MON_THU", "zone_label": "Mon/Thu", "schedules": ["MON 9:30AM-11AM"], "all_days": ["MON"], "color": "#eda100"}}, {"type": "Feature", "geometry": {"type": "LineString", "coordinates": [[-74.00369816734076, 40.62734513700668], [-74.00149679498377, 40.62601617294468]]}, "properties": {"street": "65 STREET", "from": "13 AVENUE", "to": "12 AVENUE", "side": "N", "zone": "WED_THU", "zone_label": "Wed/Thu", "schedules": ["WED 8:30AM-10AM"], "all_days": ["WED"], "color": "#e34948"}}, {"type": "Feature", "geometry": {"type": "LineString", "coordinates": [[-74.00571500471825, 40.609122331588445], [-74.00721568953583, 40.60767673042662], [-74.00748145768823, 40.607420703608234]]}, "properties": {"street": "BAY   14 STREET", "from": "BENSON AVENUE", "to": "86 STREET", "side": "W", "zone": "MON_TUE", "zone_label": "Mon/Tue", "schedules": ["MON 11:30AM-1PM"], "all_days": ["MON"], "color": "#2a78d6"}}, {"type": "Feature", "geometry": {"type": "LineString", "coordinates": [[-74.02116971477824, 40.62584884653219], [-74.01960734288724, 40.62491259208219]]}, "properties": {"street": "78 STREET", "from": "7 AVENUE", "to": "6 AVENUE", "side": "N", "zone": "MON_TUE", "zone_label": "Mon/Tue", "schedules": ["MON 11:30AM-1PM"], "all_days": ["MON"], "color": "#2a78d6"}}, {"type": "Feature", "geometry": {"type": "LineString", "coordinates": [[-74.0239837419504, 40.61514272947345], [-74.02282069265141, 40.61456155992845]]}, "properties": {"street": "92 STREET", "from": "BATTERY AVENUE", "to": "7 AVENUE", "side": "S", "zone": "MON_TUE", "zone_label": "Mon/Tue", "schedules": ["TUE 11:30AM-1PM"], "all_days": ["TUE"], "color": "#2a78d6"}}, {"type": "Feature", "geometry": {"type": "LineString", "coordinates": [[-74.02060624902487, 40.64220990702784], [-74.02054054376485, 40.64217511392684]]}, "properties": {"street": "60 STREET", "from": "3 AVENUE", "to": "2 AVENUE", "side": "N", "zone": "OTHER", "zone_label": "Other", "schedules": ["MON 9:30AM-11AM"], "all_days": ["MON"], "color": "#898781"}}, {"type": "Feature", "geometry": {"type": "LineString", "coordinates": [[-74.00687925323263, 40.60432702341007], [-74.00821261926363, 40.60304498797107]]}, "properties": {"street": "BAY   17 STREET", "from": "CROPSEY AVENUE", "to": "BATH AVENUE", "side": "E", "zone": "MON_TUE", "zone_label": "Mon/Tue", "schedules": ["TUE 11:30AM-1PM"], "all_days": ["TUE"], "color": "#2a78d6"}}, {"type": "Feature", "geometry": {"type": "LineString", "coordinates": [[-74.0033866007728, 40.60429337142379], [-74.00260826961481, 40.6038804393628]]}, "properties": {"street": "BENSON AVENUE", "from": "19 AVENUE", "to": "BAY   20 STREET", "side": "N", "zone": "OTHER", "zone_label": "Other", "schedules": ["WED 8:30AM-10AM"], "all_days": ["WED"], "color": "#898781"}}, {"type": "Feature", "geometry": {"type": "LineString", "coordinates": [[-74.01067110589865, 40.604294408989325], [-74.00980461829866, 40.60384293678333]]}, "properties": {"street": "CROPSEY AVENUE", "from": "BAY   14 STREET", "to": "17 AVENUE", "side": "S", "zone": "MON_TUE", "zone_label": "Mon/Tue", "schedules": ["TUE 11:30AM-1PM"], "all_days": ["TUE"], "color": "#2a78d6"}}, {"type": "Feature", "geometry": {"type": "LineString", "coordinates": [[-74.01867977753986, 40.62708818716984], [-74.01900108796886, 40.626313300562835]]}, "properties": {"street": "7 AVENUE", "from": "BAY RIDGE PARKWAY", "to": "76 STREET", "side": "W", "zone": "OTHER", "zone_label": "Other", "schedules": ["MON 11:30AM-1PM"], "all_days": ["MON"], "color": "#898781"}}, {"type": "Feature", "geometry": {"type": "LineString", "coordinates": [[-74.01018766832753, 40.63489596044409], [-74.00798789160854, 40.633567526351094]]}, "properties": {"street": "61 STREET", "from": "9 AVENUE", "to": "8 AVENUE", "side": "S", "zone": "MON_THU", "zone_label": "Mon/Thu", "schedules": ["THU 9:30AM-11AM"], "all_days": ["THU"], "color": "#eda100"}}, {"type": "Feature", "geometry": {"type": "LineString", "coordinates": [[-74.00787304735975, 40.62338330911917], [-74.008130674803, 40.623135657389504], [-74.00821569925812, 40.62305392889312], [-74.0084557868191, 40.62282313528125]]}, "properties": {"street": "12 AVENUE", "from": "72 STREET", "to": "73 STREET", "side": "W", "zone": "WED_THU", "zone_label": "Wed/Thu", "schedules": ["WED 8:30AM-10AM"], "all_days": ["WED"], "color": "#e34948"}}, {"type": "Feature", "geometry": {"type": "LineString", "coordinates": [[-74.01891814613631, 40.640206935484436], [-74.01949575157332, 40.63965372211944]]}, "properties": {"street": "4 AVENUE", "from": "62 STREET", "to": "61 STREET", "side": "E", "zone": "OTHER", "zone_label": "Other", "schedules": ["FRI 9:30AM-11AM"], "all_days": ["FRI"], "color": "#898781"}}, {"type": "Feature", "geometry": {"type": "LineString", "coordinates": [[-74.00374974220324, 40.62729592461732], [-74.00154836984625, 40.625966960555324]]}, "properties": {"street": "65 STREET", "from": "12 AVENUE", "to": "13 AVENUE", "side": "S", "zone": "WED_THU", "zone_label": "Wed/Thu", "schedules": ["THU 8:30AM-10AM"], "all_days": ["THU"], "color": "#e34948"}}, {"type": "Feature", "geometry": {"type": "LineString", "coordinates": [[-74.02903201829754, 40.62117380905565], [-74.02724378221855, 40.620304100039654]]}, "properties": {"street": "88 STREET", "from": "4 AVENUE", "to": "5 AVENUE", "side": "S", "zone": "MON_TUE", "zone_label": "Mon/Tue", "schedules": ["TUE 8:30AM-10AM"], "all_days": ["TUE"], "color": "#2a78d6"}}, {"type": "Feature", "geometry": {"type": "LineString", "coordinates": [[-74.01307453581838, 40.621830577799685], [-74.01365627210038, 40.621271530183684]]}, "properties": {"street": "11 AVENUE", "from": "77 STREET", "to": "78 STREET", "side": "W", "zone": "WED_FRI", "zone_label": "Wed/Fri", "schedules": ["WED 9:30AM-11AM"], "all_days": ["WED"], "color": "#eb6834"}}, {"type": "Feature", "geometry": {"type": "LineString", "coordinates": [[-74.02697951781626, 40.6394296673923], [-74.02478144574526, 40.6381050212553]]}, "properties": {"street": "WAKEMAN PLACE", "from": "RIDGE BOULEVARD", "to": "3 AVENUE", "side": "S", "zone": "MON_TUE", "zone_label": "Mon/Tue", "schedules": ["TUE 8:30AM-10AM"], "all_days": ["TUE"], "color": "#2a78d6"}}, {"type": "Feature", "geometry": {"type": "LineString", "coordinates": [[-74.02657573097909, 40.627165757625995], [-74.0264567870661, 40.62713552082052], [-74.0241804934106, 40.6257640121474]]}, "properties": {"street": "80 STREET", "from": "5 AVENUE", "to": "4 AVENUE", "side": "S", "zone": "MON_TUE", "zone_label": "Mon/Tue", "schedules": ["TUE 8:30AM-10AM"], "all_days": ["TUE"], "color": "#2a78d6"}}, {"type": "Feature", "geometry": {"type": "LineString", "coordinates": [[-74.03346332816496, 40.63908744895868], [-74.03384188832796, 40.63816613426968]]}, "properties": {"street": "NARROWS AVENUE", "from": "BAY RIDGE AVENUE", "to": "68 STREET", "side": "E", "zone": "MON_TUE", "zone_label": "Mon/Tue", "schedules": ["TUE 9:30AM-11AM"], "all_days": ["TUE"], "color": "#2a78d6"}}, {"type": "Feature", "geometry": {"type": "LineString", "coordinates": [[-74.00157446295695, 40.60142687344938], [-74.00086739361996, 40.60094224678438]]}, "properties": {"street": "BATH AVENUE", "from": "20 AVENUE", "to": "BAY   25 STREET", "side": "S", "zone": "OTHER", "zone_label": "Other", "schedules": ["MON/TUE/THU/FRI 7:30AM-8AM"], "all_days": ["MON", "TUE", "THU", "FRI"], "color": "#898781"}}, {"type": "Feature", "geometry": {"type": "LineString", "coordinates": [[-74.02025265648743, 40.628094894117126], [-74.01861443346642, 40.62710332997713]]}, "properties": {"street": "BAY RIDGE PARKWAY", "from": "7 AVENUE", "to": "6 AVENUE", "side": "N", "zone": "MON_TUE", "zone_label": "Mon/Tue", "schedules": ["MON 11:30AM-1PM"], "all_days": ["MON"], "color": "#2a78d6"}}, {"type": "Feature", "geometry": {"type": "LineString", "coordinates": [[-74.03316914225873, 40.63271318588906], [-74.03048673145973, 40.63207718003806]]}, "properties": {"street": "BAY RIDGE PARKWAY", "from": "NARROWS AVENUE", "to": "COLONIAL ROAD", "side": "S", "zone": "THU_FRI", "zone_label": "Thu/Fri", "schedules": ["FRI 9:30AM-11AM"], "all_days": ["FRI"], "color": "#4a3aa7"}}, {"type": "Feature", "geometry": {"type": "LineString", "coordinates": [[-74.00588783931737, 40.642477792018745], [-74.00500345629526, 40.64194348402087], [-74.00368794501502, 40.64114867341564]]}, "properties": {"street": "50 STREET", "from": "7 AVENUE", "to": "8 AVENUE", "side": "N", "zone": "DAILY", "zone_label": "Daily (except Sun)", "schedules": ["MON/TUE/WED/THU/FRI/SAT 8AM-8:30AM", "WED 11:30AM-1PM"], "all_days": ["MON", "TUE", "WED", "THU", "FRI", "SAT"], "color": "#e87ba4"}}, {"type": "Feature", "geometry": {"type": "LineString", "coordinates": [[-74.01364955873996, 40.62122744093807], [-74.01144713758396, 40.61989708070707]]}, "properties": {"street": "78 STREET", "from": "12 AVENUE", "to": "11 AVENUE", "side": "S", "zone": "WED_FRI", "zone_label": "Wed/Fri", "schedules": ["FRI 9:30AM-11AM"], "all_days": ["FRI"], "color": "#eb6834"}}, {"type": "Feature", "geometry": {"type": "LineString", "coordinates": [[-74.00200039597237, 40.61514142010062], [-74.00258237999537, 40.61458334603562]]}, "properties": {"street": "16 AVENUE", "from": "78 STREET", "to": "77 STREET", "side": "E", "zone": "OTHER", "zone_label": "Other", "schedules": ["MON 11:30AM-1PM"], "all_days": ["MON"], "color": "#898781"}}, {"type": "Feature", "geometry": {"type": "LineString", "coordinates": [[-74.03235112916612, 40.62034359440805], [-74.0298662449191, 40.619135560697046]]}, "properties": {"street": "91 STREET", "from": "3 AVENUE", "to": "4 AVENUE", "side": "S", "zone": "MON_TUE", "zone_label": "Mon/Tue", "schedules": ["TUE 8:30AM-10AM"], "all_days": ["TUE"], "color": "#2a78d6"}}, {"type": "Feature", "geometry": {"type": "LineString", "coordinates": [[-74.0167306611428, 40.63551162127792], [-74.01600733571375, 40.63473111412401], [-74.01478225401158, 40.6339458502345]]}, "properties": {"street": "65 STREET", "from": "6 AVENUE", "to": "7 AVENUE", "side": "S", "zone": "DAILY", "zone_label": "Daily (except Sun)", "schedules": ["TUE/THU/SAT 7:30AM-8AM"], "all_days": ["TUE", "THU", "SAT"], "color": "#e87ba4"}}, {"type": "Feature", "geometry": {"type": "LineString", "coordinates": [[-74.03043482762419, 40.632097827143056], [-74.03060026655336, 40.631695358854756], [-74.03072571385661, 40.631390202235664]]}, "properties": {"street": "RIDGE BOULEVARD", "from": "76 STREET", "to": "BAY RIDGE PARKWAY", "side": "E", "zone": "THU_FRI", "zone_label": "Thu/Fri", "schedules": ["FRI 9:30AM-11AM"], "all_days": ["FRI"], "color": "#4a3aa7"}}, {"type": "Feature", "geometry": {"type": "LineString", "coordinates": [[-74.01636960854582, 40.63026879690455], [-74.01551502854082, 40.62977532236756]]}, "properties": {"street": "70 STREET", "from": "8 AVENUE", "to": "7 AVENUE", "side": "S", "zone": "WED_THU", "zone_label": "Wed/Thu", "schedules": ["THU 11:30AM-1PM"], "all_days": ["THU"], "color": "#e34948"}}, {"type": "Feature", "geometry": {"type": "LineString", "coordinates": [[-74.0114775390134, 40.604794057010224], [-74.01113384897268, 40.604611869638646], [-74.0107169706984, 40.60439087633475]]}, "properties": {"street": "CROPSEY AVENUE", "from": "BAY   14 STREET", "to": "BAY   13 STREET", "side": "N", "zone": "MON_TUE", "zone_label": "Mon/Tue", "schedules": ["MON 11:30AM-1PM"], "all_days": ["MON"], "color": "#2a78d6"}}, {"type": "Feature", "geometry": {"type": "LineString", "coordinates": [[-74.00196202585107, 40.60684905482973], [-74.00419639722007, 40.60468233951473]]}, "properties": {"street": "BAY   19 STREET", "from": "86 STREET", "to": "BENSON AVENUE", "side": "W", "zone": "OTHER", "zone_label": "Other", "schedules": ["WED 8:30AM-10AM"], "all_days": ["WED"], "color": "#898781"}}, {"type": "Feature", "geometry": {"type": "LineString", "coordinates": [[-74.01271242377436, 40.61062109891547], [-74.01199676113936, 40.61018965515547]]}, "properties": {"street": "BENSON AVENUE", "from": "BAY    8 STREET", "to": "BAY    7 STREET", "side": "N", "zone": "WED_FRI", "zone_label": "Wed/Fri", "schedules": ["WED 11:30AM-1PM"], "all_days": ["WED"], "color": "#eb6834"}}, {"type": "Feature", "geometry": {"type": "LineString", "coordinates": [[-74.00362750444054, 40.6170739811699], [-74.00142460505855, 40.6157435464679]]}, "properties": {"street": "76 STREET", "from": "16 AVENUE", "to": "15 AVENUE", "side": "N", "zone": "OTHER", "zone_label": "Other", "schedules": ["MON 11:30AM-1PM"], "all_days": ["MON"], "color": "#898781"}}, {"type": "Feature", "geometry": {"type": "LineString", "coordinates": [[-74.02760597397014, 40.638841006757765], [-74.02507270993314, 40.63783062915877]]}, "properties": {"street": "67 STREET", "from": "3 AVENUE", "to": "RIDGE BOULEVARD", "side": "N", "zone": "MON_TUE", "zone_label": "Mon/Tue", "schedules": ["MON 8:30AM-10AM"], "all_days": ["MON"], "color": "#2a78d6"}}, {"type": "Feature", "geometry": {"type": "LineString", "coordinates": [[-74.03191847688062, 40.62846946625987], [-74.03221829153763, 40.62773915960187]]}, "properties": {"street": "RIDGE BOULEVARD", "from": "81 STREET", "to": "80 STREET", "side": "E", "zone": "MON_TUE", "zone_label": "Mon/Tue", "schedules": ["TUE 9:30AM-11AM"], "all_days": ["TUE"], "color": "#2a78d6"}}, {"type": "Feature", "geometry": {"type": "LineString", "coordinates": [[-74.01866598040408, 40.62705410038956], [-74.01837601884608, 40.62687982705055]]}, "properties": {"street": "BAY RIDGE PARKWAY", "from": "7 AVENUE", "to": "7 AVENUE", "side": "S", "zone": "MON_TUE", "zone_label": "Mon/Tue", "schedules": ["TUE 11:30AM-1PM"], "all_days": ["TUE"], "color": "#2a78d6"}}, {"type": "Feature", "geometry": {"type": "LineString", "coordinates": [[-74.00628163197061, 40.63261690054603], [-74.00573509537361, 40.632286366642035]]}, "properties": {"street": "61 STREET", "from": "10 AVENUE", "to": "FT HAMILTON PARKWAY", "side": "N", "zone": "OTHER", "zone_label": "Other", "schedules": ["MON 8:30AM-10AM"], "all_days": ["MON"], "color": "#898781"}}, {"type": "Feature", "geometry": {"type": "LineString", "coordinates": [[-74.02349856675374, 40.63465093246441], [-74.02302497038526, 40.634434135572796], [-74.02099212401673, 40.633503525113404]]}, "properties": {"street": "BAYRIDGE AVENUE", "from": "5 AVENUE", "to": "4 AVENUE", "side": "N", "zone": "DAILY", "zone_label": "Daily (except Sun)", "schedules": ["MON 8:30AM-10AM", "MON/TUE/WED/THU/FRI/SAT 8AM-8:30AM"], "all_days": ["MON", "TUE", "WED", "THU", "FRI", "SAT"], "color": "#e87ba4"}}, {"type": "Feature", "geometry": {"type": "LineString", "coordinates": [[-74.01079893489101, 40.60673360190674], [-74.00997573599801, 40.60623699404374]]}, "properties": {"street": "BATH AVENUE", "from": "BAY   13 STREET", "to": "16 AVENUE", "side": "N", "zone": "MON_TUE", "zone_label": "Mon/Tue", "schedules": ["TUE 11:30AM-1PM"], "all_days": ["TUE"], "color": "#2a78d6"}}, {"type": "Feature", "geometry": {"type": "LineString", "coordinates": [[-74.03230543477589, 40.634829386011035], [-74.02962183717288, 40.634191154663036]]}, "properties": {"street": "72 STREET", "from": "COLONIAL ROAD", "to": "RIDGE BOULEVARD", "side": "N", "zone": "MON_TUE", "zone_label": "Mon/Tue", "schedules": ["MON 9:30AM-11AM"], "all_days": ["MON"], "color": "#2a78d6"}}, {"type": "Feature", "geometry": {"type": "LineString", "coordinates": [[-74.02388045664313, 40.62649813406688], [-74.0229314302482, 40.625922516768306], [-74.02152182852271, 40.625067520046]]}, "properties": {"street": "79 STREET", "from": "5 AVENUE", "to": "6 AVENUE", "side": "S", "zone": "MON_TUE", "zone_label": "Mon/Tue", "schedules": ["TUE 11:30AM-1PM"], "all_days": ["TUE"], "color": "#2a78d6"}}, {"type": "Feature", "geometry": {"type": "LineString", "coordinates": [[-74.00593945814065, 40.64242859874525], [-74.00505507589274, 40.641894291215124], [-74.00373956513299, 40.64109948092435]]}, "properties": {"street": "50 STREET", "from": "7 AVENUE", "to": "8 AVENUE", "side": "S", "zone": "DAILY", "zone_label": "Daily (except Sun)", "schedules": ["MON/TUE/WED/THU/FRI/SAT 8AM-8:30AM", "TUE 11:30AM-1PM"], "all_days": ["MON", "TUE", "WED", "THU", "FRI", "SAT"], "color": "#e87ba4"}}, {"type": "Feature", "geometry": {"type": "LineString", "coordinates": [[-74.0096572207006, 40.621618038557756], [-74.0074537550316, 40.620287260041756]]}, "properties": {"street": "BAY RIDGE PARKWAY", "from": "12 AVENUE", "to": "13 AVENUE", "side": "S", "zone": "WED_FRI", "zone_label": "Wed/Fri", "schedules": ["FRI 8:30AM-10AM"], "all_days": ["FRI"], "color": "#eb6834"}}, {"type": "Feature", "geometry": {"type": "LineString", "coordinates": [[-74.00674925131236, 40.602280235866786], [-74.00786236310947, 40.601166452902746], [-74.00841196974643, 40.60061650163594], [-74.00868240516967, 40.600345892155794]]}, "properties": {"street": "BAY   19 STREET", "from": "CROPSEY AVENUE", "to": "SHORE PARKWAY", "side": "E", "zone": "MON_TUE", "zone_label": "Mon/Tue", "schedules": ["TUE 11:30AM-1PM"], "all_days": ["TUE"], "color": "#2a78d6"}}, {"type": "Feature", "geometry": {"type": "LineString", "coordinates": [[-74.03199757918337, 40.62848817178812], [-74.03229739384038, 40.62775786513012]]}, "properties": {"street": "RIDGE BOULEVARD", "from": "80 STREET", "to": "81 STREET", "side": "W", "zone": "MON_TUE", "zone_label": "Mon/Tue", "schedules": ["MON 9:30AM-11AM"], "all_days": ["MON"], "color": "#2a78d6"}}, {"type": "Feature", "geometry": {"type": "LineString", "coordinates": [[-74.0039945622678, 40.620169006038104], [-74.00179395246779, 40.6188389387761]]}, "properties": {"street": "73 STREET", "from": "14 AVENUE", "to": "15 AVENUE", "side": "N", "zone": "THU_FRI", "zone_label": "Thu/Fri", "schedules": ["THU 11:30AM-1PM"], "all_days": ["THU"], "color": "#4a3aa7"}}, {"type": "Feature", "geometry": {"type": "LineString", "coordinates": [[-74.01030536522855, 40.63133441552617], [-74.00919909891554, 40.630666765607174]]}, "properties": {"street": "65 STREET", "from": "FT HAMILTON PARKWAY", "to": "9 AVENUE", "side": "N", "zone": "OTHER", "zone_label": "Other", "schedules": ["MON/WED/FRI 7:30AM-8AM"], "all_days": ["MON", "WED", "FRI"], "color": "#898781"}}, {"type": "Feature", "geometry": {"type": "LineString", "coordinates": [[-74.02245565990502, 40.63698375021767], [-74.02076450778102, 40.63597805386066]]}, "properties": {"street": "67 STREET", "from": "4 AVENUE", "to": "LEIF ERICSON SQUARE", "side": "N", "zone": "OTHER", "zone_label": "Other", "schedules": ["MON 8:30AM-10AM"], "all_days": ["MON"], "color": "#898781"}}, {"type": "Feature", "geometry": {"type": "LineString", "coordinates": [[-74.00851247511991, 40.633060947220365], [-74.00699845834491, 40.632142781181365]]}, "properties": {"street": "62 STREET", "from": "9 AVENUE", "to": "FT HAMILTON PARKWAY", "side": "N", "zone": "WED_THU", "zone_label": "Wed/Thu", "schedules": ["WED 11:30AM-1PM"], "all_days": ["WED"], "color": "#e34948"}}, {"type": "Feature", "geometry": {"type": "LineString", "coordinates": [[-74.01070637500709, 40.60434748505599], [-74.01111708385174, 40.60388637232473], [-74.01153752548775, 40.60342999021002], [-74.011967375372, 40.60297873389639], [-74.01240628709121, 40.60253292751333], [-74.01259019214977, 40.60234756801714]]}, "properties": {"street": "BAY   14 STREET", "from": "SHORE PARKWAY", "to": "CROPSEY AVENUE", "side": "E", "zone": "MON_TUE", "zone_label": "Mon/Tue", "schedules": ["TUE 11:30AM-1PM"], "all_days": ["TUE"], "color": "#2a78d6"}}, {"type": "Feature", "geometry": {"type": "LineString", "coordinates": [[-74.00501943195158, 40.59811312442317], [-74.00375365081942, 40.59734017322864], [-74.0028667642242, 40.5970364769085], [-74.0025768875909, 40.59701768705262]]}, "properties": {"street": "SHORE PARKWAY", "from": "20 AVENUE", "to": "21 AVENUE", "side": "W", "zone": "WED_FRI", "zone_label": "Wed/Fri", "schedules": ["FRI 9:30AM-11AM"], "all_days": ["FRI"], "color": "#eb6834"}}, {"type": "Feature", "geometry": {"type": "LineString", "coordinates": [[-74.02171708295363, 40.63172306683703], [-74.01971748568273, 40.63081263300412], [-74.01957886694163, 40.63074952143944], [-74.019238917175, 40.63059473418625]]}, "properties": {"street": "72 STREET", "from": "FIFTH AVENUE", "to": "SIXTH AVENUE", "side": "N", "zone": "MON_TUE", "zone_label": "Mon/Tue", "schedules": ["MON 11:30AM-1PM"], "all_days": ["MON"], "color": "#2a78d6"}}, {"type": "Feature", "geometry": {"type": "LineString", "coordinates": [[-74.03013804834808, 40.62572909320857], [-74.02742584733208, 40.62506575612657]]}, "properties": {"street": "83 STREET", "from": "3 AVENUE", "to": "4 AVENUE", "side": "N", "zone": "MON_TUE", "zone_label": "Mon/Tue", "schedules": ["MON 8:30AM-10AM"], "all_days": ["MON"], "color": "#2a78d6"}}, {"type": "Feature", "geometry": {"type": "LineString", "coordinates": [[-74.0116449258313, 40.64044363570275], [-74.0122287277433, 40.63988248889575]]}, "properties": {"street": "6 AVENUE", "from": "56 STREET", "to": "57 STREET", "side": "W", "zone": "THU_FRI", "zone_label": "Thu/Fri", "schedules": ["THU 11:30AM-1PM"], "all_days": ["THU"], "color": "#4a3aa7"}}, {"type": "Feature", "geometry": {"type": "LineString", "coordinates": [[-74.00055378426462, 40.63648749299066], [-74.00126922311362, 40.636009393179656]]}, "properties": {"street": "FORT HAMILTON PARKWAY", "from": "53 STREET", "to": "54 STREET", "side": "W", "zone": "MON_THU", "zone_label": "Mon/Thu", "schedules": ["MON 8:30AM-10AM"], "all_days": ["MON"], "color": "#eda100"}}, {"type": "Feature", "geometry": {"type": "LineString", "coordinates": [[-74.01273527527056, 40.615211642612955], [-74.01084798707713, 40.61407164092168], [-74.01053112235925, 40.61388022915823]]}, "properties": {"street": "84 STREET", "from": "14 AVENUE", "to": "13 AVENUE", "side": "S", "zone": "WED_FRI", "zone_label": "Wed/Fri", "schedules": ["FRI 8:30AM-10AM"], "all_days": ["FRI"], "color": "#eb6834"}}, {"type": "Feature", "geometry": {"type": "LineString", "coordinates": [[-74.03197075295635, 40.61479638029777], [-74.03018818348936, 40.61390893913877]]}, "properties": {"street": "97 STREET", "from": "FT HAMILTON PARKWAY", "to": "4 AVENUE", "side": "S", "zone": "THU_FRI", "zone_label": "Thu/Fri", "schedules": ["THU 11:30AM-1PM"], "all_days": ["THU"], "color": "#4a3aa7"}}, {"type": "Feature", "geometry": {"type": "LineString", "coordinates": [[-74.00776344633884, 40.6372283573005], [-74.00556163177383, 40.6358990578575]]}, "properties": {"street": "57 STREET", "from": "9 AVENUE", "to": "8 AVENUE", "side": "N", "zone": "MON_THU", "zone_label": "Mon/Thu", "schedules": ["MON 9:30AM-11AM"], "all_days": ["MON"], "color": "#eda100"}}, {"type": "Feature", "geometry": {"type": "LineString", "coordinates": [[-74.01838453270939, 40.64077688600773], [-74.01619407262339, 40.63946597892373]]}, "properties": {"street": "60 STREET", "from": "4 AVENUE", "to": "5 AVENUE", "side": "S", "zone": "WED_THU", "zone_label": "Wed/Thu", "schedules": ["WED 9:30AM-11AM"], "all_days": ["WED"], "color": "#e34948"}}, {"type": "Feature", "geometry": {"type": "LineString", "coordinates": [[-74.00081181738044, 40.60098886787925], [-74.00013633943445, 40.60052344485625]]}, "properties": {"street": "BATH AVENUE", "from": "BAY   26 STREET", "to": "BAY   25 STREET", "side": "N", "zone": "MON_TUE", "zone_label": "Mon/Tue", "schedules": ["MON 7:30AM-8AM"], "all_days": ["MON"], "color": "#2a78d6"}}, {"type": "Feature", "geometry": {"type": "LineString", "coordinates": [[-74.01708654165452, 40.61792034613197], [-74.01488451690953, 40.616590718824966]]}, "properties": {"street": "84 STREET", "from": "12 AVENUE", "to": "11 AVENUE", "side": "N", "zone": "WED_FRI", "zone_label": "Wed/Fri", "schedules": ["WED 9:30AM-11AM"], "all_days": ["WED"], "color": "#eb6834"}}, {"type": "Feature", "geometry": {"type": "LineString", "coordinates": [[-74.02741281440986, 40.62506046585474], [-74.02502291067286, 40.62362203420174]]}, "properties": {"street": "83 STREET", "from": "4 AVENUE", "to": "5 AVENUE", "side": "N", "zone": "MON_TUE", "zone_label": "Mon/Tue", "schedules": ["MON 8:30AM-10AM"], "all_days": ["MON"], "color": "#2a78d6"}}, {"type": "Feature", "geometry": {"type": "LineString", "coordinates": [[-74.02954306450326, 40.6198672439614], [-74.02818422879025, 40.619207368310406]]}, "properties": {"street": "90 STREET", "from": "5 AVENUE", "to": "4 AVENUE", "side": "N", "zone": "MON_TUE", "zone_label": "Mon/Tue", "schedules": ["MON 8:30AM-10AM"], "all_days": ["MON"], "color": "#2a78d6"}}, {"type": "Feature", "geometry": {"type": "LineString", "coordinates": [[-74.03311725545892, 40.63273379117515], [-74.03340910913992, 40.63202725836515]]}, "properties": {"street": "COLONIAL ROAD", "from": "76 STREET", "to": "BAY RIDGE PARKWAY", "side": "E", "zone": "THU_FRI", "zone_label": "Thu/Fri", "schedules": ["FRI 9:30AM-11AM"], "all_days": ["FRI"], "color": "#4a3aa7"}}, {"type": "Feature", "geometry": {"type": "LineString", "coordinates": [[-74.02266500163806, 40.62946989131562], [-74.02030426345107, 40.62804570040362]]}, "properties": {"street": "BAY RIDGE PARKWAY", "from": "5 AVENUE", "to": "6 AVENUE", "side": "S", "zone": "MON_TUE", "zone_label": "Mon/Tue", "schedules": ["TUE 11:30AM-1PM"], "all_days": ["TUE"], "color": "#2a78d6"}}, {"type": "Feature", "geometry": {"type": "LineString", "coordinates": [[-74.01028445722277, 40.6118811136736], [-74.01205497921475, 40.6101845577946]]}, "properties": {"street": "BAY    8 STREET", "from": "86 STREET", "to": "BENSON AVENUE", "side": "W", "zone": "WED_FRI", "zone_label": "Wed/Fri", "schedules": ["WED 11:30AM-1PM"], "all_days": ["WED"], "color": "#eb6834"}}, {"type": "Feature", "geometry": {"type": "LineString", "coordinates": [[-74.01429765861832, 40.63094414214834], [-74.01368185828579, 40.63057244680058], [-74.0120965945242, 40.629615552366666]]}, "properties": {"street": "68 STREET", "from": "9 AVENUE", "to": "8 AVENUE", "side": "N", "zone": "WED_THU", "zone_label": "Wed/Thu", "schedules": ["WED 11:30AM-1PM"], "all_days": ["WED"], "color": "#e34948"}}, {"type": "Feature", "geometry": {"type": "LineString", "coordinates": [[-74.00381192563763, 40.61350281955821], [-74.00409748663651, 40.61322825026967], [-74.00439276965925, 40.612944331613235]]}, "properties": {"street": "16 AVENUE", "from": "80 STREET", "to": "81 STREET", "side": "W", "zone": "OTHER", "zone_label": "Other", "schedules": ["TUE 11:30AM-1PM"], "all_days": ["TUE"], "color": "#898781"}}, {"type": "Feature", "geometry": {"type": "LineString", "coordinates": [[-74.01325912012038, 40.64228880086158], [-74.01105594117237, 40.64095951722058]]}, "properties": {"street": "55 STREET", "from": "5 AVENUE", "to": "4 AVENUE", "side": "S", "zone": "DAILY", "zone_label": "Daily (except Sun)", "schedules": ["MON/TUE/WED/THU/FRI/SAT 8:30AM-9AM", "WED 8:30AM-10AM"], "all_days": ["MON", "TUE", "WED", "THU", "FRI", "SAT"], "color": "#e87ba4"}}, {"type": "Feature", "geometry": {"type": "LineString", "coordinates": [[-74.02746429092015, 40.62501119529326], [-74.02507438718315, 40.62357276364026]]}, "properties": {"street": "83 STREET", "from": "4 AVENUE", "to": "5 AVENUE", "side": "S", "zone": "MON_TUE", "zone_label": "Mon/Tue", "schedules": ["TUE 8:30AM-10AM"], "all_days": ["TUE"], "color": "#2a78d6"}}, {"type": "Feature", "geometry": {"type": "LineString", "coordinates": [[-74.00780802553224, 40.62334434144483], [-74.00806565325499, 40.62309668944649], [-74.00815067751789, 40.62301496113488], [-74.0083907647109, 40.622784167876745]]}, "properties": {"street": "12 AVENUE", "from": "73 STREET", "to": "72 STREET", "side": "E", "zone": "WED_THU", "zone_label": "Wed/Thu", "schedules": ["THU 8:30AM-10AM"], "all_days": ["THU"], "color": "#e34948"}}, {"type": "Feature", "geometry": {"type": "LineString", "coordinates": [[-74.00284672199197, 40.60023082478219], [-74.00391419533797, 40.599207566337185]]}, "properties": {"street": "20 AVENUE", "from": "CROPSEY AVENUE", "to": "20 DRIVE", "side": "W", "zone": "OTHER", "zone_label": "Other", "schedules": ["MON 11:30AM-1PM"], "all_days": ["MON"], "color": "#898781"}}, {"type": "Feature", "geometry": {"type": "LineString", "coordinates": [[-74.01164074929127, 40.62660698976279], [-74.00943742288126, 40.62527564714279]]}, "properties": {"street": "71 STREET", "from": "10 AVENUE", "to": "11 AVENUE", "side": "N", "zone": "WED_THU", "zone_label": "Wed/Thu", "schedules": ["WED 9:30AM-11AM"], "all_days": ["WED"], "color": "#e34948"}}, {"type": "Feature", "geometry": {"type": "LineString", "coordinates": [[-74.00079276754268, 40.61630241202348], [-74.00141784435368, 40.61569949829248]]}, "properties": {"street": "16 AVENUE", "from": "76 STREET", "to": "BAY RIDGE PARKWAY", "side": "E", "zone": "OTHER", "zone_label": "Other", "schedules": ["MON 11:30AM-1PM"], "all_days": ["MON"], "color": "#898781"}}, {"type": "Feature", "geometry": {"type": "LineString", "coordinates": [[-74.00660032256755, 40.60692787830024], [-74.00585697158155, 40.60647999933624]]}, "properties": {"street": "BENSON AVENUE", "from": "BAY   16 STREET", "to": "17 AVENUE", "side": "N", "zone": "MON_TUE", "zone_label": "Mon/Tue", "schedules": ["MON 11:30AM-1PM"], "all_days": ["MON"], "color": "#2a78d6"}}, {"type": "Feature", "geometry": {"type": "LineString", "coordinates": [[-74.02074220565342, 40.63853238991303], [-74.01854758262041, 40.63720061751203]]}, "properties": {"street": "64 STREET", "from": "4 AVENUE", "to": "5 AVENUE", "side": "S", "zone": "WED_THU", "zone_label": "Wed/Thu", "schedules": ["WED 9:30AM-11AM"], "all_days": ["WED"], "color": "#e34948"}}, {"type": "Feature", "geometry": {"type": "LineString", "coordinates": [[-74.00367907954546, 40.6170247737161], [-74.00147618016346, 40.6156943390141]]}, "properties": {"street": "76 STREET", "from": "16 AVENUE", "to": "15 AVENUE", "side": "S", "zone": "OTHER", "zone_label": "Other", "schedules": ["WED 11:30AM-1PM"], "all_days": ["WED"], "color": "#898781"}}, {"type": "Feature", "geometry": {"type": "LineString", "coordinates": [[-74.01394417127291, 40.606043700915], [-74.01613229351392, 40.603948369423996]]}, "properties": {"street": "BAY   10 STREET", "from": "CROPSEY AVENUE", "to": "INDEPENDENCE AVENUE", "side": "W", "zone": "WED_FRI", "zone_label": "Wed/Fri", "schedules": ["WED 11:30AM-1PM"], "all_days": ["WED"], "color": "#eb6834"}}, {"type": "Feature", "geometry": {"type": "LineString", "coordinates": [[-74.01892479600635, 40.64025104577953], [-74.01674384553635, 40.638931818479534]]}, "properties": {"street": "61 STREET", "from": "5 AVENUE", "to": "4 AVENUE", "side": "N", "zone": "WED_THU", "zone_label": "Wed/Thu", "schedules": ["THU 9:30AM-11AM"], "all_days": ["THU"], "color": "#e34948"}}, {"type": "Feature", "geometry": {"type": "LineString", "coordinates": [[-74.00303607158527, 40.60224893876652], [-74.00432304083327, 40.60101045439852]]}, "properties": {"street": "BAY   22 STREET", "from": "CROPSEY AVENUE", "to": "BATH AVENUE", "side": "E", "zone": "MON_TUE", "zone_label": "Mon/Tue", "schedules": ["TUE 11:30AM-1PM"], "all_days": ["TUE"], "color": "#2a78d6"}}, {"type": "Feature", "geometry": {"type": "LineString", "coordinates": [[-74.03359159838955, 40.61725347487973], [-74.03110497530254, 40.61602857996473]]}, "properties": {"street": "95 STREET", "from": "3 AVENUE", "to": "4 AVENUE", "side": "N", "zone": "MON_TUE", "zone_label": "Mon/Tue", "schedules": ["MON 9:30AM-11AM"], "all_days": ["MON"], "color": "#2a78d6"}}, {"type": "Feature", "geometry": {"type": "LineString", "coordinates": [[-74.03070684419414, 40.63640925415438], [-74.03117118167714, 40.635271737599375]]}, "properties": {"street": "RIDGECREST TERRACE", "from": "70 STREET", "to": "71 STREET", "side": "W", "zone": "MON_TUE", "zone_label": "Mon/Tue", "schedules": ["MON 9:30AM-11AM"], "all_days": ["MON"], "color": "#2a78d6"}}, {"type": "Feature", "geometry": {"type": "LineString", "coordinates": [[-74.00781503513717, 40.637179148715504], [-74.00561322057216, 40.6358498492725]]}, "properties": {"street": "57 STREET", "from": "9 AVENUE", "to": "8 AVENUE", "side": "S", "zone": "MON_THU", "zone_label": "Mon/Thu", "schedules": ["THU 9:30AM-11AM"], "all_days": ["THU"], "color": "#eda100"}}, {"type": "Feature", "geometry": {"type": "LineString", "coordinates": [[-74.01545738934131, 40.61598682561705], [-74.01608685376131, 40.61537294396005]]}, "properties": {"street": "12 AVENUE", "from": "86 STREET", "to": "85 STREET", "side": "E", "zone": "WED_FRI", "zone_label": "Wed/Fri", "schedules": ["FRI 8:30AM-10AM"], "all_days": ["FRI"], "color": "#eb6834"}}, {"type": "Feature", "geometry": {"type": "LineString", "coordinates": [[-74.0219281034784, 40.63748495246414], [-74.0202210591354, 40.63644229374114]]}, "properties": {"street": "66 STREET", "from": "5 AVENUE", "to": "4 AVENUE", "side": "N", "zone": "OTHER", "zone_label": "Other", "schedules": ["MON 8:30AM-10AM"], "all_days": ["MON"], "color": "#898781"}}, {"type": "Feature", "geometry": {"type": "LineString", "coordinates": [[-74.00126913422213, 40.63600945228172], [-74.00198877778813, 40.63553129464872]]}, "properties": {"street": "FORT HAMILTON PARKWAY", "from": "54 STREET", "to": "55 STREET", "side": "W", "zone": "MON_THU", "zone_label": "Mon/Thu", "schedules": ["MON 8:30AM-10AM"], "all_days": ["MON"], "color": "#eda100"}}, {"type": "Feature", "geometry": {"type": "LineString", "coordinates": [[-74.01105032840212, 40.627122729237435], [-74.01163406586812, 40.62656288131644]]}, "properties": {"street": "10 AVENUE", "from": "71 STREET", "to": "70 STREET", "side": "E", "zone": "WED_THU", "zone_label": "Wed/Thu", "schedules": ["THU 9:30AM-11AM"], "all_days": ["THU"], "color": "#e34948"}}, {"type": "Feature", "geometry": {"type": "LineString", "coordinates": [[-74.03016345901392, 40.625669242103434], [-74.02745125799792, 40.62500590502143]]}, "properties": {"street": "83 STREET", "from": "3 AVENUE", "to": "4 AVENUE", "side": "S", "zone": "MON_TUE", "zone_label": "Mon/Tue", "schedules": ["TUE 8:30AM-10AM"], "all_days": ["TUE"], "color": "#2a78d6"}}, {"type": "Feature", "geometry": {"type": "LineString", "coordinates": [[-74.0166684395092, 40.628663719880166], [-74.0143119455342, 40.62723083277017]]}, "properties": {"street": "72 STREET", "from": "FT HAMILTON PARKWAY", "to": "8 AVENUE", "side": "S", "zone": "WED_THU", "zone_label": "Wed/Thu", "schedules": ["THU 11:30AM-1PM"], "all_days": ["THU"], "color": "#e34948"}}, {"type": "Feature", "geometry": {"type": "LineString", "coordinates": [[-74.0035811193834, 40.630906510978825], [-74.0013761441604, 40.62958157849882]]}, "properties": {"street": "61 STREET", "from": "13 AVENUE", "to": "11 AVENUE", "side": "S", "zone": "OTHER", "zone_label": "Other", "schedules": ["THU 8:30AM-10AM"], "all_days": ["THU"], "color": "#898781"}}, {"type": "Feature", "geometry": {"type": "LineString", "coordinates": [[-74.01319757176067, 40.61826392213867], [-74.01378184717268, 40.617704344663665]]}, "properties": {"street": "12 AVENUE", "from": "81 STREET", "to": "82 STREET", "side": "W", "zone": "WED_FRI", "zone_label": "Wed/Fri", "schedules": ["WED 8:30AM-10AM"], "all_days": ["WED"], "color": "#eb6834"}}, {"type": "Feature", "geometry": {"type": "LineString", "coordinates": [[-74.01552275882268, 40.616025449460956], [-74.01615222324268, 40.61541156780395]]}, "properties": {"street": "12 AVENUE", "from": "85 STREET", "to": "86 STREET", "side": "W", "zone": "WED_FRI", "zone_label": "Wed/Fri", "schedules": ["WED 8:30AM-10AM"], "all_days": ["WED"], "color": "#eb6834"}}, {"type": "Feature", "geometry": {"type": "LineString", "coordinates": [[-74.00055378426462, 40.63648749299066], [-74.00126922311362, 40.636009393179656]]}, "properties": {"street": "FORT HAMILTON PARKWAY", "from": "52 STREET", "to": "53 STREET", "side": "W", "zone": "MON_THU", "zone_label": "Mon/Thu", "schedules": ["MON 8:30AM-10AM"], "all_days": ["MON"], "color": "#eda100"}}, {"type": "Feature", "geometry": {"type": "LineString", "coordinates": [[-74.01006898540082, 40.62466982427655], [-74.00786633247881, 40.62333922489455]]}, "properties": {"street": "72 STREET", "from": "12 AVENUE", "to": "11 AVENUE", "side": "S", "zone": "WED_THU", "zone_label": "Wed/Thu", "schedules": ["THU 9:30AM-11AM"], "all_days": ["THU"], "color": "#e34948"}}, {"type": "Feature", "geometry": {"type": "LineString", "coordinates": [[-74.0310496062193, 40.6306992357932], [-74.02836894059729, 40.6300609649602]]}, "properties": {"street": "77 STREET", "from": "RIDGE BOULEVARD", "to": "3 AVENUE", "side": "N", "zone": "THU_FRI", "zone_label": "Thu/Fri", "schedules": ["THU 8:30AM-10AM"], "all_days": ["THU"], "color": "#4a3aa7"}}, {"type": "Feature", "geometry": {"type": "LineString", "coordinates": [[-74.0293179448785, 40.63483568642573], [-74.0295946216515, 40.63415192325673]]}, "properties": {"street": "RIDGE BOULEVARD", "from": "72 STREET", "to": "71 STREET", "side": "E", "zone": "MON_TUE", "zone_label": "Mon/Tue", "schedules": ["TUE 9:30AM-11AM"], "all_days": ["TUE"], "color": "#2a78d6"}}, {"type": "Feature", "geometry": {"type": "LineString", "coordinates": [[-74.01526895158993, 40.62311665074845], [-74.01336014420274, 40.62196314122696], [-74.01306783070363, 40.62178649305386]]}, "properties": {"street": "77 STREET", "from": "10 AVENUE", "to": "11 AVENUE", "side": "S", "zone": "WED_FRI", "zone_label": "Wed/Fri", "schedules": ["FRI 9:30AM-11AM"], "all_days": ["FRI"], "color": "#eb6834"}}, {"type": "Feature", "geometry": {"type": "LineString", "coordinates": [[-74.02912758994358, 40.635411866124926], [-74.02831018474858, 40.635294804879926]]}, "properties": {"street": "OVINGTON AVENUE", "from": "BAY RIDGE PLACE", "to": "RIDGE BOULEVARD", "side": "N", "zone": "OTHER", "zone_label": "Other", "schedules": ["MON 8:30AM-10AM"], "all_days": ["MON"], "color": "#898781"}}, {"type": "Feature", "geometry": {"type": "LineString", "coordinates": [[-74.00635409062164, 40.60594621211446], [-74.00759445277164, 40.60475699729146]]}, "properties": {"street": "BAY   16 STREET", "from": "RUTHERFORD PLACE", "to": "BATH AVENUE", "side": "E", "zone": "MON_TUE", "zone_label": "Mon/Tue", "schedules": ["TUE 11:30AM-1PM"], "all_days": ["TUE"], "color": "#2a78d6"}}, {"type": "Feature", "geometry": {"type": "LineString", "coordinates": [[-74.02020471961201, 40.6419648553975], [-74.01846842038802, 40.640908560589494]]}, "properties": {"street": "60 STREET", "from": "4 AVENUE", "to": "3 AVENUE", "side": "N", "zone": "WED_THU", "zone_label": "Wed/Thu", "schedules": ["THU 9:30AM-11AM"], "all_days": ["THU"], "color": "#e34948"}}, {"type": "Feature", "geometry": {"type": "LineString", "coordinates": [[-74.02654813119491, 40.627225047870006], [-74.02640623947191, 40.62718534392748], [-74.0241289789914, 40.6258132615346]]}, "properties": {"street": "80 STREET", "from": "5 AVENUE", "to": "4 AVENUE", "side": "N", "zone": "MON_TUE", "zone_label": "Mon/Tue", "schedules": ["MON 8:30AM-10AM"], "all_days": ["MON"], "color": "#2a78d6"}}, {"type": "Feature", "geometry": {"type": "LineString", "coordinates": [[-74.02288993352866, 40.63614267345709], [-74.02037220554966, 40.63500000174509]]}, "properties": {"street": "SENATOR STREET", "from": "4 AVENUE", "to": "5 AVENUE", "side": "N", "zone": "MON_TUE", "zone_label": "Mon/Tue", "schedules": ["MON 8:30AM-10AM"], "all_days": ["MON"], "color": "#2a78d6"}}, {"type": "Feature", "geometry": {"type": "LineString", "coordinates": [[-74.00337204558474, 40.60769900930522], [-74.00513515258174, 40.60600449466922]]}, "properties": {"street": "BAY   17 STREET", "from": "BENSON AVENUE", "to": "86 STREET", "side": "E", "zone": "MON_TUE", "zone_label": "Mon/Tue", "schedules": ["TUE 11:30AM-1PM"], "all_days": ["TUE"], "color": "#2a78d6"}}, {"type": "Feature", "geometry": {"type": "LineString", "coordinates": [[-74.01771756249182, 40.6414334511611], [-74.01553795288983, 40.6400993336431]]}, "properties": {"street": "59 STREET", "from": "5 AVENUE", "to": "4 AVENUE", "side": "N", "zone": "WED_THU", "zone_label": "Wed/Thu", "schedules": ["THU 9:30AM-11AM"], "all_days": ["THU"], "color": "#e34948"}}, {"type": "Feature", "geometry": {"type": "LineString", "coordinates": [[-74.03435306980717, 40.61202490741551], [-74.03315932150517, 40.611426456076515]]}, "properties": {"street": "101 STREET", "from": "4 AVENUE", "to": "3 AVENUE", "side": "S", "zone": "MON_TUE", "zone_label": "Mon/Tue", "schedules": ["TUE 9:30AM-11AM"], "all_days": ["TUE"], "color": "#2a78d6"}}, {"type": "Feature", "geometry": {"type": "LineString", "coordinates": [[-74.03202509015637, 40.63551339346153], [-74.03153106835792, 40.63539289653505], [-74.03111892760329, 40.63529236685055]]}, "properties": {"street": "71 STREET", "from": "RIDGECREST TERRACE", "to": "COLONIAL ROAD", "side": "N", "zone": "OTHER", "zone_label": "Other", "schedules": ["MON 9:30AM-11AM"], "all_days": ["MON"], "color": "#898781"}}, {"type": "Feature", "geometry": {"type": "LineString", "coordinates": [[-74.00181485614807, 40.6034201344429], [-74.00303611346108, 40.6022488979589]]}, "properties": {"street": "BAY   22 STREET", "from": "BENSON AVENUE", "to": "86 STREET", "side": "E", "zone": "OTHER", "zone_label": "Other", "schedules": ["TUE 8:30AM-10AM"], "all_days": ["TUE"], "color": "#898781"}}, {"type": "Feature", "geometry": {"type": "LineString", "coordinates": [[-74.00433205915122, 40.60105582121866], [-74.00357936326823, 40.60066213853466]]}, "properties": {"street": "CROPSEY AVENUE", "from": "BAY   23 STREET", "to": "BAY   22 STREET", "side": "N", "zone": "MON_TUE", "zone_label": "Mon/Tue", "schedules": ["MON 11:30AM-1PM"], "all_days": ["MON"], "color": "#2a78d6"}}, {"type": "Feature", "geometry": {"type": "LineString", "coordinates": [[-74.02801119559969, 40.62360461590965], [-74.02563718167269, 40.622173495854646]]}, "properties": {"street": "85 STREET", "from": "4 AVENUE", "to": "5 AVENUE", "side": "N", "zone": "MON_TUE", "zone_label": "Mon/Tue", "schedules": ["MON 8:30AM-10AM"], "all_days": ["MON"], "color": "#2a78d6"}}, {"type": "Feature", "geometry": {"type": "LineString", "coordinates": [[-74.02502302046797, 40.623622099732465], [-74.02266236099797, 40.62221102433347]]}, "properties": {"street": "83 STREET", "from": "5 AVENUE", "to": "6 AVENUE", "side": "N", "zone": "THU_FRI", "zone_label": "Thu/Fri", "schedules": ["THU 11:30AM-1PM"], "all_days": ["THU"], "color": "#4a3aa7"}}, {"type": "Feature", "geometry": {"type": "LineString", "coordinates": [[-74.015457416718, 40.629780872166315], [-74.016037867339, 40.62922238928831]]}, "properties": {"street": "8 AVENUE", "from": "71 STREET", "to": "70 STREET", "side": "E", "zone": "WED_THU", "zone_label": "Wed/Thu", "schedules": ["THU 11:30AM-1PM"], "all_days": ["THU"], "color": "#e34948"}}, {"type": "Feature", "geometry": {"type": "LineString", "coordinates": [[-74.02269946501937, 40.618079216857765], [-74.02289539414332, 40.61784999556389], [-74.0229289187283, 40.6178107714212], [-74.0236833249135, 40.61692815243821]]}, "properties": {"street": "BATTERY AVENUE", "from": "90 STREET", "to": "88 STREET", "side": "E", "zone": "MON_TUE", "zone_label": "Mon/Tue", "schedules": ["TUE 11:30AM-1PM"], "all_days": ["TUE"], "color": "#2a78d6"}}, {"type": "Feature", "geometry": {"type": "LineString", "coordinates": [[-74.00310257257212, 40.61034311675686], [-74.00345931204612, 40.60999667612686]]}, "properties": {"street": "17 AVENUE", "from": "83 STREET", "to": "84 STREET", "side": "W", "zone": "OTHER", "zone_label": "Other", "schedules": ["MON 11:30AM-1PM"], "all_days": ["MON"], "color": "#898781"}}, {"type": "Feature", "geometry": {"type": "LineString", "coordinates": [[-74.017014852041, 40.62143743251006], [-74.01481194361199, 40.620108406704055]]}, "properties": {"street": "80 STREET", "from": "11 AVENUE", "to": "10 AVENUE", "side": "S", "zone": "WED_FRI", "zone_label": "Wed/Fri", "schedules": ["FRI 9:30AM-11AM"], "all_days": ["FRI"], "color": "#eb6834"}}, {"type": "Feature", "geometry": {"type": "LineString", "coordinates": [[-74.00343268421767, 40.62415617911669], [-74.00117870118167, 40.62287610803769]]}, "properties": {"street": "OVINGTON AVENUE", "from": "14 AVENUE", "to": "13 AVENUE", "side": "N", "zone": "WED_THU", "zone_label": "Wed/Thu", "schedules": ["WED 8:30AM-10AM"], "all_days": ["WED"], "color": "#e34948"}}, {"type": "Feature", "geometry": {"type": "LineString", "coordinates": [[-74.03283621481758, 40.633428339108775], [-74.03297142815957, 40.63309418103014], [-74.03311718299817, 40.63273396685857]]}, "properties": {"street": "COLONIAL ROAD", "from": "BAY RIDGE PARKWAY", "to": "74 STREET", "side": "E", "zone": "THU_FRI", "zone_label": "Thu/Fri", "schedules": ["FRI 9:30AM-11AM"], "all_days": ["FRI"], "color": "#4a3aa7"}}, {"type": "Feature", "geometry": {"type": "LineString", "coordinates": [[-74.02203968154762, 40.618964046113554], [-74.02276892845663, 40.61811347960355]]}, "properties": {"street": "BATTERY AVENUE", "from": "88 STREET", "to": "86 STREET", "side": "W", "zone": "MON_TUE", "zone_label": "Mon/Tue", "schedules": ["MON 11:30AM-1PM"], "all_days": ["MON"], "color": "#2a78d6"}}, {"type": "Feature", "geometry": {"type": "LineString", "coordinates": [[-74.01209654614001, 40.6296155227937], [-74.01140263527101, 40.6291953572617]]}, "properties": {"street": "68 STREET", "from": "FT HAMILTON PARKWAY", "to": "9 AVENUE", "side": "N", "zone": "WED_THU", "zone_label": "Wed/Thu", "schedules": ["WED 11:30AM-1PM"], "all_days": ["WED"], "color": "#e34948"}}, {"type": "Feature", "geometry": {"type": "LineString", "coordinates": [[-74.00872268634721, 40.629359918099695], [-74.00930652195622, 40.6288009375277]]}, "properties": {"street": "10 AVENUE", "from": "67 STREET", "to": "66 STREET", "side": "E", "zone": "WED_THU", "zone_label": "Wed/Thu", "schedules": ["THU 9:30AM-11AM"], "all_days": ["THU"], "color": "#e34948"}}, {"type": "Feature", "geometry": {"type": "LineString", "coordinates": [[-74.01754511237743, 40.63476701318173], [-74.01779619749644, 40.63426957964873]]}, "properties": {"street": "6 AVENUE", "from": "66 STREET", "to": "67 STREET", "side": "W", "zone": "OTHER", "zone_label": "Other", "schedules": ["MON 11:30AM-1PM"], "all_days": ["MON"], "color": "#898781"}}, {"type": "Feature", "geometry": {"type": "LineString", "coordinates": [[-74.03017988508317, 40.632828929363626], [-74.02749617673517, 40.632192836411626]]}, "properties": {"street": "74 STREET", "from": "RIDGE BOULEVARD", "to": "3 AVENUE", "side": "N", "zone": "THU_FRI", "zone_label": "Thu/Fri", "schedules": ["THU 8:30AM-10AM"], "all_days": ["THU"], "color": "#4a3aa7"}}, {"type": "Feature", "geometry": {"type": "LineString", "coordinates": [[-74.00997566460498, 40.60623695076253], [-74.00916768512398, 40.60574730547653]]}, "properties": {"street": "BATH AVENUE", "from": "BAY   14 STREET", "to": "BAY   13 STREET", "side": "N", "zone": "MON_TUE", "zone_label": "Mon/Tue", "schedules": ["TUE 11:30AM-1PM"], "all_days": ["TUE"], "color": "#2a78d6"}}, {"type": "Feature", "geometry": {"type": "LineString", "coordinates": [[-74.03130916098763, 40.63737482903599], [-74.03144125069315, 40.637051002572655], [-74.03146605846067, 40.63699018366686], [-74.03158846479442, 40.6366901064315]]}, "properties": {"street": "COLONIAL ROAD", "from": "BAY RIDGE AVENUE", "to": "70 STREET", "side": "W", "zone": "MON_TUE", "zone_label": "Mon/Tue", "schedules": ["MON 9:30AM-11AM"], "all_days": ["MON"], "color": "#2a78d6"}}, {"type": "Feature", "geometry": {"type": "LineString", "coordinates": [[-74.01203624806537, 40.61938068593676], [-74.01261779122837, 40.61882182739976]]}, "properties": {"street": "12 AVENUE", "from": "79 STREET", "to": "80 STREET", "side": "W", "zone": "WED_FRI", "zone_label": "Wed/Fri", "schedules": ["WED 8:30AM-10AM"], "all_days": ["WED"], "color": "#eb6834"}}, {"type": "Feature", "geometry": {"type": "LineString", "coordinates": [[-74.02927517216857, 40.62052191378145], [-74.02769264968957, 40.61978355514445]]}, "properties": {"street": "89 STREET", "from": "4 AVENUE", "to": "5 AVENUE", "side": "N", "zone": "MON_TUE", "zone_label": "Mon/Tue", "schedules": ["MON 8:30AM-10AM"], "all_days": ["MON"], "color": "#2a78d6"}}, {"type": "Feature", "geometry": {"type": "LineString", "coordinates": [[-74.01318072316012, 40.605603919432035], [-74.01281013088477, 40.60541173571673], [-74.01239555927592, 40.60519673689505]]}, "properties": {"street": "CROPSEY AVENUE", "from": "BAY   11 STREET", "to": "16 AVENUE", "side": "S", "zone": "MON_TUE", "zone_label": "Mon/Tue", "schedules": ["TUE 11:30AM-1PM"], "all_days": ["TUE"], "color": "#2a78d6"}}, {"type": "Feature", "geometry": {"type": "LineString", "coordinates": [[-74.00147650265605, 40.639773690362574], [-74.00205954461605, 40.63921398196458]]}, "properties": {"street": "9 AVENUE", "from": "51 STREET", "to": "50 STREET", "side": "E", "zone": "MON_THU", "zone_label": "Mon/Thu", "schedules": ["THU 8:30AM-10AM"], "all_days": ["THU"], "color": "#eda100"}}, {"type": "Feature", "geometry": {"type": "LineString", "coordinates": [[-74.02099214664476, 40.63350353524315], [-74.01971584596775, 40.63292007235715]]}, "properties": {"street": "BAY RIDGE AVENUE", "from": "VISTA PLACE", "to": "5 AVENUE", "side": "N", "zone": "OTHER", "zone_label": "Other", "schedules": ["MON 11:30AM-1PM"], "all_days": ["MON"], "color": "#898781"}}, {"type": "Feature", "geometry": {"type": "LineString", "coordinates": [[-74.01512156555161, 40.63325461552277], [-74.0131517175936, 40.63204644250977]]}, "properties": {"street": "66 STREET", "from": "8 AVENUE", "to": "7 AVENUE", "side": "N", "zone": "WED_THU", "zone_label": "Wed/Thu", "schedules": ["WED 11:30AM-1PM"], "all_days": ["WED"], "color": "#e34948"}}, {"type": "Feature", "geometry": {"type": "LineString", "coordinates": [[-74.01928841904677, 40.6192497790614], [-74.01708654208277, 40.617920346700394]]}, "properties": {"street": "84 STREET", "from": "11 AVENUE", "to": "10 AVENUE", "side": "N", "zone": "WED_FRI", "zone_label": "Wed/Fri", "schedules": ["WED 9:30AM-11AM"], "all_days": ["WED"], "color": "#eb6834"}}, {"type": "Feature", "geometry": {"type": "LineString", "coordinates": [[-74.00636064339817, 40.60599025584548], [-74.00565084950016, 40.605557979474476]]}, "properties": {"street": "RUTHERFORD PLACE", "from": "BAY   17 STREET", "to": "BAY   16 STREET", "side": "N", "zone": "MON_TUE", "zone_label": "Mon/Tue", "schedules": ["MON 11:30AM-1PM"], "all_days": ["MON"], "color": "#2a78d6"}}, {"type": "Feature", "geometry": {"type": "LineString", "coordinates": [[-74.03362619357232, 40.612867845196654], [-74.03183530334132, 40.611986556234655]]}, "properties": {"street": "100 STREET", "from": "3 AVENUE", "to": "4 AVENUE", "side": "N", "zone": "MON_TUE", "zone_label": "Mon/Tue", "schedules": ["MON 9:30AM-11AM"], "all_days": ["MON"], "color": "#2a78d6"}}, {"type": "Feature", "geometry": {"type": "LineString", "coordinates": [[-74.01053778468354, 40.613924366508506], [-74.01112023000553, 40.613366799089505]]}, "properties": {"street": "14 AVENUE", "from": "84 STREET", "to": "85 STREET", "side": "W", "zone": "WED_FRI", "zone_label": "Wed/Fri", "schedules": ["WED 8:30AM-10AM"], "all_days": ["WED"], "color": "#eb6834"}}, {"type": "Feature", "geometry": {"type": "LineString", "coordinates": [[-74.02622486726595, 40.62791892153358], [-74.02652234142695, 40.62718614511458]]}, "properties": {"street": "4 AVENUE", "from": "80 STREET", "to": "79 STREET", "side": "E", "zone": "THU_FRI", "zone_label": "Thu/Fri", "schedules": ["FRI 8:30AM-10AM"], "all_days": ["FRI"], "color": "#4a3aa7"}}, {"type": "Feature", "geometry": {"type": "LineString", "coordinates": [[-74.01760380798325, 40.62092585560058], [-74.01818548650026, 40.620364092324586]]}, "properties": {"street": "10 AVENUE", "from": "81 STREET", "to": "82 STREET", "side": "W", "zone": "WED_FRI", "zone_label": "Wed/Fri", "schedules": ["WED 11:30AM-1PM"], "all_days": ["WED"], "color": "#eb6834"}}, {"type": "Feature", "geometry": {"type": "LineString", "coordinates": [[-74.01085718727974, 40.606728483622234], [-74.01112443908454, 40.606471810009964], [-74.01240468938168, 40.60524219608645]]}, "properties": {"street": "16 AVENUE", "from": "BATH AVENUE", "to": "CROPSEY AVENUE", "side": "W", "zone": "MON_TUE", "zone_label": "Mon/Tue", "schedules": ["MON 11:30AM-1PM"], "all_days": ["MON"], "color": "#2a78d6"}}, {"type": "Feature", "geometry": {"type": "LineString", "coordinates": [[-74.0043838233032, 40.62673807213502], [-74.00496582880119, 40.626178447417026]]}, "properties": {"street": "12 AVENUE", "from": "66 STREET", "to": "67 STREET", "side": "W", "zone": "WED_THU", "zone_label": "Wed/Thu", "schedules": ["WED 8:30AM-10AM"], "all_days": ["WED"], "color": "#e34948"}}, {"type": "Feature", "geometry": {"type": "LineString", "coordinates": [[-74.01125403545277, 40.60973896319402], [-74.01051253590677, 40.60929097858102]]}, "properties": {"street": "BENSON AVENUE", "from": "BAY   10 STREET", "to": "15 AVENUE", "side": "N", "zone": "WED_FRI", "zone_label": "Wed/Fri", "schedules": ["WED 11:30AM-1PM"], "all_days": ["WED"], "color": "#eb6834"}}, {"type": "Feature", "geometry": {"type": "LineString", "coordinates": [[-74.00948899233273, 40.62522643215154], [-74.00728677087073, 40.62389846045254]]}, "properties": {"street": "71 STREET", "from": "11 AVENUE", "to": "12 AVENUE", "side": "S", "zone": "WED_THU", "zone_label": "Wed/Thu", "schedules": ["THU 9:30AM-11AM"], "all_days": ["THU"], "color": "#e34948"}}, {"type": "Feature", "geometry": {"type": "LineString", "coordinates": [[-74.02719389308773, 40.625744349496436], [-74.02747813634373, 40.625045099780436]]}, "properties": {"street": "4 AVENUE", "from": "82 STREET", "to": "83 STREET", "side": "W", "zone": "MON_TUE", "zone_label": "Mon/Tue", "schedules": ["MON 8:30AM-10AM"], "all_days": ["MON"], "color": "#2a78d6"}}, {"type": "Feature", "geometry": {"type": "LineString", "coordinates": [[-74.02145642356965, 40.62508271367043], [-74.02175614929965, 40.62435384818243]]}, "properties": {"street": "6 AVENUE", "from": "80 STREET", "to": "79 STREET", "side": "E", "zone": "MON_TUE", "zone_label": "Mon/Tue", "schedules": ["TUE 11:30AM-1PM"], "all_days": ["TUE"], "color": "#2a78d6"}}, {"type": "Feature", "geometry": {"type": "LineString", "coordinates": [[-74.00307375603373, 40.62794874729043], [-74.00087004853373, 40.62661720500343]]}, "properties": {"street": "64 STREET", "from": "13 AVENUE", "to": "14 AVENUE", "side": "N", "zone": "WED_THU", "zone_label": "Wed/Thu", "schedules": ["WED 8:30AM-10AM"], "all_days": ["WED"], "color": "#e34948"}}, {"type": "Feature", "geometry": {"type": "LineString", "coordinates": [[-74.00200708151712, 40.6151855374999], [-74.00037300270313, 40.6141984933319]]}, "properties": {"street": "77 STREET", "from": "NEW UTRECHT AVENUE", "to": "17 AVENUE", "side": "N", "zone": "OTHER", "zone_label": "Other", "schedules": ["MON 11:30AM-1PM"], "all_days": ["MON"], "color": "#898781"}}, {"type": "Feature", "geometry": {"type": "LineString", "coordinates": [[-74.0102912606241, 40.62105992289967], [-74.0108722808961, 40.62050065485167]]}, "properties": {"street": "12 AVENUE", "from": "76 STREET", "to": "77 STREET", "side": "W", "zone": "WED_FRI", "zone_label": "Wed/Fri", "schedules": ["WED 8:30AM-10AM"], "all_days": ["WED"], "color": "#eb6834"}}, {"type": "Feature", "geometry": {"type": "LineString", "coordinates": [[-74.01725911603255, 40.60517060630902], [-74.01649165203655, 40.604705068388014]]}, "properties": {"street": "INDEPENDENCE AVENUE", "from": "BAY    8 STREET", "to": "15 AVENUE", "side": "N", "zone": "WED_FRI", "zone_label": "Wed/Fri", "schedules": ["WED 11:30AM-1PM"], "all_days": ["WED"], "color": "#eb6834"}}, {"type": "Feature", "geometry": {"type": "LineString", "coordinates": [[-74.00260831877132, 40.60388046532414], [-74.00182365281631, 40.60346544803613]]}, "properties": {"street": "BENSON AVENUE", "from": "BAY   22 STREET", "to": "19 AVENUE", "side": "N", "zone": "OTHER", "zone_label": "Other", "schedules": ["WED 8:30AM-10AM"], "all_days": ["WED"], "color": "#898781"}}, {"type": "Feature", "geometry": {"type": "LineString", "coordinates": [[-74.03190679709269, 40.62140529736799], [-74.0291892434327, 40.62075958994699]]}, "properties": {"street": "89 STREET", "from": "4 AVENUE", "to": "3 AVENUE", "side": "N", "zone": "MON_TUE", "zone_label": "Mon/Tue", "schedules": ["MON 8:30AM-10AM"], "all_days": ["MON"], "color": "#2a78d6"}}, {"type": "Feature", "geometry": {"type": "LineString", "coordinates": [[-74.02936999059067, 40.63481492574552], [-74.02669335762867, 40.63417548903052]]}, "properties": {"street": "71 STREET", "from": "3 AVENUE", "to": "RIDGE BOULEVARD", "side": "S", "zone": "MON_TUE", "zone_label": "Mon/Tue", "schedules": ["TUE 8:30AM-10AM"], "all_days": ["TUE"], "color": "#2a78d6"}}, {"type": "Feature", "geometry": {"type": "LineString", "coordinates": [[-74.02231943620544, 40.63030455415323], [-74.01985190743844, 40.629149639811224]]}, "properties": {"street": "74 STREET", "from": "5 AVENUE", "to": "6 AVENUE", "side": "S", "zone": "MON_TUE", "zone_label": "Mon/Tue", "schedules": ["TUE 11:30AM-1PM"], "all_days": ["TUE"], "color": "#2a78d6"}}, {"type": "Feature", "geometry": {"type": "LineString", "coordinates": [[-74.00588115433533, 40.64243368686914], [-74.00646579039632, 40.64187300163614]]}, "properties": {"street": "7 AVENUE", "from": "50 STREET", "to": "49 STREET", "side": "E", "zone": "OTHER", "zone_label": "Other", "schedules": ["WED 11:30AM-1PM"], "all_days": ["WED"], "color": "#898781"}}, {"type": "Feature", "geometry": {"type": "LineString", "coordinates": [[-74.02959469843135, 40.634151736570644], [-74.02987546257735, 40.633472933650644]]}, "properties": {"street": "RIDGE BOULEVARD", "from": "73 STREET", "to": "72 STREET", "side": "E", "zone": "MON_TUE", "zone_label": "Mon/Tue", "schedules": ["TUE 9:30AM-11AM"], "all_days": ["TUE"], "color": "#2a78d6"}}, {"type": "Feature", "geometry": {"type": "LineString", "coordinates": [[-74.00340439434414, 40.62068410439718], [-74.00398789254714, 40.62012488948918]]}, "properties": {"street": "14 AVENUE", "from": "73 STREET", "to": "72 STREET", "side": "E", "zone": "WED_THU", "zone_label": "Wed/Thu", "schedules": ["THU 8:30AM-10AM"], "all_days": ["THU"], "color": "#e34948"}}, {"type": "Feature", "geometry": {"type": "LineString", "coordinates": [[-74.00619438823149, 40.621497221378654], [-74.00399457782049, 40.620169015743656]]}, "properties": {"street": "73 STREET", "from": "13 AVENUE", "to": "14 AVENUE", "side": "N", "zone": "WED_THU", "zone_label": "Wed/Thu", "schedules": ["WED 8:30AM-10AM"], "all_days": ["WED"], "color": "#e34948"}}, {"type": "Feature", "geometry": {"type": "LineString", "coordinates": [[-74.00117345853022, 40.60637396697439], [-74.00337778258121, 40.60424815083039]]}, "properties": {"street": "BAY   20 STREET", "from": "BENSON AVENUE", "to": "86 STREET", "side": "E", "zone": "OTHER", "zone_label": "Other", "schedules": ["TUE 8:30AM-10AM"], "all_days": ["TUE"], "color": "#898781"}}, {"type": "Feature", "geometry": {"type": "LineString", "coordinates": [[-74.01646317363263, 40.62580814287956], [-74.0143969997577, 40.624560975143666], [-74.01400901020281, 40.62432677092128]]}, "properties": {"street": "BAY RIDGE PARKWAY", "from": "10 AVENUE", "to": "FORT HAMILTON PARKWAY", "side": "N", "zone": "WED_FRI", "zone_label": "Wed/Fri", "schedules": ["WED 11:30AM-1PM"], "all_days": ["WED"], "color": "#eb6834"}}, {"type": "Feature", "geometry": {"type": "LineString", "coordinates": [[-74.00921929544184, 40.60569812412056], [-74.00839620367384, 40.60520120648556]]}, "properties": {"street": "BATH AVENUE", "from": "BAY   14 STREET", "to": "17 AVENUE", "side": "S", "zone": "OTHER", "zone_label": "Other", "schedules": ["MON/TUE/THU/FRI 7:30AM-8AM"], "all_days": ["MON", "TUE", "THU", "FRI"], "color": "#898781"}}, {"type": "Feature", "geometry": {"type": "LineString", "coordinates": [[-74.00646779496516, 40.61784238164692], [-74.00704916206716, 40.61728161105192]]}, "properties": {"street": "14 AVENUE", "from": "77 STREET", "to": "78 STREET", "side": "W", "zone": "WED_FRI", "zone_label": "Wed/Fri", "schedules": ["WED 8:30AM-10AM"], "all_days": ["WED"], "color": "#eb6834"}}, {"type": "Feature", "geometry": {"type": "LineString", "coordinates": [[-74.03435306980717, 40.61202490741551], [-74.03315932150517, 40.611426456076515]]}, "properties": {"street": "101 STREET", "from": "FT HAMILTON PARKWAY", "to": "4 AVENUE", "side": "S", "zone": "OTHER", "zone_label": "Other", "schedules": ["THU 11:30AM-1PM"], "all_days": ["THU"], "color": "#898781"}}, {"type": "Feature", "geometry": {"type": "LineString", "coordinates": [[-74.03284600127813, 40.62630726846351], [-74.03063741872455, 40.62578197453959], [-74.03016314178956, 40.62566916555038]]}, "properties": {"street": "83 STREET", "from": "COLONIAL ROAD", "to": "RIDGE BOULEVARD", "side": "S", "zone": "MON_TUE", "zone_label": "Mon/Tue", "schedules": ["TUE 9:30AM-11AM"], "all_days": ["TUE"], "color": "#2a78d6"}}, {"type": "Feature", "geometry": {"type": "LineString", "coordinates": [[-74.00448152386102, 40.60482816389821], [-74.00562223536102, 40.60359792911821]]}, "properties": {"street": "BAY   19 STREET", "from": "BENSON AVENUE", "to": "BATH AVENUE", "side": "W", "zone": "OTHER", "zone_label": "Other", "schedules": ["WED 8:30AM-10AM"], "all_days": ["WED"], "color": "#898781"}}, {"type": "Feature", "geometry": {"type": "LineString", "coordinates": [[-74.00595396586102, 40.61483659512065], [-74.00414987641352, 40.613747217231335], [-74.00375363430662, 40.61350794220153]]}, "properties": {"street": "80 STREET", "from": "16 AVENUE", "to": "15 AVENUE", "side": "N", "zone": "THU_FRI", "zone_label": "Thu/Fri", "schedules": ["THU 11:30AM-1PM"], "all_days": ["THU"], "color": "#4a3aa7"}}, {"type": "Feature", "geometry": {"type": "LineString", "coordinates": [[-74.02928834512332, 40.627811144392496], [-74.02657432318132, 40.627165401529496]]}, "properties": {"street": "80 STREET", "from": "4 AVENUE", "to": "3 AVENUE", "side": "S", "zone": "MON_TUE", "zone_label": "Mon/Tue", "schedules": ["TUE 8:30AM-10AM"], "all_days": ["TUE"], "color": "#2a78d6"}}, {"type": "Feature", "geometry": {"type": "LineString", "coordinates": [[-74.00641246961784, 40.60594120546653], [-74.00570267571983, 40.60550892909553]]}, "properties": {"street": "RUTHERFORD PLACE", "from": "BAY   17 STREET", "to": "BAY   16 STREET", "side": "S", "zone": "MON_TUE", "zone_label": "Mon/Tue", "schedules": ["TUE 11:30AM-1PM"], "all_days": ["TUE"], "color": "#2a78d6"}}, {"type": "Feature", "geometry": {"type": "LineString", "coordinates": [[-74.0059831628344, 40.6113138280472], [-74.00633783634157, 40.61097252013788], [-74.0066525831021, 40.61066963003679]]}, "properties": {"street": "16 AVENUE", "from": "85 STREET", "to": "84 STREET", "side": "E", "zone": "MON_TUE", "zone_label": "Mon/Tue", "schedules": ["MON 11:30AM-1PM"], "all_days": ["MON"], "color": "#2a78d6"}}, {"type": "Feature", "geometry": {"type": "LineString", "coordinates": [[-74.03110156824503, 40.63067856925878], [-74.03140076411603, 40.629948067765774]]}, "properties": {"street": "RIDGE BOULEVARD", "from": "77 STREET", "to": "78 STREET", "side": "W", "zone": "THU_FRI", "zone_label": "Thu/Fri", "schedules": ["THU 9:30AM-11AM"], "all_days": ["THU"], "color": "#4a3aa7"}}, {"type": "Feature", "geometry": {"type": "LineString", "coordinates": [[-74.00688972913066, 40.63112253923526], [-74.00747099592367, 40.63056525174026]]}, "properties": {"street": "10 AVENUE", "from": "64 STREET", "to": "63 STREET", "side": "E", "zone": "WED_THU", "zone_label": "Wed/Thu", "schedules": ["THU 9:30AM-11AM"], "all_days": ["THU"], "color": "#e34948"}}, {"type": "Feature", "geometry": {"type": "LineString", "coordinates": [[-74.00747095124515, 40.63056529493477], [-74.00809735448715, 40.62996256198477]]}, "properties": {"street": "10 AVENUE", "from": "65 STREET", "to": "64 STREET", "side": "E", "zone": "WED_THU", "zone_label": "Wed/Thu", "schedules": ["THU 9:30AM-11AM"], "all_days": ["THU"], "color": "#e34948"}}, {"type": "Feature", "geometry": {"type": "LineString", "coordinates": [[-74.0049112470774, 40.60510795257217], [-74.0044231255634, 40.60483539330017]]}, "properties": {"street": "BENSON AVENUE", "from": "BAY   19 STREET", "to": "18 AVENUE", "side": "N", "zone": "OTHER", "zone_label": "Other", "schedules": ["WED 8:30AM-10AM"], "all_days": ["WED"], "color": "#898781"}}, {"type": "Feature", "geometry": {"type": "LineString", "coordinates": [[-74.01701489162195, 40.63522792449111], [-74.01651148189295, 40.634546845167115]]}, "properties": {"street": "ERIC PLACE", "from": "6 AVENUE", "to": "67 STREET", "side": "W", "zone": "OTHER", "zone_label": "Other", "schedules": ["MON 11:30AM-1PM"], "all_days": ["MON"], "color": "#898781"}}, {"type": "Feature", "geometry": {"type": "LineString", "coordinates": [[-74.03114372451964, 40.63523236837993], [-74.030705732838, 40.63513070043736], [-74.03028105371284, 40.63503212525873]]}, "properties": {"street": "71 STREET", "from": "RIDGE BOULEVARD", "to": "COLONIAL ROAD", "side": "S", "zone": "MON_TUE", "zone_label": "Mon/Tue", "schedules": ["TUE 9:30AM-11AM"], "all_days": ["TUE"], "color": "#2a78d6"}}, {"type": "Feature", "geometry": {"type": "LineString", "coordinates": [[-74.00765943843658, 40.604795981975315], [-74.00902861733758, 40.60347749171531]]}, "properties": {"street": "BAY   16 STREET", "from": "BATH AVENUE", "to": "CROPSEY AVENUE", "side": "W", "zone": "MON_TUE", "zone_label": "Mon/Tue", "schedules": ["MON 11:30AM-1PM"], "all_days": ["MON"], "color": "#2a78d6"}}, {"type": "Feature", "geometry": {"type": "LineString", "coordinates": [[-74.00380701708582, 40.63073931048364], [-74.00398519476082, 40.63056744556864]]}, "properties": {"street": "11 AVENUE", "from": "61 STREET", "to": "62 STREET", "side": "W", "zone": "WED_THU", "zone_label": "Wed/Thu", "schedules": ["WED 9:30AM-11AM"], "all_days": ["WED"], "color": "#e34948"}}, {"type": "Feature", "geometry": {"type": "LineString", "coordinates": [[-74.00711801174009, 40.613717877731666], [-74.0049167254571, 40.61238913040666]]}, "properties": {"street": "82 STREET", "from": "16 AVENUE", "to": "15 AVENUE", "side": "N", "zone": "MON_TUE", "zone_label": "Mon/Tue", "schedules": ["MON 11:30AM-1PM"], "all_days": ["MON"], "color": "#2a78d6"}}, {"type": "Feature", "geometry": {"type": "LineString", "coordinates": [[-74.00300066634529, 40.61767745349411], [-74.00079950861628, 40.61634644847611]]}, "properties": {"street": "BAY RIDGE PARKWAY", "from": "16 AVENUE", "to": "15 AVENUE", "side": "N", "zone": "OTHER", "zone_label": "Other", "schedules": ["MON 11:30AM-1PM"], "all_days": ["MON"], "color": "#898781"}}, {"type": "Feature", "geometry": {"type": "LineString", "coordinates": [[-74.03260723279053, 40.634087963432826], [-74.03043264267906, 40.63357219287013], [-74.02992735060073, 40.63345234042324]]}, "properties": {"street": "73 STREET", "from": "NARROWS AVENUE", "to": "COLONIAL ROAD", "side": "S", "zone": "MON_TUE", "zone_label": "Mon/Tue", "schedules": ["TUE 9:30AM-11AM"], "all_days": ["TUE"], "color": "#2a78d6"}}, {"type": "Feature", "geometry": {"type": "LineString", "coordinates": [[-74.0344272324167, 40.636837001366295], [-74.0339417276302, 40.63668642608508], [-74.03282459598272, 40.636339942152404], [-74.0327861003745, 40.63632800317725], [-74.03248943393879, 40.636235982172174]]}, "properties": {"street": "MACKAY PLACE", "from": "SHORE ROAD", "to": "NARROWS AVENUE", "side": "N", "zone": "MON_TUE", "zone_label": "Mon/Tue", "schedules": ["MON 9:30AM-11AM"], "all_days": ["MON"], "color": "#2a78d6"}}, {"type": "Feature", "geometry": {"type": "LineString", "coordinates": [[-74.01902863369136, 40.62363391506076], [-74.01638184653736, 40.62204707084975]]}, "properties": {"street": "79 STREET", "from": "7 AVENUE", "to": "10 AVENUE", "side": "N", "zone": "WED_FRI", "zone_label": "Wed/Fri", "schedules": ["WED 11:30AM-1PM"], "all_days": ["WED"], "color": "#eb6834"}}, {"type": "Feature", "geometry": {"type": "LineString", "coordinates": [[-74.00042605018976, 40.60592320668654], [-74.00259949943076, 40.60383517275354]]}, "properties": {"street": "19 AVENUE", "from": "86 STREET", "to": "85 STREET", "side": "E", "zone": "OTHER", "zone_label": "Other", "schedules": ["MON/TUE/THU/FRI 8AM-8:30AM"], "all_days": ["MON", "TUE", "THU", "FRI"], "color": "#898781"}}, {"type": "Feature", "geometry": {"type": "LineString", "coordinates": [[-74.01665077816216, 40.63230381648952], [-74.01693270377315, 40.63161687686851]]}, "properties": {"street": "7 AVENUE", "from": "BAY RIDGE AVENUE", "to": "68 STREET", "side": "E", "zone": "MON_THU", "zone_label": "Mon/Thu", "schedules": ["THU 11:30AM-1PM"], "all_days": ["THU"], "color": "#eda100"}}, {"type": "Feature", "geometry": {"type": "LineString", "coordinates": [[-74.00743725428832, 40.60267975026626], [-74.00709157820665, 40.60249908227719], [-74.00675875871083, 40.60232513945825]]}, "properties": {"street": "CROPSEY AVENUE", "from": "BAY   19 STREET", "to": "18 AVENUE", "side": "N", "zone": "MON_TUE", "zone_label": "Mon/Tue", "schedules": ["MON 11:30AM-1PM"], "all_days": ["MON"], "color": "#2a78d6"}}, {"type": "Feature", "geometry": {"type": "LineString", "coordinates": [[-74.01320754490362, 40.642338020026415], [-74.01100436595561, 40.641008736385416]]}, "properties": {"street": "55 STREET", "from": "6 AVENUE", "to": "5 AVENUE", "side": "N", "zone": "DAILY", "zone_label": "Daily (except Sun)", "schedules": ["MON/TUE/WED/THU/FRI/SAT 9AM-9:30AM", "THU 8:30AM-10AM"], "all_days": ["MON", "TUE", "WED", "THU", "FRI", "SAT"], "color": "#e87ba4"}}, {"type": "Feature", "geometry": {"type": "LineString", "coordinates": [[-74.03259577409321, 40.627027591510895], [-74.03287319109022, 40.626346557428896]]}, "properties": {"street": "RIDGE BOULEVARD", "from": "82 STREET", "to": "83 STREET", "side": "W", "zone": "MON_TUE", "zone_label": "Mon/Tue", "schedules": ["MON 9:30AM-11AM"], "all_days": ["MON"], "color": "#2a78d6"}}, {"type": "Feature", "geometry": {"type": "LineString", "coordinates": [[-74.00723300039395, 40.637738199211704], [-74.00503055200895, 40.6364088532157]]}, "properties": {"street": "56 STREET", "from": "8 AVENUE", "to": "9 AVENUE", "side": "S", "zone": "MON_THU", "zone_label": "Mon/Thu", "schedules": ["THU 9:30AM-11AM"], "all_days": ["THU"], "color": "#eda100"}}, {"type": "Feature", "geometry": {"type": "LineString", "coordinates": [[-74.01267631789803, 40.642849414999716], [-74.01047407735703, 40.641519084192716]]}, "properties": {"street": "54 STREET", "from": "5 AVENUE", "to": "6 AVENUE", "side": "S", "zone": "DAILY", "zone_label": "Daily (except Sun)", "schedules": ["MON/TUE/WED/THU/FRI/SAT 8:30AM-9AM", "WED 8:30AM-10AM"], "all_days": ["MON", "TUE", "WED", "THU", "FRI", "SAT"], "color": "#e87ba4"}}, {"type": "Feature", "geometry": {"type": "LineString", "coordinates": [[-74.01918204564186, 40.62925948314736], [-74.01808627113584, 40.62860310072636]]}, "properties": {"street": "73 STREET", "from": "6 AVENUE", "to": "SEVENTH AVENUE", "side": "S", "zone": "MON_TUE", "zone_label": "Mon/Tue", "schedules": ["TUE 11:30AM-1PM"], "all_days": ["TUE"], "color": "#2a78d6"}}, {"type": "Feature", "geometry": {"type": "LineString", "coordinates": [[-74.03492505419734, 40.61432305452134], [-74.03314140745135, 40.61343659662435]]}, "properties": {"street": "99 STREET", "from": "4 AVENUE", "to": "3 AVENUE", "side": "N", "zone": "MON_TUE", "zone_label": "Mon/Tue", "schedules": ["MON 9:30AM-11AM"], "all_days": ["MON"], "color": "#2a78d6"}}, {"type": "Feature", "geometry": {"type": "LineString", "coordinates": [[-74.02189978174434, 40.639317614466734], [-74.02172970992133, 40.639214148508735]]}, "properties": {"street": "64 STREET", "from": "3 AVENUE", "to": "65 STREET", "side": "N", "zone": "OTHER", "zone_label": "Other", "schedules": ["MON 9:30AM-11AM"], "all_days": ["MON"], "color": "#898781"}}, {"type": "Feature", "geometry": {"type": "LineString", "coordinates": [[-74.01913071379616, 40.62930884289664], [-74.01803493929015, 40.62865246047564]]}, "properties": {"street": "73 STREET", "from": "6 AVENUE", "to": "7 AVENUE", "side": "N", "zone": "OTHER", "zone_label": "Other", "schedules": ["MON 11:30AM-1PM"], "all_days": ["MON"], "color": "#898781"}}, {"type": "Feature", "geometry": {"type": "LineString", "coordinates": [[-74.0338784646985, 40.61654586508031], [-74.0314930197285, 40.615364745511314]]}, "properties": {"street": "96 STREET", "from": "3 AVENUE", "to": "MARINE AVENUE", "side": "N", "zone": "THU_FRI", "zone_label": "Thu/Fri", "schedules": ["FRI 9:30AM-11AM"], "all_days": ["FRI"], "color": "#4a3aa7"}}, {"type": "Feature", "geometry": {"type": "LineString", "coordinates": [[-74.03495122501549, 40.62835320234855], [-74.03227017847149, 40.62771849775854]]}, "properties": {"street": "81 STREET", "from": "COLONIAL ROAD", "to": "RIDGE BOULEVARD", "side": "S", "zone": "MON_TUE", "zone_label": "Mon/Tue", "schedules": ["TUE 9:30AM-11AM"], "all_days": ["TUE"], "color": "#2a78d6"}}, {"type": "Feature", "geometry": {"type": "LineString", "coordinates": [[-74.01481197683282, 40.62010842702018], [-74.01385575616938, 40.61953029475394], [-74.01302229532178, 40.619026370791445], [-74.01261109432795, 40.61877774674539]]}, "properties": {"street": "80 STREET", "from": "12 AVENUE", "to": "11 AVENUE", "side": "S", "zone": "WED_FRI", "zone_label": "Wed/Fri", "schedules": ["FRI 9:30AM-11AM"], "all_days": ["FRI"], "color": "#eb6834"}}, {"type": "Feature", "geometry": {"type": "LineString", "coordinates": [[-74.01065119508942, 40.62410913378192], [-74.00844906911043, 40.62277904969892]]}, "properties": {"street": "73 STREET", "from": "11 AVENUE", "to": "12 AVENUE", "side": "S", "zone": "WED_THU", "zone_label": "Wed/Thu", "schedules": ["THU 9:30AM-11AM"], "all_days": ["THU"], "color": "#e34948"}}, {"type": "Feature", "geometry": {"type": "LineString", "coordinates": [[-74.0066496909455, 40.638298424895375], [-74.0044475787245, 40.63696860893337]]}, "properties": {"street": "55 STREET", "from": "9 AVENUE", "to": "8 AVENUE", "side": "S", "zone": "MON_THU", "zone_label": "Mon/Thu", "schedules": ["THU 9:30AM-11AM"], "all_days": ["THU"], "color": "#eda100"}}, {"type": "Feature", "geometry": {"type": "LineString", "coordinates": [[-74.03121009912184, 40.61568392511762], [-74.02942606481282, 40.61479576279463]]}, "properties": {"street": "95 STREET", "from": "4 AVENUE", "to": "FT HAMILTON PARKWAY", "side": "S", "zone": "THU_FRI", "zone_label": "Thu/Fri", "schedules": ["THU 11:30AM-1PM"], "all_days": ["THU"], "color": "#4a3aa7"}}, {"type": "Feature", "geometry": {"type": "LineString", "coordinates": [[-74.00722844290762, 40.62390364062834], [-74.00755337392366, 40.623590075962156], [-74.00780797718187, 40.623344387742705]]}, "properties": {"street": "12 AVENUE", "from": "72 STREET", "to": "71 STREET", "side": "E", "zone": "WED_THU", "zone_label": "Wed/Thu", "schedules": ["THU 8:30AM-10AM"], "all_days": ["THU"], "color": "#e34948"}}, {"type": "Feature", "geometry": {"type": "LineString", "coordinates": [[-74.00315223453697, 40.641658168048465], [-74.00095251703497, 40.640329527803466]]}, "properties": {"street": "49 STREET", "from": "8 AVENUE", "to": "7 AVENUE", "side": "S", "zone": "DAILY", "zone_label": "Daily (except Sun)", "schedules": ["MON/TUE/WED/THU/FRI/SAT 8AM-8:30AM", "TUE 11:30AM-1PM"], "all_days": ["MON", "TUE", "WED", "THU", "FRI", "SAT"], "color": "#e87ba4"}}, {"type": "Feature", "geometry": {"type": "LineString", "coordinates": [[-74.01431341231446, 40.62727897203646], [-74.01502938760048, 40.62680073160546]]}, "properties": {"street": "FORT HAMILTON PARKWAY", "from": "72 STREET", "to": "73 STREET", "side": "W", "zone": "WED_THU", "zone_label": "Wed/Thu", "schedules": ["WED 11:30AM-1PM"], "all_days": ["WED"], "color": "#e34948"}}, {"type": "Feature", "geometry": {"type": "LineString", "coordinates": [[-74.00659371365008, 40.61427313083106], [-74.00717630127608, 40.61371274630806]]}, "properties": {"street": "15 AVENUE", "from": "81 STREET", "to": "82 STREET", "side": "W", "zone": "MON_TUE", "zone_label": "Mon/Tue", "schedules": ["MON 11:30AM-1PM"], "all_days": ["MON"], "color": "#2a78d6"}}, {"type": "Feature", "geometry": {"type": "LineString", "coordinates": [[-74.00559369507504, 40.63311491920831], [-74.00633494674904, 40.632615831133315]]}, "properties": {"street": "FORT HAMILTON PARKWAY", "from": "61 STREET", "to": "60 STREET", "side": "E", "zone": "MON_THU", "zone_label": "Mon/Thu", "schedules": ["THU 8:30AM-10AM"], "all_days": ["THU"], "color": "#eda100"}}, {"type": "Feature", "geometry": {"type": "LineString", "coordinates": [[-74.00516509488374, 40.601413785885406], [-74.00437898855273, 40.6010040090794]]}, "properties": {"street": "CROPSEY AVENUE", "from": "19 AVENUE", "to": "BAY   22 STREET", "side": "S", "zone": "MON_TUE", "zone_label": "Mon/Tue", "schedules": ["TUE 11:30AM-1PM"], "all_days": ["TUE"], "color": "#2a78d6"}}, {"type": "Feature", "geometry": {"type": "LineString", "coordinates": [[-74.03258251502547, 40.63414798221317], [-74.03040792466693, 40.63363221159187], [-74.02990263152526, 40.633512358892766]]}, "properties": {"street": "73 STREET", "from": "RIDGE BOULEVARD", "to": "COLONIAL ROAD", "side": "N", "zone": "MON_TUE", "zone_label": "Mon/Tue", "schedules": ["MON 9:30AM-11AM"], "all_days": ["MON"], "color": "#2a78d6"}}, {"type": "Feature", "geometry": {"type": "LineString", "coordinates": [[-74.00564995134174, 40.609083408677556], [-74.00715063595618, 40.607637807711384], [-74.00741640296177, 40.607381781997766]]}, "properties": {"street": "BAY   14 STREET", "from": "BENSON AVENUE", "to": "86 STREET", "side": "E", "zone": "MON_TUE", "zone_label": "Mon/Tue", "schedules": ["TUE 11:30AM-1PM"], "all_days": ["TUE"], "color": "#2a78d6"}}, {"type": "Feature", "geometry": {"type": "LineString", "coordinates": [[-74.01429639233832, 40.61710609125248], [-74.01487778232833, 40.61654664051748]]}, "properties": {"street": "12 AVENUE", "from": "84 STREET", "to": "83 STREET", "side": "E", "zone": "WED_FRI", "zone_label": "Wed/Fri", "schedules": ["FRI 8:30AM-10AM"], "all_days": ["FRI"], "color": "#eb6834"}}, {"type": "Feature", "geometry": {"type": "LineString", "coordinates": [[-74.02152137794346, 40.625067250984586], [-74.02010094484446, 40.62422982602759]]}, "properties": {"street": "79 STREET", "from": "7 AVENUE", "to": "6 AVENUE", "side": "S", "zone": "MON_TUE", "zone_label": "Mon/Tue", "schedules": ["TUE 11:30AM-1PM"], "all_days": ["TUE"], "color": "#2a78d6"}}, {"type": "Feature", "geometry": {"type": "LineString", "coordinates": [[-74.0137939376597, 40.608462280740085], [-74.0130502249487, 40.60801401551409]]}, "properties": {"street": "BATH AVENUE", "from": "BAY    8 STREET", "to": "15 AVENUE", "side": "S", "zone": "WED_FRI", "zone_label": "Wed/Fri", "schedules": ["WED 11:30AM-1PM"], "all_days": ["WED"], "color": "#eb6834"}}, {"type": "Feature", "geometry": {"type": "LineString", "coordinates": [[-74.00004925012978, 40.63435348343439], [-74.00063264744978, 40.633793187541386]]}, "properties": {"street": "11 AVENUE", "from": "55 STREET", "to": "56 STREET", "side": "W", "zone": "MON_THU", "zone_label": "Mon/Thu", "schedules": ["THU 8:30AM-10AM"], "all_days": ["THU"], "color": "#eda100"}}, {"type": "Feature", "geometry": {"type": "LineString", "coordinates": [[-74.03020458659684, 40.63276890685637], [-74.02752087824884, 40.63213281390437]]}, "properties": {"street": "74 STREET", "from": "RIDGE BOULEVARD", "to": "3 AVENUE", "side": "S", "zone": "THU_FRI", "zone_label": "Thu/Fri", "schedules": ["FRI 8:30AM-10AM"], "all_days": ["FRI"], "color": "#4a3aa7"}}, {"type": "Feature", "geometry": {"type": "LineString", "coordinates": [[-74.02926356093468, 40.627871146829506], [-74.02654953899268, 40.627225403966506]]}, "properties": {"street": "80 STREET", "from": "4 AVENUE", "to": "3 AVENUE", "side": "N", "zone": "MON_TUE", "zone_label": "Mon/Tue", "schedules": ["MON 8:30AM-10AM"], "all_days": ["MON"], "color": "#2a78d6"}}, {"type": "Feature", "geometry": {"type": "LineString", "coordinates": [[-74.02539719986582, 40.61938582046236], [-74.02492769446512, 40.61915187805573], [-74.02456671112172, 40.61897200502715]]}, "properties": {"street": "88 STREET", "from": "FT HAMILTON PARKWAY", "to": "GATLING PLACE", "side": "S", "zone": "THU_FRI", "zone_label": "Thu/Fri", "schedules": ["THU 11:30AM-1PM"], "all_days": ["THU"], "color": "#4a3aa7"}}, {"type": "Feature", "geometry": {"type": "LineString", "coordinates": [[-74.01817872691774, 40.62032007143699], [-74.01597644584874, 40.61898850131899]]}, "properties": {"street": "82 STREET", "from": "11 AVENUE", "to": "10 AVENUE", "side": "S", "zone": "WED_FRI", "zone_label": "Wed/Fri", "schedules": ["FRI 9:30AM-11AM"], "all_days": ["FRI"], "color": "#eb6834"}}, {"type": "Feature", "geometry": {"type": "LineString", "coordinates": [[-74.02025655591798, 40.64191579446051], [-74.01852025669399, 40.64085949965251]]}, "properties": {"street": "60 STREET", "from": "3 AVENUE", "to": "4 AVENUE", "side": "S", "zone": "WED_THU", "zone_label": "Wed/Thu", "schedules": ["WED 9:30AM-11AM"], "all_days": ["WED"], "color": "#e34948"}}, {"type": "Feature", "geometry": {"type": "LineString", "coordinates": [[-74.00439278018531, 40.61294432121734], [-74.00469830471843, 40.61265029811231], [-74.00497502060861, 40.61238399308273]]}, "properties": {"street": "16 AVENUE", "from": "81 STREET", "to": "82 STREET", "side": "W", "zone": "MON_TUE", "zone_label": "Mon/Tue", "schedules": ["TUE 11:30AM-1PM"], "all_days": ["TUE"], "color": "#2a78d6"}}, {"type": "Feature", "geometry": {"type": "LineString", "coordinates": [[-74.00925065225452, 40.630617538219454], [-74.00815564996252, 40.62995741392945]]}, "properties": {"street": "65 STREET", "from": "FT HAMILTON PARKWAY", "to": "10 AVENUE", "side": "S", "zone": "WED_THU", "zone_label": "Wed/Thu", "schedules": ["THU 9:30AM-11AM"], "all_days": ["THU"], "color": "#e34948"}}, {"type": "Feature", "geometry": {"type": "LineString", "coordinates": [[-74.00880031643763, 40.639677457382845], [-74.00804210226974, 40.63921961710762], [-74.00659809179724, 40.63834762826683]]}, "properties": {"street": "55 STREET", "from": "8 AVENUE", "to": "7 AVENUE", "side": "N", "zone": "DAILY", "zone_label": "Daily (except Sun)", "schedules": ["THU 11:30AM-1PM"], "all_days": ["THU"], "color": "#e87ba4"}}, {"type": "Feature", "geometry": {"type": "LineString", "coordinates": [[-74.012611085756, 40.618777741932455], [-74.010409688166, 40.61744735267346]]}, "properties": {"street": "80 STREET", "from": "13 AVENUE", "to": "12 AVENUE", "side": "S", "zone": "WED_FRI", "zone_label": "Wed/Fri", "schedules": ["FRI 8:30AM-10AM"], "all_days": ["FRI"], "color": "#eb6834"}}, {"type": "Feature", "geometry": {"type": "LineString", "coordinates": [[-74.03256855442316, 40.62698829542361], [-74.03034718584595, 40.62646136970963], [-74.02988470237251, 40.62635165433987]]}, "properties": {"street": "82 STREET", "from": "3 AVENUE", "to": "RIDGE BOULEVARD", "side": "S", "zone": "MON_TUE", "zone_label": "Mon/Tue", "schedules": ["TUE 8:30AM-10AM"], "all_days": ["TUE"], "color": "#2a78d6"}}, {"type": "Feature", "geometry": {"type": "LineString", "coordinates": [[-74.01610247046482, 40.63616541967063], [-74.01632492275682, 40.635938096853636]]}, "properties": {"street": "6 AVENUE", "from": "63 STREET", "to": "65 STREET", "side": "W", "zone": "OTHER", "zone_label": "Other", "schedules": ["MON 11:30AM-1PM"], "all_days": ["MON"], "color": "#898781"}}, {"type": "Feature", "geometry": {"type": "LineString", "coordinates": [[-74.03497042694664, 40.614270444858654], [-74.03318678020065, 40.61338398696166]]}, "properties": {"street": "99 STREET", "from": "4 AVENUE", "to": "3 AVENUE", "side": "S", "zone": "MON_TUE", "zone_label": "Mon/Tue", "schedules": ["TUE 9:30AM-11AM"], "all_days": ["TUE"], "color": "#2a78d6"}}, {"type": "Feature", "geometry": {"type": "LineString", "coordinates": [[-74.01921859931716, 40.63660341007559], [-74.01973762827116, 40.636108145104586]]}, "properties": {"street": "5 AVENUE", "from": "65 STREET", "to": "66 STREET", "side": "W", "zone": "MON_TUE", "zone_label": "Mon/Tue", "schedules": ["MON 8:30AM-10AM"], "all_days": ["MON"], "color": "#2a78d6"}}, {"type": "Feature", "geometry": {"type": "LineString", "coordinates": [[-74.00601224088976, 40.614831487704784], [-74.00659369267575, 40.614273151250785]]}, "properties": {"street": "15 AVENUE", "from": "80 STREET", "to": "81 STREET", "side": "W", "zone": "THU_FRI", "zone_label": "Thu/Fri", "schedules": ["THU 11:30AM-1PM"], "all_days": ["THU"], "color": "#4a3aa7"}}, {"type": "Feature", "geometry": {"type": "LineString", "coordinates": [[-74.00460393319976, 40.603067367948285], [-74.00589307503175, 40.601828991657285]]}, "properties": {"street": "BAY   20 STREET", "from": "CROPSEY AVENUE", "to": "BATH AVENUE", "side": "E", "zone": "MON_TUE", "zone_label": "Mon/Tue", "schedules": ["TUE 11:30AM-1PM"], "all_days": ["TUE"], "color": "#2a78d6"}}, {"type": "Feature", "geometry": {"type": "LineString", "coordinates": [[-74.01071097180889, 40.634345298782044], [-74.01129525980689, 40.63378324678504]]}, "properties": {"street": "8 AVENUE", "from": "63 STREET", "to": "62 STREET", "side": "E", "zone": "OTHER", "zone_label": "Other", "schedules": ["THU 11:30AM-1PM"], "all_days": ["THU"], "color": "#898781"}}, {"type": "Feature", "geometry": {"type": "LineString", "coordinates": [[-74.01234874548723, 40.60524861083173], [-74.01185660153271, 40.60499183382364], [-74.01147779156533, 40.60479418990031]]}, "properties": {"street": "CROPSEY AVENUE", "from": "BAY   13 STREET", "to": "16 AVENUE", "side": "N", "zone": "MON_TUE", "zone_label": "Mon/Tue", "schedules": ["MON 11:30AM-1PM"], "all_days": ["MON"], "color": "#2a78d6"}}, {"type": "Feature", "geometry": {"type": "LineString", "coordinates": [[-74.00848304127616, 40.631133852650045], [-74.00752921157716, 40.63056012557705]]}, "properties": {"street": "64 STREET", "from": "FT HAMILTON PARKWAY", "to": "10 AVENUE", "side": "S", "zone": "WED_THU", "zone_label": "Wed/Thu", "schedules": ["THU 9:30AM-11AM"], "all_days": ["THU"], "color": "#e34948"}}, {"type": "Feature", "geometry": {"type": "LineString", "coordinates": [[-74.00017669516886, 40.63078408946686], [-74.00078165451886, 40.63020280173485]]}, "properties": {"street": "12 AVENUE", "from": "59 STREET", "to": "60 STREET", "side": "W", "zone": "MON_THU", "zone_label": "Mon/Thu", "schedules": ["MON 8:30AM-10AM"], "all_days": ["MON"], "color": "#eda100"}}, {"type": "Feature", "geometry": {"type": "LineString", "coordinates": [[-74.02074481849827, 40.63415039685522], [-74.01928639894527, 40.63347480179322]]}, "properties": {"street": "68 STREET", "from": "VISTA PLACE", "to": "5 AVENUE", "side": "S", "zone": "MON_TUE", "zone_label": "Mon/Tue", "schedules": ["TUE 11:30AM-1PM"], "all_days": ["TUE"], "color": "#2a78d6"}}, {"type": "Feature", "geometry": {"type": "LineString", "coordinates": [[-74.02459448971356, 40.64175452614294], [-74.02267840592478, 40.64059384230422], [-74.02252358082292, 40.64054042265581]]}, "properties": {"street": "63 STREET", "from": "3 AVENUE", "to": "2 AVENUE", "side": "S", "zone": "OTHER", "zone_label": "Other", "schedules": ["TUE/FRI 12AM-3AM"], "all_days": ["TUE", "FRI"], "color": "#898781"}}, {"type": "Feature", "geometry": {"type": "LineString", "coordinates": [[-74.0056885440565, 40.62548263625561], [-74.0061293645805, 40.62506066577761]]}, "properties": {"street": "12 AVENUE", "from": "OVINGTON AVENUE", "to": "BAY RIDGE AVENUE", "side": "W", "zone": "WED_THU", "zone_label": "Wed/Thu", "schedules": ["WED 8:30AM-10AM"], "all_days": ["WED"], "color": "#e34948"}}, {"type": "Feature", "geometry": {"type": "LineString", "coordinates": [[-74.00432550424945, 40.626743189101425], [-74.00212369043945, 40.62541265215343]]}, "properties": {"street": "66 STREET", "from": "14 AVENUE", "to": "13 AVENUE", "side": "N", "zone": "WED_THU", "zone_label": "Wed/Thu", "schedules": ["WED 8:30AM-10AM"], "all_days": ["WED"], "color": "#e34948"}}, {"type": "Feature", "geometry": {"type": "LineString", "coordinates": [[-74.00184243760508, 40.61036404967935], [-74.00263277337709, 40.60955939073534]]}, "properties": {"street": "BAY   16 STREET", "from": "NEW UTRECHT AVENUE", "to": "84 STREET", "side": "E", "zone": "MON_TUE", "zone_label": "Mon/Tue", "schedules": ["TUE 11:30AM-1PM"], "all_days": ["TUE"], "color": "#2a78d6"}}, {"type": "Feature", "geometry": {"type": "LineString", "coordinates": [[-74.00801988777046, 40.6105126469232], [-74.00979126955247, 40.6088152782712]]}, "properties": {"street": "BAY   11 STREET", "from": "BENSON AVENUE", "to": "86 STREET", "side": "E", "zone": "MON_TUE", "zone_label": "Mon/Tue", "schedules": ["TUE 11:30AM-1PM"], "all_days": ["TUE"], "color": "#2a78d6"}}, {"type": "Feature", "geometry": {"type": "LineString", "coordinates": [[-74.00113187631874, 40.60306234066997], [-74.00234881528874, 40.60189336376697]]}, "properties": {"street": "BAY   23 STREET", "from": "86 STREET", "to": "BENSON AVENUE", "side": "W", "zone": "OTHER", "zone_label": "Other", "schedules": ["WED 8:30AM-10AM"], "all_days": ["WED"], "color": "#898781"}}, {"type": "Feature", "geometry": {"type": "LineString", "coordinates": [[-74.01007572351922, 40.62471388676934], [-74.01033046407794, 40.62446857129505], [-74.01041223811127, 40.624389813370236], [-74.01065793633418, 40.624153197344604]]}, "properties": {"street": "11 AVENUE", "from": "72 STREET", "to": "73 STREET", "side": "W", "zone": "WED_THU", "zone_label": "Wed/Thu", "schedules": ["WED 9:30AM-11AM"], "all_days": ["WED"], "color": "#e34948"}}, {"type": "Feature", "geometry": {"type": "LineString", "coordinates": [[-74.01500672145411, 40.64060908281025], [-74.01280246321912, 40.63927924668025]]}, "properties": {"street": "58 STREET", "from": "5 AVENUE", "to": "6 AVENUE", "side": "S", "zone": "WED_THU", "zone_label": "Wed/Thu", "schedules": ["WED 9:30AM-11AM"], "all_days": ["WED"], "color": "#e34948"}}, {"type": "Feature", "geometry": {"type": "LineString", "coordinates": [[-74.00037499042602, 40.640933068363864], [-74.00095918699003, 40.64037365408986]]}, "properties": {"street": "9 AVENUE", "from": "48 STREET", "to": "49 STREET", "side": "W", "zone": "MON_THU", "zone_label": "Mon/Thu", "schedules": ["MON 8:30AM-10AM"], "all_days": ["MON"], "color": "#eda100"}}, {"type": "Feature", "geometry": {"type": "LineString", "coordinates": [[-74.02148654831728, 40.618054239872954], [-74.02186453664429, 40.617670511496954]]}, "properties": {"street": "PARROTT PLACE", "from": "SEVENTH AVENUE", "to": "88 STREET", "side": "W", "zone": "OTHER", "zone_label": "Other", "schedules": ["MON 11:30AM-1PM"], "all_days": ["MON"], "color": "#898781"}}, {"type": "Feature", "geometry": {"type": "LineString", "coordinates": [[-74.00636580071556, 40.631677249056914], [-74.00416437374855, 40.630347588019916]]}, "properties": {"street": "62 STREET", "from": "10 AVENUE", "to": "11 AVENUE", "side": "S", "zone": "WED_THU", "zone_label": "Wed/Thu", "schedules": ["THU 9:30AM-11AM"], "all_days": ["THU"], "color": "#e34948"}}, {"type": "Feature", "geometry": {"type": "LineString", "coordinates": [[-74.00989723192761, 40.642124560899376], [-74.01048080324762, 40.641563153372374]]}, "properties": {"street": "6 AVENUE", "from": "53 STREET", "to": "54 STREET", "side": "W", "zone": "THU_FRI", "zone_label": "Thu/Fri", "schedules": ["THU 11:30AM-1PM"], "all_days": ["THU"], "color": "#4a3aa7"}}, {"type": "Feature", "geometry": {"type": "LineString", "coordinates": [[-74.00252036733936, 40.64226858832063], [-74.00031671809136, 40.640938144682636]]}, "properties": {"street": "48 STREET", "from": "8 AVENUE", "to": "9 AVENUE", "side": "N", "zone": "MON_THU", "zone_label": "Mon/Thu", "schedules": ["MON 8:30AM-10AM"], "all_days": ["MON"], "color": "#eda100"}}, {"type": "Feature", "geometry": {"type": "LineString", "coordinates": [[-74.03386155843313, 40.61651015441012], [-74.03410763346812, 40.61591231597112]]}, "properties": {"street": "3 AVENUE", "from": "97 STREET", "to": "96 STREET", "side": "E", "zone": "DAILY", "zone_label": "Daily (except Sun)", "schedules": ["TUE 9:30AM-11AM"], "all_days": ["TUE"], "color": "#e87ba4"}}, {"type": "Feature", "geometry": {"type": "LineString", "coordinates": [[-74.03432425419548, 40.629885333680086], [-74.03164671732648, 40.62923725978708]]}, "properties": {"street": "79 STREET", "from": "COLONIAL ROAD", "to": "RIDGE BOULEVARD", "side": "N", "zone": "THU_FRI", "zone_label": "Thu/Fri", "schedules": ["THU 9:30AM-11AM"], "all_days": ["THU"], "color": "#4a3aa7"}}, {"type": "Feature", "geometry": {"type": "LineString", "coordinates": [[-74.00878098306083, 40.629354869380094], [-74.00658145186283, 40.6280233635881]]}, "properties": {"street": "66 STREET", "from": "11 AVENUE", "to": "10 AVENUE", "side": "S", "zone": "WED_THU", "zone_label": "Wed/Thu", "schedules": ["THU 9:30AM-11AM"], "all_days": ["THU"], "color": "#e34948"}}, {"type": "Feature", "geometry": {"type": "LineString", "coordinates": [[-74.00381342941341, 40.63757875872545], [-74.00328926341534, 40.63726226610942], [-74.00121604375585, 40.63601039975102]]}, "properties": {"street": "54 STREET", "from": "FT HAMILTON PARKWAY", "to": "11 AVENUE", "side": "N", "zone": "MON_THU", "zone_label": "Mon/Thu", "schedules": ["MON 8:30AM-10AM"], "all_days": ["MON"], "color": "#eda100"}}, {"type": "Feature", "geometry": {"type": "LineString", "coordinates": [[-74.01151898115589, 40.616377761643676], [-74.0093171533589, 40.615047919252675]]}, "properties": {"street": "82 STREET", "from": "14 AVENUE", "to": "13 AVENUE", "side": "N", "zone": "WED_FRI", "zone_label": "Wed/Fri", "schedules": ["WED 8:30AM-10AM"], "all_days": ["WED"], "color": "#eb6834"}}, {"type": "Feature", "geometry": {"type": "LineString", "coordinates": [[-74.00264802637732, 40.635051593440444], [-74.00057433053131, 40.63379828896444]]}, "properties": {"street": "56 STREET", "from": "FT HAMILTON PARKWAY", "to": "11 AVENUE", "side": "N", "zone": "MON_THU", "zone_label": "Mon/Thu", "schedules": ["MON 8:30AM-10AM"], "all_days": ["MON"], "color": "#eda100"}}, {"type": "Feature", "geometry": {"type": "LineString", "coordinates": [[-74.03325198747015, 40.615385059310455], [-74.03305374164614, 40.615286437850024], [-74.03199942387461, 40.614761975736386]]}, "properties": {"street": "97 STREET", "from": "3 AVENUE", "to": "4 AVENUE", "side": "N", "zone": "MON_TUE", "zone_label": "Mon/Tue", "schedules": ["MON 9:30AM-11AM"], "all_days": ["MON"], "color": "#2a78d6"}}, {"type": "Feature", "geometry": {"type": "LineString", "coordinates": [[-74.02078450554191, 40.64137242337964], [-74.01905572276891, 40.64033012982864]]}, "properties": {"street": "61 STREET", "from": "4 AVENUE", "to": "3 AVENUE", "side": "N", "zone": "WED_THU", "zone_label": "Wed/Thu", "schedules": ["THU 11:30AM-1PM"], "all_days": ["THU"], "color": "#e34948"}}, {"type": "Feature", "geometry": {"type": "LineString", "coordinates": [[-73.99999214923837, 40.627414736473305], [-74.00028237156536, 40.627133422342304]]}, "properties": {"street": "13 AVENUE", "from": "63 STREET", "to": "62 STREET", "side": "E", "zone": "OTHER", "zone_label": "Other", "schedules": ["THU 8:30AM-10AM"], "all_days": ["THU"], "color": "#898781"}}, {"type": "Feature", "geometry": {"type": "LineString", "coordinates": [[-74.011239904624, 40.62359370708049], [-74.01160215574747, 40.62324575529361], [-74.01186625527151, 40.622992088541764]]}, "properties": {"street": "11 AVENUE", "from": "74 STREET", "to": "BAY RIDGE PARKWAY", "side": "W", "zone": "WED_FRI", "zone_label": "Wed/Fri", "schedules": ["WED 9:30AM-11AM"], "all_days": ["WED"], "color": "#eb6834"}}, {"type": "Feature", "geometry": {"type": "LineString", "coordinates": [[-74.00595805155268, 40.60186798215738], [-74.00798106557768, 40.59992437972638]]}, "properties": {"street": "BAY   20 STREET", "from": "SHORE PARKWAY", "to": "CROPSEY AVENUE", "side": "W", "zone": "MON_TUE", "zone_label": "Mon/Tue", "schedules": ["MON 11:30AM-1PM"], "all_days": ["MON"], "color": "#2a78d6"}}, {"type": "Feature", "geometry": {"type": "LineString", "coordinates": [[-74.0312538792619, 40.63739462753982], [-74.0286433689529, 40.636583327861814]]}, "properties": {"street": "BAY RIDGE AVENUE", "from": "RIDGE BOULEVARD", "to": "COLONIAL ROAD", "side": "N", "zone": "MON_TUE", "zone_label": "Mon/Tue", "schedules": ["MON 9:30AM-11AM"], "all_days": ["MON"], "color": "#2a78d6"}}, {"type": "Feature", "geometry": {"type": "LineString", "coordinates": [[-74.0195541467827, 40.639648717359925], [-74.0173783203327, 40.63832484454592]]}, "properties": {"street": "62 STREET", "from": "4 AVENUE", "to": "5 AVENUE", "side": "S", "zone": "WED_THU", "zone_label": "Wed/Thu", "schedules": ["WED 9:30AM-11AM"], "all_days": ["WED"], "color": "#e34948"}}, {"type": "Feature", "geometry": {"type": "LineString", "coordinates": [[-74.00543332866253, 40.63946796750098], [-74.00384222589125, 40.638507673883865], [-74.00322823518844, 40.63813709314956]]}, "properties": {"street": "53 STREET", "from": "9 AVENUE", "to": "8 AVENUE", "side": "N", "zone": "MON_THU", "zone_label": "Mon/Thu", "schedules": ["MON 9:30AM-11AM"], "all_days": ["MON"], "color": "#eda100"}}, {"type": "Feature", "geometry": {"type": "LineString", "coordinates": [[-74.03050897282984, 40.61650056527927], [-74.03005991867194, 40.616276949306396], [-74.02983048081171, 40.61616269665642]]}, "properties": {"street": "94 STREET", "from": "WOGAN TERRACE", "to": "5 AVENUE", "side": "S", "zone": "OTHER", "zone_label": "Other", "schedules": ["THU 11:30AM-1PM"], "all_days": ["THU"], "color": "#898781"}}, {"type": "Feature", "geometry": {"type": "LineString", "coordinates": [[-74.02295284443726, 40.62146388188569], [-74.02260010129325, 40.62124327051069]]}, "properties": {"street": "84 STREET", "from": "DEAD END", "to": "FT HAMILTON PARKWAY", "side": "N", "zone": "THU_FRI", "zone_label": "Thu/Fri", "schedules": ["THU 11:30AM-1PM"], "all_days": ["THU"], "color": "#4a3aa7"}}, {"type": "Feature", "geometry": {"type": "LineString", "coordinates": [[-74.03340902653704, 40.632027461796326], [-74.03370417174703, 40.63129562235733]]}, "properties": {"street": "COLONIAL ROAD", "from": "77 STREET", "to": "76 STREET", "side": "E", "zone": "THU_FRI", "zone_label": "Thu/Fri", "schedules": ["FRI 9:30AM-11AM"], "all_days": ["FRI"], "color": "#4a3aa7"}}, {"type": "Feature", "geometry": {"type": "LineString", "coordinates": [[-74.00637252196556, 40.63172132943303], [-74.00695473146355, 40.63116153293503]]}, "properties": {"street": "10 AVENUE", "from": "62 STREET", "to": "63 STREET", "side": "W", "zone": "WED_THU", "zone_label": "Wed/Thu", "schedules": ["WED 9:30AM-11AM"], "all_days": ["WED"], "color": "#e34948"}}, {"type": "Feature", "geometry": {"type": "LineString", "coordinates": [[-74.00315223453697, 40.641658168048465], [-74.00095251703497, 40.640329527803466]]}, "properties": {"street": "49 STREET", "from": "10 AVENUE", "to": "9 AVENUE", "side": "S", "zone": "MON_THU", "zone_label": "Mon/Thu", "schedules": ["THU 8:30AM-10AM"], "all_days": ["THU"], "color": "#eda100"}}, {"type": "Feature", "geometry": {"type": "LineString", "coordinates": [[-74.00103390768234, 40.61183172989772], [-74.00126327496334, 40.61107000307472]]}, "properties": {"street": "NEW UTRECHT AVENUE", "from": "81 STREET", "to": "80 STREET", "side": "E", "zone": "DAILY", "zone_label": "Daily (except Sun)", "schedules": ["MON/TUE/WED/THU/FRI/SAT 6:30AM-7AM"], "all_days": ["MON", "TUE", "WED", "THU", "FRI", "SAT"], "color": "#e87ba4"}}, {"type": "Feature", "geometry": {"type": "LineString", "coordinates": [[-74.01318987362959, 40.60564935864893], [-74.01519012252759, 40.603724894470936]]}, "properties": {"street": "BAY   11 STREET", "from": "INDEPENDENCE AVENUE", "to": "CROPSEY AVENUE", "side": "W", "zone": "MON_TUE", "zone_label": "Mon/Tue", "schedules": ["MON 11:30AM-1PM"], "all_days": ["MON"], "color": "#2a78d6"}}, {"type": "Feature", "geometry": {"type": "LineString", "coordinates": [[-74.0183332164426, 40.64082626008427], [-74.0161427563566, 40.63951535300027]]}, "properties": {"street": "60 STREET", "from": "5 AVENUE", "to": "4 AVENUE", "side": "N", "zone": "WED_THU", "zone_label": "Wed/Thu", "schedules": ["THU 9:30AM-11AM"], "all_days": ["THU"], "color": "#e34948"}}, {"type": "Feature", "geometry": {"type": "LineString", "coordinates": [[-74.0104690793372, 40.62768154024091], [-74.01077386494403, 40.62738852161261], [-74.01105029754727, 40.627122758479636]]}, "properties": {"street": "10 AVENUE", "from": "70 STREET", "to": "BAY RIDGE AVENUE", "side": "E", "zone": "WED_THU", "zone_label": "Wed/Thu", "schedules": ["THU 9:30AM-11AM"], "all_days": ["THU"], "color": "#e34948"}}, {"type": "Feature", "geometry": {"type": "LineString", "coordinates": [[-74.01781748833565, 40.6266235479613], [-74.01646321302864, 40.6258081669193]]}, "properties": {"street": "BAY RIDGE PARKWAY", "from": "FORT HAMILTON PARKWAY", "to": "7 AVENUE", "side": "N", "zone": "WED_FRI", "zone_label": "Wed/Fri", "schedules": ["WED 11:30AM-1PM"], "all_days": ["WED"], "color": "#eb6834"}}, {"type": "Feature", "geometry": {"type": "LineString", "coordinates": [[-74.00056369713273, 40.623517628264466], [-74.00123604606473, 40.622870400880466]]}, "properties": {"street": "14 AVENUE", "from": "66 STREET", "to": "67 STREET", "side": "W", "zone": "WED_THU", "zone_label": "Wed/Thu", "schedules": ["WED 8:30AM-10AM"], "all_days": ["WED"], "color": "#e34948"}}, {"type": "Feature", "geometry": {"type": "LineString", "coordinates": [[-74.02995458677701, 40.63349160056016], [-74.03023183155402, 40.63280816901216]]}, "properties": {"street": "RIDGE BOULEVARD", "from": "73 STREET", "to": "74 STREET", "side": "W", "zone": "MON_TUE", "zone_label": "Mon/Tue", "schedules": ["MON 9:30AM-11AM"], "all_days": ["MON"], "color": "#2a78d6"}}, {"type": "Feature", "geometry": {"type": "LineString", "coordinates": [[-74.008928233636, 40.63610790121047], [-74.006726716632, 40.63477760682547]]}, "properties": {"street": "59 STREET", "from": "9 AVENUE", "to": "8 AVENUE", "side": "N", "zone": "MON_THU", "zone_label": "Mon/Thu", "schedules": ["MON 9:30AM-11AM"], "all_days": ["MON"], "color": "#eda100"}}, {"type": "Feature", "geometry": {"type": "LineString", "coordinates": [[-74.03254383911482, 40.62704831416239], [-74.03032247015804, 40.62652138835837], [-74.02985998486149, 40.62641167255613]]}, "properties": {"street": "82 STREET", "from": "RIDGE BOULEVARD", "to": "COLONIAL ROAD", "side": "N", "zone": "MON_TUE", "zone_label": "Mon/Tue", "schedules": ["MON 9:30AM-11AM"], "all_days": ["MON"], "color": "#2a78d6"}}, {"type": "Feature", "geometry": {"type": "LineString", "coordinates": [[-74.02459152871046, 40.6173797147628], [-74.02522018809145, 40.616669148476795]]}, "properties": {"street": "DAHLGREN PLACE", "from": "92 STREET", "to": "90 STREET", "side": "E", "zone": "MON_TUE", "zone_label": "Mon/Tue", "schedules": ["TUE 11:30AM-1PM"], "all_days": ["TUE"], "color": "#2a78d6"}}, {"type": "Feature", "geometry": {"type": "LineString", "coordinates": [[-74.00069086123548, 40.59875337144122], [-74.00122126344249, 40.59826266347322]]}, "properties": {"street": "21 AVENUE", "from": "CROPSEY AVENUE", "to": "BATH AVENUE", "side": "E", "zone": "WED_FRI", "zone_label": "Wed/Fri", "schedules": ["FRI 9:30AM-11AM"], "all_days": ["FRI"], "color": "#eb6834"}}, {"type": "Feature", "geometry": {"type": "LineString", "coordinates": [[-74.00224460327749, 40.62180305463049], [-74.00282575697348, 40.62124242291049]]}, "properties": {"street": "14 AVENUE", "from": "71 STREET", "to": "70 STREET", "side": "E", "zone": "WED_THU", "zone_label": "Wed/Thu", "schedules": ["THU 8:30AM-10AM"], "all_days": ["THU"], "color": "#e34948"}}, {"type": "Feature", "geometry": {"type": "LineString", "coordinates": [[-74.00123596819583, 40.62287047538817], [-74.00172754621083, 40.62240019074917]]}, "properties": {"street": "14 AVENUE", "from": "OVINGTON AVENUE", "to": "BAY RIDGE AVENUE", "side": "W", "zone": "WED_THU", "zone_label": "Wed/Thu", "schedules": ["WED 8:30AM-10AM"], "all_days": ["WED"], "color": "#e34948"}}, {"type": "Feature", "geometry": {"type": "LineString", "coordinates": [[-74.00327983949553, 40.63808789287687], [-74.00275618099612, 40.63777140279119], [-74.00055221613101, 40.636439303756134]]}, "properties": {"street": "53 STREET", "from": "FT HAMILTON PARKWAY", "to": "9 AVENUE", "side": "S", "zone": "MON_THU", "zone_label": "Mon/Thu", "schedules": ["THU 9:30AM-11AM"], "all_days": ["THU"], "color": "#eda100"}}, {"type": "Feature", "geometry": {"type": "LineString", "coordinates": [[-74.00106690093526, 40.60302334814603], [-74.00228383990526, 40.60185437124303]]}, "properties": {"street": "BAY   23 STREET", "from": "BENSON AVENUE", "to": "BATH AVENUE", "side": "E", "zone": "MON_TUE", "zone_label": "Mon/Tue", "schedules": ["TUE 11:30AM-1PM"], "all_days": ["TUE"], "color": "#2a78d6"}}, {"type": "Feature", "geometry": {"type": "LineString", "coordinates": [[-74.03408243373956, 40.63058258381694], [-74.03437640289856, 40.629864710285936]]}, "properties": {"street": "COLONIAL ROAD", "from": "78 STREET", "to": "79 STREET", "side": "W", "zone": "THU_FRI", "zone_label": "Thu/Fri", "schedules": ["THU 9:30AM-11AM"], "all_days": ["THU"], "color": "#4a3aa7"}}, {"type": "Feature", "geometry": {"type": "LineString", "coordinates": [[-74.0082725350241, 40.61255682202098], [-74.00858979685592, 40.61224960397813], [-74.00885210378547, 40.61199560103651]]}, "properties": {"street": "15 AVENUE", "from": "85 STREET", "to": "84 STREET", "side": "E", "zone": "MON_TUE", "zone_label": "Mon/Tue", "schedules": ["TUE 11:30AM-1PM"], "all_days": ["TUE"], "color": "#2a78d6"}}, {"type": "Feature", "geometry": {"type": "LineString", "coordinates": [[-74.0146727547069, 40.60645843279969], [-74.01388830290789, 40.606050098762694]]}, "properties": {"street": "CROPSEY AVENUE", "from": "BAY   10 STREET", "to": "15 AVENUE", "side": "N", "zone": "WED_FRI", "zone_label": "Wed/Fri", "schedules": ["WED 11:30AM-1PM"], "all_days": ["WED"], "color": "#eb6834"}}, {"type": "Feature", "geometry": {"type": "LineString", "coordinates": [[-74.00612270442218, 40.625016533073534], [-74.00595613175142, 40.62491589286298], [-74.0039192690584, 40.623685210688166]]}, "properties": {"street": "BAY RIDGE AVENUE", "from": "12 AVENUE", "to": "13 AVENUE", "side": "S", "zone": "WED_THU", "zone_label": "Wed/Thu", "schedules": ["THU 8:30AM-10AM"], "all_days": ["THU"], "color": "#e34948"}}, {"type": "Feature", "geometry": {"type": "LineString", "coordinates": [[-74.03251661944478, 40.6270090180751], [-74.03279403644179, 40.6263279839931]]}, "properties": {"street": "RIDGE BOULEVARD", "from": "83 STREET", "to": "82 STREET", "side": "E", "zone": "MON_TUE", "zone_label": "Mon/Tue", "schedules": ["TUE 9:30AM-11AM"], "all_days": ["TUE"], "color": "#2a78d6"}}, {"type": "Feature", "geometry": {"type": "LineString", "coordinates": [[-74.00339413618569, 40.60995786979879], [-74.0041960776327, 40.60918416864179]]}, "properties": {"street": "17 AVENUE", "from": "85 STREET", "to": "84 STREET", "side": "E", "zone": "MON_TUE", "zone_label": "Mon/Tue", "schedules": ["TUE 11:30AM-1PM"], "all_days": ["TUE"], "color": "#2a78d6"}}, {"type": "Feature", "geometry": {"type": "LineString", "coordinates": [[-74.00776839440354, 40.63166188590861], [-74.00848472331954, 40.631182065434615]]}, "properties": {"street": "FORT HAMILTON PARKWAY", "from": "64 STREET", "to": "63 STREET", "side": "E", "zone": "WED_THU", "zone_label": "Wed/Thu", "schedules": ["THU 11:30AM-1PM"], "all_days": ["THU"], "color": "#e34948"}}, {"type": "Feature", "geometry": {"type": "LineString", "coordinates": [[-74.03309734785915, 40.62568527768714], [-74.03041620250116, 40.62504816213314]]}, "properties": {"street": "84 STREET", "from": "RIDGE BOULEVARD", "to": "COLONIAL ROAD", "side": "N", "zone": "MON_TUE", "zone_label": "Mon/Tue", "schedules": ["MON 9:30AM-11AM"], "all_days": ["MON"], "color": "#2a78d6"}}, {"type": "Feature", "geometry": {"type": "LineString", "coordinates": [[-74.01378940869657, 40.641778079931626], [-74.01158661424657, 40.640448761582626]]}, "properties": {"street": "56 STREET", "from": "4 AVENUE", "to": "5 AVENUE", "side": "N", "zone": "WED_THU", "zone_label": "Wed/Thu", "schedules": ["THU 8:30AM-10AM"], "all_days": ["THU"], "color": "#e34948"}}, {"type": "Feature", "geometry": {"type": "LineString", "coordinates": [[-74.0071039948003, 40.62746989804596], [-74.00780319359329, 40.626797154888955]]}, "properties": {"street": "11 AVENUE", "from": "OVINGTON AVENUE", "to": "67 STREET", "side": "E", "zone": "DAILY", "zone_label": "Daily (except Sun)", "schedules": ["MON/TUE/WED/THU/FRI/SAT 8:30AM-9AM", "THU 9:30AM-11AM"], "all_days": ["MON", "TUE", "WED", "THU", "FRI", "SAT"], "color": "#e87ba4"}}, {"type": "Feature", "geometry": {"type": "LineString", "coordinates": [[-74.00588115433533, 40.64243368686914], [-74.00646579039632, 40.64187300163614]]}, "properties": {"street": "7 AVENUE", "from": "51 STREET", "to": "50 STREET", "side": "E", "zone": "OTHER", "zone_label": "Other", "schedules": ["WED 11:30AM-1PM"], "all_days": ["WED"], "color": "#898781"}}, {"type": "Feature", "geometry": {"type": "LineString", "coordinates": [[-74.02967375540264, 40.63417056858536], [-74.02995451954864, 40.63349176566536]]}, "properties": {"street": "RIDGE BOULEVARD", "from": "72 STREET", "to": "73 STREET", "side": "W", "zone": "MON_TUE", "zone_label": "Mon/Tue", "schedules": ["MON 9:30AM-11AM"], "all_days": ["MON"], "color": "#2a78d6"}}, {"type": "Feature", "geometry": {"type": "LineString", "coordinates": [[-74.02533025226474, 40.62096823405507], [-74.02573178329929, 40.62050182820096], [-74.02588710910838, 40.62032140103788], [-74.02597840969577, 40.620215353269835], [-74.0262819587046, 40.619862766035745]]}, "properties": {"street": "GELSTON AVENUE", "from": "86 STREET", "to": "88 STREET", "side": "E", "zone": "THU_FRI", "zone_label": "Thu/Fri", "schedules": ["THU 11:30AM-1PM"], "all_days": ["THU"], "color": "#4a3aa7"}}, {"type": "Feature", "geometry": {"type": "LineString", "coordinates": [[-74.03161974907837, 40.62919796248575], [-74.03191847238537, 40.62846947616175]]}, "properties": {"street": "RIDGE BOULEVARD", "from": "80 STREET", "to": "79 STREET", "side": "E", "zone": "THU_FRI", "zone_label": "Thu/Fri", "schedules": ["FRI 9:30AM-11AM"], "all_days": ["FRI"], "color": "#4a3aa7"}}, {"type": "Feature", "geometry": {"type": "LineString", "coordinates": [[-74.00983216589238, 40.642085618398625], [-74.01041573721238, 40.64152421087162]]}, "properties": {"street": "6 AVENUE", "from": "54 STREET", "to": "53 STREET", "side": "E", "zone": "THU_FRI", "zone_label": "Thu/Fri", "schedules": ["FRI 11:30AM-1PM"], "all_days": ["FRI"], "color": "#4a3aa7"}}, {"type": "Feature", "geometry": {"type": "LineString", "coordinates": [[-74.0076319795977, 40.61672206162399], [-74.0082107863667, 40.61616078133099]]}, "properties": {"street": "14 AVENUE", "from": "79 STREET", "to": "80 STREET", "side": "W", "zone": "WED_FRI", "zone_label": "Wed/Fri", "schedules": ["WED 8:30AM-10AM"], "all_days": ["WED"], "color": "#eb6834"}}, {"type": "Feature", "geometry": {"type": "LineString", "coordinates": [[-74.01786897810436, 40.6265742843667], [-74.01651470279735, 40.625758903324694]]}, "properties": {"street": "BAY RIDGE PARKWAY", "from": "7 AVENUE", "to": "FORT HAMILTON PARKWAY", "side": "S", "zone": "WED_FRI", "zone_label": "Wed/Fri", "schedules": ["FRI 11:30AM-1PM"], "all_days": ["FRI"], "color": "#eb6834"}}, {"type": "Feature", "geometry": {"type": "LineString", "coordinates": [[-74.00297845210864, 40.631487115062036], [-74.00077491211063, 40.63015869521104]]}, "properties": {"street": "60 STREET", "from": "11 AVENUE", "to": "12 AVENUE", "side": "S", "zone": "MON_THU", "zone_label": "Mon/Thu", "schedules": ["THU 8:30AM-10AM"], "all_days": ["THU"], "color": "#eda100"}}, {"type": "Feature", "geometry": {"type": "LineString", "coordinates": [[-74.02178699406984, 40.61720149632234], [-74.02220202892784, 40.616183241929335]]}, "properties": {"street": "7 AVENUE", "from": "88 STREET", "to": "90 STREET", "side": "W", "zone": "OTHER", "zone_label": "Other", "schedules": ["MON 11:30AM-1PM"], "all_days": ["MON"], "color": "#898781"}}, {"type": "Feature", "geometry": {"type": "LineString", "coordinates": [[-74.00411280154428, 40.630396803899416], [-74.0036614932655, 40.63012461891745], [-74.00303706036055, 40.629748012914796], [-74.00190563385281, 40.62906560517791]]}, "properties": {"street": "62 STREET", "from": "11 AVENUE", "to": "12 AVENUE", "side": "N", "zone": "WED_THU", "zone_label": "Wed/Thu", "schedules": ["WED 9:30AM-11AM"], "all_days": ["WED"], "color": "#e34948"}}, {"type": "Feature", "geometry": {"type": "LineString", "coordinates": [[-74.01494286702231, 40.61658554130441], [-74.0155226394303, 40.616025565626416]]}, "properties": {"street": "12 AVENUE", "from": "84 STREET", "to": "85 STREET", "side": "W", "zone": "WED_FRI", "zone_label": "Wed/Fri", "schedules": ["WED 8:30AM-10AM"], "all_days": ["WED"], "color": "#eb6834"}}, {"type": "Feature", "geometry": {"type": "LineString", "coordinates": [[-74.01598314316912, 40.61903258130346], [-74.01656359082813, 40.61847474362046]]}, "properties": {"street": "11 AVENUE", "from": "82 STREET", "to": "83 STREET", "side": "W", "zone": "WED_FRI", "zone_label": "Wed/Fri", "schedules": ["WED 9:30AM-11AM"], "all_days": ["WED"], "color": "#eb6834"}}, {"type": "Feature", "geometry": {"type": "LineString", "coordinates": [[-74.02829659617085, 40.637446763071125], [-74.02776542945173, 40.637281872560926], [-74.02736985861901, 40.63715907348022]]}, "properties": {"street": "68 STREET", "from": "MADELINE COURT", "to": "RIDGE BOULEVARD", "side": "S", "zone": "MON_TUE", "zone_label": "Mon/Tue", "schedules": ["TUE 8:30AM-10AM"], "all_days": ["TUE"], "color": "#2a78d6"}}, {"type": "Feature", "geometry": {"type": "LineString", "coordinates": [[-74.00075487821252, 40.59879326416278], [-74.00128528041952, 40.59830255619478]]}, "properties": {"street": "21 AVENUE", "from": "CROPSEY AVENUE", "to": "21 DRIVE", "side": "W", "zone": "OTHER", "zone_label": "Other", "schedules": ["WED 9:30AM-11AM"], "all_days": ["WED"], "color": "#898781"}}, {"type": "Feature", "geometry": {"type": "LineString", "coordinates": [[-74.00488857965777, 40.608621802552875], [-74.00665854934778, 40.60692275418088]]}, "properties": {"street": "17 AVENUE", "from": "86 STREET", "to": "BENSON AVENUE", "side": "W", "zone": "MON_TUE", "zone_label": "Mon/Tue", "schedules": ["MON 11:30AM-1PM"], "all_days": ["MON"], "color": "#2a78d6"}}, {"type": "Feature", "geometry": {"type": "LineString", "coordinates": [[-74.01649856110691, 40.61843578809251], [-74.0170798015239, 40.61787627254251]]}, "properties": {"street": "11 AVENUE", "from": "84 STREET", "to": "83 STREET", "side": "E", "zone": "WED_FRI", "zone_label": "Wed/Fri", "schedules": ["FRI 9:30AM-11AM"], "all_days": ["FRI"], "color": "#eb6834"}}, {"type": "Feature", "geometry": {"type": "LineString", "coordinates": [[-74.00375369571312, 40.61350797881244], [-74.00129393321812, 40.612028287843444]]}, "properties": {"street": "80 STREET", "from": "17 AVENUE", "to": "16 AVENUE", "side": "N", "zone": "THU_FRI", "zone_label": "Thu/Fri", "schedules": ["THU 11:30AM-1PM"], "all_days": ["THU"], "color": "#4a3aa7"}}, {"type": "Feature", "geometry": {"type": "LineString", "coordinates": [[-74.00771512624004, 40.63166288084963], [-74.00689635866404, 40.631166620797636]]}, "properties": {"street": "63 STREET", "from": "10 AVENUE", "to": "FT HAMILTON PARKWAY", "side": "N", "zone": "WED_THU", "zone_label": "Wed/Thu", "schedules": ["WED 9:30AM-11AM"], "all_days": ["WED"], "color": "#e34948"}}, {"type": "Feature", "geometry": {"type": "LineString", "coordinates": [[-74.0344272324167, 40.636837001366295], [-74.0339417276302, 40.63668642608508], [-74.03282459598272, 40.636339942152404], [-74.0327861003745, 40.63632800317725], [-74.03248943393879, 40.636235982172174]]}, "properties": {"street": "MACKAY PLACE", "from": "NARROWS AVENUE", "to": "LOUISE TERRACE", "side": "N", "zone": "OTHER", "zone_label": "Other", "schedules": ["MON 9:30AM-11AM"], "all_days": ["MON"], "color": "#898781"}}, {"type": "Feature", "geometry": {"type": "LineString", "coordinates": [[-74.00646107719717, 40.617798360749454], [-74.00426031843718, 40.616465520561455]]}, "properties": {"street": "77 STREET", "from": "14 AVENUE", "to": "15 AVENUE", "side": "S", "zone": "OTHER", "zone_label": "Other", "schedules": ["WED 11:30AM-1PM"], "all_days": ["WED"], "color": "#898781"}}, {"type": "Feature", "geometry": {"type": "LineString", "coordinates": [[-74.00958418276221, 40.63547658844063], [-74.0073834648912, 40.634147251358634]]}, "properties": {"street": "60 STREET", "from": "8 AVENUE", "to": "9 AVENUE", "side": "S", "zone": "MON_THU", "zone_label": "Mon/Thu", "schedules": ["THU 9:30AM-11AM"], "all_days": ["THU"], "color": "#eda100"}}, {"type": "Feature", "geometry": {"type": "LineString", "coordinates": [[-74.00447708679884, 40.5986301678677], [-74.00298891166581, 40.59775581861551], [-74.00234972600563, 40.59826218310829]]}, "properties": {"street": "20 LANE", "from": "20 AVENUE", "to": "21 DRIVE", "side": "S", "zone": "WED_FRI", "zone_label": "Wed/Fri", "schedules": ["FRI 9:30AM-11AM"], "all_days": ["FRI"], "color": "#eb6834"}}, {"type": "Feature", "geometry": {"type": "LineString", "coordinates": [[-74.017951742219, 40.62482083431076], [-74.015217324494, 40.62316582997076]]}, "properties": {"street": "77 STREET", "from": "FT HAMILTON PARKWAY", "to": "10 AVENUE", "side": "N", "zone": "WED_FRI", "zone_label": "Wed/Fri", "schedules": ["WED 11:30AM-1PM"], "all_days": ["WED"], "color": "#eb6834"}}, {"type": "Feature", "geometry": {"type": "LineString", "coordinates": [[-74.00254829373354, 40.62850197584889], [-74.00313200865054, 40.62794369317389]]}, "properties": {"street": "12 AVENUE", "from": "63 STREET", "to": "64 STREET", "side": "W", "zone": "OTHER", "zone_label": "Other", "schedules": ["WED 8:30AM-10AM"], "all_days": ["WED"], "color": "#898781"}}, {"type": "Feature", "geometry": {"type": "LineString", "coordinates": [[-74.01568350388473, 40.6263278021072], [-74.01376570719114, 40.62516081214743], [-74.01338415786434, 40.62492863073239]]}, "properties": {"street": "74 STREET", "from": "10 AVENUE", "to": "FT HAMILTON PARKWAY", "side": "N", "zone": "WED_THU", "zone_label": "Wed/Thu", "schedules": ["WED 9:30AM-11AM"], "all_days": ["WED"], "color": "#e34948"}}, {"type": "Feature", "geometry": {"type": "LineString", "coordinates": [[-74.01077498259491, 40.604382710176004], [-74.01118532390625, 40.60392200660326], [-74.01160501700825, 40.60346643699398], [-74.012034101442, 40.60301598426361], [-74.0124725704988, 40.602570630692675], [-74.01265634568021, 40.60238540245686]]}, "properties": {"street": "BAY   14 STREET", "from": "SHORE PARKWAY", "to": "CROPSEY AVENUE", "side": "W", "zone": "MON_TUE", "zone_label": "Mon/Tue", "schedules": ["MON 11:30AM-1PM"], "all_days": ["MON"], "color": "#2a78d6"}}, {"type": "Feature", "geometry": {"type": "LineString", "coordinates": [[-74.03267100780509, 40.619561151310336], [-74.0301981869891, 40.61832231419434]]}, "properties": {"street": "92 STREET", "from": "4 AVENUE", "to": "3 AVENUE", "side": "S", "zone": "MON_TUE", "zone_label": "Mon/Tue", "schedules": ["TUE 8:30AM-10AM"], "all_days": ["TUE"], "color": "#2a78d6"}}, {"type": "Feature", "geometry": {"type": "LineString", "coordinates": [[-74.02509564630374, 40.63087097285906], [-74.02488993137264, 40.6308916018147], [-74.02261345386326, 40.62951912166844]]}, "properties": {"street": "BAY RIDGE PARKWAY", "from": "5 AVENUE", "to": "4 AVENUE", "side": "N", "zone": "THU_FRI", "zone_label": "Thu/Fri", "schedules": ["THU 8:30AM-10AM"], "all_days": ["THU"], "color": "#4a3aa7"}}, {"type": "Feature", "geometry": {"type": "LineString", "coordinates": [[-74.0145098120685, 40.602850883319434], [-74.0135522944915, 40.60262309656544]]}, "properties": {"street": "SHORE PARKWAY", "from": "BAY   13 STREET", "to": "16 AVENUE", "side": "N", "zone": "OTHER", "zone_label": "Other", "schedules": ["MON 11:30AM-1PM"], "all_days": ["MON"], "color": "#898781"}}, {"type": "Feature", "geometry": {"type": "LineString", "coordinates": [[-74.00931046020204, 40.61500380718932], [-74.00989253530605, 40.61444535416732]]}, "properties": {"street": "14 AVENUE", "from": "83 STREET", "to": "82 STREET", "side": "E", "zone": "WED_FRI", "zone_label": "Wed/Fri", "schedules": ["FRI 8:30AM-10AM"], "all_days": ["FRI"], "color": "#eb6834"}}, {"type": "Feature", "geometry": {"type": "LineString", "coordinates": [[-74.01013607369246, 40.634945164439905], [-74.00793629697347, 40.63361673034691]]}, "properties": {"street": "61 STREET", "from": "9 AVENUE", "to": "8 AVENUE", "side": "N", "zone": "MON_THU", "zone_label": "Mon/Thu", "schedules": ["MON 9:30AM-11AM"], "all_days": ["MON"], "color": "#eda100"}}, {"type": "Feature", "geometry": {"type": "LineString", "coordinates": [[-74.0160961643929, 40.629217244325936], [-74.01359910351991, 40.62771148291794]]}, "properties": {"street": "71 STREET", "from": "7 AVENUE", "to": "8 AVENUE", "side": "S", "zone": "WED_THU", "zone_label": "Wed/Thu", "schedules": ["THU 11:30AM-1PM"], "all_days": ["THU"], "color": "#e34948"}}, {"type": "Feature", "geometry": {"type": "LineString", "coordinates": [[-74.00652405955624, 40.64186789273454], [-74.00563658257155, 40.6413328781715], [-74.00432117043205, 40.64053984878379]]}, "properties": {"street": "51 STREET", "from": "7 AVENUE", "to": "6 AVENUE", "side": "S", "zone": "OTHER", "zone_label": "Other", "schedules": ["TUE 11:30AM-1PM"], "all_days": ["TUE"], "color": "#898781"}}, {"type": "Feature", "geometry": {"type": "LineString", "coordinates": [[-74.00254164253363, 40.628457833202376], [-74.00034078845563, 40.627128206546374]]}, "properties": {"street": "63 STREET", "from": "14 AVENUE", "to": "13 AVENUE", "side": "S", "zone": "WED_THU", "zone_label": "Wed/Thu", "schedules": ["THU 8:30AM-10AM"], "all_days": ["THU"], "color": "#e34948"}}, {"type": "Feature", "geometry": {"type": "LineString", "coordinates": [[-74.00653542059902, 40.61427826026318], [-74.00433448180303, 40.612949456276176]]}, "properties": {"street": "81 STREET", "from": "15 AVENUE", "to": "16 AVENUE", "side": "N", "zone": "THU_FRI", "zone_label": "Thu/Fri", "schedules": ["THU 11:30AM-1PM"], "all_days": ["THU"], "color": "#4a3aa7"}}, {"type": "Feature", "geometry": {"type": "LineString", "coordinates": [[-74.00512868545454, 40.63286582231733], [-74.00292689006254, 40.63153633744332]]}, "properties": {"street": "60 STREET", "from": "11 AVENUE", "to": "10 AVENUE", "side": "N", "zone": "MON_THU", "zone_label": "Mon/Thu", "schedules": ["MON 8:30AM-10AM"], "all_days": ["MON"], "color": "#eda100"}}, {"type": "Feature", "geometry": {"type": "LineString", "coordinates": [[-74.01216045440273, 40.61581529287646], [-74.01274200402074, 40.61525571865446]]}, "properties": {"street": "13 AVENUE", "from": "83 STREET", "to": "84 STREET", "side": "W", "zone": "WED_FRI", "zone_label": "Wed/Fri", "schedules": ["WED 8:30AM-10AM"], "all_days": ["WED"], "color": "#eb6834"}}, {"type": "Feature", "geometry": {"type": "LineString", "coordinates": [[-74.03307022171992, 40.625645808212276], [-74.03335315451892, 40.62496554892728]]}, "properties": {"street": "RIDGE BOULEVARD", "from": "85 STREET", "to": "84 STREET", "side": "E", "zone": "MON_TUE", "zone_label": "Mon/Tue", "schedules": ["TUE 9:30AM-11AM"], "all_days": ["TUE"], "color": "#2a78d6"}}, {"type": "Feature", "geometry": {"type": "LineString", "coordinates": [[-74.00901962152216, 40.60343215008163], [-74.00826864360916, 40.60303859710163]]}, "properties": {"street": "CROPSEY AVENUE", "from": "BAY   16 STREET", "to": "BAY   17 STREET", "side": "S", "zone": "MON_TUE", "zone_label": "Mon/Tue", "schedules": ["TUE 11:30AM-1PM"], "all_days": ["TUE"], "color": "#2a78d6"}}, {"type": "Feature", "geometry": {"type": "LineString", "coordinates": [[-74.03405520306963, 40.63054323685044], [-74.03137353403963, 40.62990871922944]]}, "properties": {"street": "78 STREET", "from": "RIDGE BOULEVARD", "to": "COLONIAL ROAD", "side": "S", "zone": "THU_FRI", "zone_label": "Thu/Fri", "schedules": ["FRI 9:30AM-11AM"], "all_days": ["FRI"], "color": "#4a3aa7"}}, {"type": "Feature", "geometry": {"type": "LineString", "coordinates": [[-74.01180123001897, 40.622953124241775], [-74.01209342713713, 40.62267193318015], [-74.01242714387594, 40.622350789641565]]}, "properties": {"street": "11 AVENUE", "from": "76 STREET", "to": "BAY RIDGE PARKWAY", "side": "E", "zone": "WED_FRI", "zone_label": "Wed/Fri", "schedules": ["FRI 9:30AM-11AM"], "all_days": ["FRI"], "color": "#eb6834"}}, {"type": "Feature", "geometry": {"type": "LineString", "coordinates": [[-74.00902856244066, 40.60347754400747], [-74.01005056047165, 40.60249764644347]]}, "properties": {"street": "BAY   16 STREET", "from": "CROPSEY AVENUE", "to": "17 COURT", "side": "W", "zone": "OTHER", "zone_label": "Other", "schedules": ["MON 11:30AM-1PM"], "all_days": ["MON"], "color": "#898781"}}, {"type": "Feature", "geometry": {"type": "LineString", "coordinates": [[-74.03335305516256, 40.62496579248563], [-74.03370381862958, 40.62409797214763]]}, "properties": {"street": "RIDGE BOULEVARD", "from": "86 STREET", "to": "85 STREET", "side": "E", "zone": "MON_TUE", "zone_label": "Mon/Tue", "schedules": ["TUE 9:30AM-11AM"], "all_days": ["TUE"], "color": "#2a78d6"}}, {"type": "Feature", "geometry": {"type": "LineString", "coordinates": [[-74.03442179210586, 40.63937527022773], [-74.03489636395986, 40.63849443785473]]}, "properties": {"street": "OWLS HEAD COURT", "from": "BAY RIDGE AVENUE", "to": "68 STREET", "side": "W", "zone": "MON_TUE", "zone_label": "Mon/Tue", "schedules": ["MON 9:30AM-11AM"], "all_days": ["MON"], "color": "#2a78d6"}}, {"type": "Feature", "geometry": {"type": "LineString", "coordinates": [[-74.02739898689745, 40.625026518472396], [-74.02769568165445, 40.6243003126344]]}, "properties": {"street": "4 AVENUE", "from": "83 STREET", "to": "82 STREET", "side": "E", "zone": "MON_TUE", "zone_label": "Mon/Tue", "schedules": ["TUE 8:30AM-10AM"], "all_days": ["TUE"], "color": "#2a78d6"}}, {"type": "Feature", "geometry": {"type": "LineString", "coordinates": [[-74.00897748139188, 40.62226838381725], [-74.00677754251488, 40.62093847534225]]}, "properties": {"street": "74 STREET", "from": "13 AVENUE", "to": "12 AVENUE", "side": "N", "zone": "WED_THU", "zone_label": "Wed/Thu", "schedules": ["WED 8:30AM-10AM"], "all_days": ["WED"], "color": "#e34948"}}, {"type": "Feature", "geometry": {"type": "LineString", "coordinates": [[-74.00503725632353, 40.636452964894616], [-74.00561992124153, 40.63589395862062]]}, "properties": {"street": "9 AVENUE", "from": "56 STREET", "to": "57 STREET", "side": "W", "zone": "MON_THU", "zone_label": "Mon/Thu", "schedules": ["MON 9:30AM-11AM"], "all_days": ["MON"], "color": "#eda100"}}, {"type": "Feature", "geometry": {"type": "LineString", "coordinates": [[-74.01076925640336, 40.634340146678234], [-74.00856409581436, 40.633011759549234]]}, "properties": {"street": "62 STREET", "from": "8 AVENUE", "to": "9 AVENUE", "side": "S", "zone": "WED_THU", "zone_label": "Wed/Thu", "schedules": ["THU 11:30AM-1PM"], "all_days": ["THU"], "color": "#e34948"}}, {"type": "Feature", "geometry": {"type": "LineString", "coordinates": [[-74.03062349234743, 40.638942509637545], [-74.03022031577903, 40.63881560752926], [-74.02802129395965, 40.638123422080724]]}, "properties": {"street": "SENATOR STREET", "from": "COLONIAL ROAD", "to": "RIDGE BOULEVARD", "side": "S", "zone": "MON_TUE", "zone_label": "Mon/Tue", "schedules": ["TUE 9:30AM-11AM"], "all_days": ["TUE"], "color": "#2a78d6"}}, {"type": "Feature", "geometry": {"type": "LineString", "coordinates": [[-74.01250232227532, 40.63262214024709], [-74.01314520916333, 40.63200253815109]]}, "properties": {"street": "8 AVENUE", "from": "66 STREET", "to": "65 STREET", "side": "E", "zone": "WED_THU", "zone_label": "Wed/Thu", "schedules": ["THU 11:30AM-1PM"], "all_days": ["THU"], "color": "#e34948"}}, {"type": "Feature", "geometry": {"type": "LineString", "coordinates": [[-74.00257196328464, 40.64221938169936], [-74.00036831403663, 40.640888938061366]]}, "properties": {"street": "48 STREET", "from": "7 AVENUE", "to": "8 AVENUE", "side": "S", "zone": "OTHER", "zone_label": "Other", "schedules": ["TUE 11:30AM-1PM"], "all_days": ["TUE"], "color": "#898781"}}, {"type": "Feature", "geometry": {"type": "LineString", "coordinates": [[-74.00612940711378, 40.62506062473215], [-74.00671232920678, 40.62450071208815]]}, "properties": {"street": "12 AVENUE", "from": "BAY RIDGE AVENUE", "to": "70 STREET", "side": "W", "zone": "WED_THU", "zone_label": "Wed/Thu", "schedules": ["WED 8:30AM-10AM"], "all_days": ["WED"], "color": "#e34948"}}, {"type": "Feature", "geometry": {"type": "LineString", "coordinates": [[-74.02421729241182, 40.63289391148663], [-74.02171664036382, 40.63172286260363]]}, "properties": {"street": "72 STREET", "from": "FOURTH AVENUE", "to": "FIFTH AVENUE", "side": "N", "zone": "MON_TUE", "zone_label": "Mon/Tue", "schedules": ["MON 8:30AM-10AM"], "all_days": ["MON"], "color": "#2a78d6"}}, {"type": "Feature", "geometry": {"type": "LineString", "coordinates": [[-74.01934674037503, 40.61924462957692], [-74.01992843744803, 40.618684154048914]]}, "properties": {"street": "10 AVENUE", "from": "84 STREET", "to": "85 STREET", "side": "W", "zone": "WED_FRI", "zone_label": "Wed/Fri", "schedules": ["WED 11:30AM-1PM"], "all_days": ["WED"], "color": "#eb6834"}}, {"type": "Feature", "geometry": {"type": "LineString", "coordinates": [[-74.03065196998494, 40.63642916981565], [-74.03022975233803, 40.63630186686811], [-74.02981241895179, 40.63617602948827]]}, "properties": {"street": "70 STREET", "from": "COLONIAL ROAD", "to": "RIDGE BOULEVARD", "side": "N", "zone": "OTHER", "zone_label": "Other", "schedules": ["MON 9:30AM-11AM"], "all_days": ["MON"], "color": "#898781"}}, {"type": "Feature", "geometry": {"type": "LineString", "coordinates": [[-74.00835123968997, 40.6366693798611], [-74.00614475980598, 40.63533632345509]]}, "properties": {"street": "58 STREET", "from": "8 AVENUE", "to": "9 AVENUE", "side": "N", "zone": "MON_THU", "zone_label": "Mon/Thu", "schedules": ["MON 9:30AM-11AM"], "all_days": ["MON"], "color": "#eda100"}}, {"type": "Feature", "geometry": {"type": "LineString", "coordinates": [[-74.00031004170197, 40.64089401438014], [-74.00089423826597, 40.64033460010614]]}, "properties": {"street": "9 AVENUE", "from": "48 STREET", "to": "47 STREET", "side": "E", "zone": "MON_THU", "zone_label": "Mon/Thu", "schedules": ["THU 8:30AM-10AM"], "all_days": ["THU"], "color": "#eda100"}}, {"type": "Feature", "geometry": {"type": "LineString", "coordinates": [[-74.03260723279053, 40.634087963432826], [-74.03043264267906, 40.63357219287013], [-74.02992735060073, 40.63345234042324]]}, "properties": {"street": "73 STREET", "from": "RIDGE BOULEVARD", "to": "COLONIAL ROAD", "side": "S", "zone": "MON_TUE", "zone_label": "Mon/Tue", "schedules": ["TUE 9:30AM-11AM"], "all_days": ["TUE"], "color": "#2a78d6"}}, {"type": "Feature", "geometry": {"type": "LineString", "coordinates": [[-74.01413588277362, 40.634547624254], [-74.0119353412016, 40.633218031535996]]}, "properties": {"street": "64 STREET", "from": "7 AVENUE", "to": "8 AVENUE", "side": "S", "zone": "WED_THU", "zone_label": "Wed/Thu", "schedules": ["THU 11:30AM-1PM"], "all_days": ["THU"], "color": "#e34948"}}, {"type": "Feature", "geometry": {"type": "LineString", "coordinates": [[-74.02959946637755, 40.616048173968174], [-74.02872439728455, 40.61561192251517]]}, "properties": {"street": "94 STREET", "from": "FT HAMILTON PARKWAY", "to": "WOGAN TERRACE", "side": "S", "zone": "OTHER", "zone_label": "Other", "schedules": ["THU 11:30AM-1PM"], "all_days": ["THU"], "color": "#898781"}}, {"type": "Feature", "geometry": {"type": "LineString", "coordinates": [[-74.03373106752744, 40.624137203551555], [-74.03104886779144, 40.623501129421555]]}, "properties": {"street": "86 STREET", "from": "3 AVENUE", "to": "RIDGE BOULEVARD", "side": "N", "zone": "MON_TUE", "zone_label": "Mon/Tue", "schedules": ["MON 8:30AM-10AM"], "all_days": ["MON"], "color": "#2a78d6"}}, {"type": "Feature", "geometry": {"type": "LineString", "coordinates": [[-74.01384098955543, 40.64172886443238], [-74.01163819510543, 40.64039954608338]]}, "properties": {"street": "56 STREET", "from": "5 AVENUE", "to": "6 AVENUE", "side": "S", "zone": "WED_THU", "zone_label": "Wed/Thu", "schedules": ["WED 8:30AM-10AM"], "all_days": ["WED"], "color": "#e34948"}}, {"type": "Feature", "geometry": {"type": "LineString", "coordinates": [[-74.0203439091559, 40.620722771832085], [-74.0206357141499, 40.62000773769508]]}, "properties": {"street": "7 AVENUE", "from": "82 STREET", "to": "83 STREET", "side": "W", "zone": "OTHER", "zone_label": "Other", "schedules": ["THU 11:30AM-1PM", "WED 11:30AM-1PM"], "all_days": ["WED", "THU"], "color": "#898781"}}, {"type": "Feature", "geometry": {"type": "LineString", "coordinates": [[-74.00310109097073, 40.60228788819548], [-74.00438806021873, 40.601049403827474]]}, "properties": {"street": "BAY   22 STREET", "from": "CROPSEY AVENUE", "to": "BATH AVENUE", "side": "W", "zone": "MON_TUE", "zone_label": "Mon/Tue", "schedules": ["MON 11:30AM-1PM"], "all_days": ["MON"], "color": "#2a78d6"}}, {"type": "Feature", "geometry": {"type": "LineString", "coordinates": [[-74.02983277164525, 40.626372364527256], [-74.03011118170924, 40.62568986873526]]}, "properties": {"street": "3 AVENUE", "from": "83 STREET", "to": "82 STREET", "side": "E", "zone": "DAILY", "zone_label": "Daily (except Sun)", "schedules": ["TUE 8:30AM-10AM"], "all_days": ["TUE"], "color": "#e87ba4"}}, {"type": "Feature", "geometry": {"type": "LineString", "coordinates": [[-74.0011466522668, 40.63319908261504], [-74.0017319920998, 40.63263389994804]]}, "properties": {"street": "11 AVENUE", "from": "58 STREET", "to": "57 STREET", "side": "E", "zone": "MON_THU", "zone_label": "Mon/Thu", "schedules": ["MON 8:30AM-10AM"], "all_days": ["MON"], "color": "#eda100"}}, {"type": "Feature", "geometry": {"type": "LineString", "coordinates": [[-74.03456245191728, 40.62199941618979], [-74.03484833622728, 40.62131827488678]]}, "properties": {"street": "RIDGE BOULEVARD", "from": "90 STREET", "to": "89 STREET", "side": "E", "zone": "OTHER", "zone_label": "Other", "schedules": ["THU 8:30AM-10AM"], "all_days": ["THU"], "color": "#898781"}}, {"type": "Feature", "geometry": {"type": "LineString", "coordinates": [[-74.01702149815374, 40.62148161604377], [-74.01760366050873, 40.62092599744777]]}, "properties": {"street": "10 AVENUE", "from": "80 STREET", "to": "81 STREET", "side": "W", "zone": "WED_FRI", "zone_label": "Wed/Fri", "schedules": ["WED 11:30AM-1PM"], "all_days": ["WED"], "color": "#eb6834"}}, {"type": "Feature", "geometry": {"type": "LineString", "coordinates": [[-74.02115178253538, 40.6212902349831], [-74.02027782992938, 40.620737625648104]]}, "properties": {"street": "83 STREET", "from": "DYKER PLACE", "to": "7 AVENUE", "side": "N", "zone": "WED_FRI", "zone_label": "Wed/Fri", "schedules": ["WED 11:30AM-1PM"], "all_days": ["WED"], "color": "#eb6834"}}, {"type": "Feature", "geometry": {"type": "LineString", "coordinates": [[-74.00245639749421, 40.61086651064142], [-74.00303735916921, 40.61030434617542]]}, "properties": {"street": "17 AVENUE", "from": "84 STREET", "to": "81 STREET", "side": "E", "zone": "MON_TUE", "zone_label": "Mon/Tue", "schedules": ["TUE 11:30AM-1PM"], "all_days": ["TUE"], "color": "#2a78d6"}}, {"type": "Feature", "geometry": {"type": "LineString", "coordinates": [[-74.01818544130201, 40.62036413563414], [-74.01876676749701, 40.61980472941714]]}, "properties": {"street": "10 AVENUE", "from": "82 STREET", "to": "83 STREET", "side": "W", "zone": "WED_FRI", "zone_label": "Wed/Fri", "schedules": ["WED 11:30AM-1PM"], "all_days": ["WED"], "color": "#eb6834"}}, {"type": "Feature", "geometry": {"type": "LineString", "coordinates": [[-74.0151736474764, 40.63320570883323], [-74.0132037995184, 40.631997535820226]]}, "properties": {"street": "66 STREET", "from": "8 AVENUE", "to": "7 AVENUE", "side": "S", "zone": "WED_THU", "zone_label": "Wed/Thu", "schedules": ["THU 11:30AM-1PM"], "all_days": ["THU"], "color": "#e34948"}}, {"type": "Feature", "geometry": {"type": "LineString", "coordinates": [[-74.01280923324008, 40.63932330558282], [-74.01339054472307, 40.63876298184682]]}, "properties": {"street": "6 AVENUE", "from": "58 STREET", "to": "59 STREET", "side": "W", "zone": "THU_FRI", "zone_label": "Thu/Fri", "schedules": ["THU 11:30AM-1PM"], "all_days": ["THU"], "color": "#4a3aa7"}}, {"type": "Feature", "geometry": {"type": "LineString", "coordinates": [[-74.01502943119192, 40.626800702316785], [-74.01573682818992, 40.62632684447479]]}, "properties": {"street": "FORT HAMILTON PARKWAY", "from": "73 STREET", "to": "BAY RIDGE PARKWAY", "side": "W", "zone": "OTHER", "zone_label": "Other", "schedules": ["WED 11:30AM-1PM"], "all_days": ["WED"], "color": "#898781"}}, {"type": "Feature", "geometry": {"type": "LineString", "coordinates": [[-74.00369816734076, 40.62734513700668], [-74.00149679498377, 40.62601617294468]]}, "properties": {"street": "65 STREET", "from": "14 AVENUE", "to": "13 AVENUE", "side": "N", "zone": "WED_THU", "zone_label": "Wed/Thu", "schedules": ["WED 8:30AM-10AM"], "all_days": ["WED"], "color": "#e34948"}}, {"type": "Feature", "geometry": {"type": "LineString", "coordinates": [[-74.00257196328464, 40.64221938169936], [-74.00036831403663, 40.640888938061366]]}, "properties": {"street": "48 STREET", "from": "8 AVENUE", "to": "9 AVENUE", "side": "S", "zone": "MON_THU", "zone_label": "Mon/Thu", "schedules": ["THU 8:30AM-10AM"], "all_days": ["THU"], "color": "#eda100"}}, {"type": "Feature", "geometry": {"type": "LineString", "coordinates": [[-74.01100434929818, 40.64100872616012], [-74.01014878077348, 40.64049196118061], [-74.00980057869884, 40.640281647736295], [-74.00880031077004, 40.639677454207906]]}, "properties": {"street": "55 STREET", "from": "7 AVENUE", "to": "6 AVENUE", "side": "N", "zone": "THU_FRI", "zone_label": "Thu/Fri", "schedules": ["THU 11:30AM-1PM"], "all_days": ["THU"], "color": "#4a3aa7"}}, {"type": "Feature", "geometry": {"type": "LineString", "coordinates": [[-74.00698412140048, 40.61724266722924], [-74.00756687358248, 40.61668318153124]]}, "properties": {"street": "14 AVENUE", "from": "79 STREET", "to": "78 STREET", "side": "E", "zone": "WED_FRI", "zone_label": "Wed/Fri", "schedules": ["FRI 8:30AM-10AM"], "all_days": ["FRI"], "color": "#eb6834"}}, {"type": "Feature", "geometry": {"type": "LineString", "coordinates": [[-74.00179810088713, 40.609140136404996], [-74.00167809935112, 40.608013731217994]]}, "properties": {"street": "NEW UTRECHT AVENUE", "from": "18 AVENUE", "to": "84 STREET", "side": "E", "zone": "DAILY", "zone_label": "Daily (except Sun)", "schedules": ["MON/TUE/WED/THU/FRI/SAT 6:30AM-7AM"], "all_days": ["MON", "TUE", "WED", "THU", "FRI", "SAT"], "color": "#e87ba4"}}, {"type": "Feature", "geometry": {"type": "LineString", "coordinates": [[-74.0246031975719, 40.61742353440143], [-74.02397671567664, 40.6171116354395], [-74.02369535607274, 40.616971555655]]}, "properties": {"street": "90 STREET", "from": "BATTERY AVENUE", "to": "DAHLGREN PLACE", "side": "N", "zone": "MON_TUE", "zone_label": "Mon/Tue", "schedules": ["MON 11:30AM-1PM"], "all_days": ["MON"], "color": "#2a78d6"}}, {"type": "Feature", "geometry": {"type": "LineString", "coordinates": [[-74.01603779751942, 40.62922245691559], [-74.01660994139641, 40.62866885288759]]}, "properties": {"street": "8 AVENUE", "from": "72 STREET", "to": "71 STREET", "side": "E", "zone": "WED_THU", "zone_label": "Wed/Thu", "schedules": ["THU 11:30AM-1PM"], "all_days": ["THU"], "color": "#e34948"}}, {"type": "Feature", "geometry": {"type": "LineString", "coordinates": [[-74.00028243463467, 40.62713336162725], [-74.00086329612967, 40.62657316332125]]}, "properties": {"street": "13 AVENUE", "from": "64 STREET", "to": "63 STREET", "side": "E", "zone": "WED_THU", "zone_label": "Wed/Thu", "schedules": ["THU 8:30AM-10AM"], "all_days": ["THU"], "color": "#e34948"}}, {"type": "Feature", "geometry": {"type": "LineString", "coordinates": [[-74.0028908668637, 40.62128130385293], [-74.0034694216427, 40.62072306423093]]}, "properties": {"street": "14 AVENUE", "from": "71 STREET", "to": "72 STREET", "side": "W", "zone": "WED_THU", "zone_label": "Wed/Thu", "schedules": ["WED 8:30AM-10AM"], "all_days": ["WED"], "color": "#e34948"}}, {"type": "Feature", "geometry": {"type": "LineString", "coordinates": [[-74.00106690093526, 40.60302334814603], [-74.00228383990526, 40.60185437124303]]}, "properties": {"street": "BAY   23 STREET", "from": "86 STREET", "to": "BENSON AVENUE", "side": "E", "zone": "OTHER", "zone_label": "Other", "schedules": ["TUE 8:30AM-10AM"], "all_days": ["TUE"], "color": "#898781"}}, {"type": "Feature", "geometry": {"type": "LineString", "coordinates": [[-74.01250906428601, 40.63266618664602], [-74.01030534342301, 40.63133440251302]]}, "properties": {"street": "65 STREET", "from": "9 AVENUE", "to": "8 AVENUE", "side": "N", "zone": "DAILY", "zone_label": "Daily (except Sun)", "schedules": ["MON/WED/FRI 7:30AM-8AM"], "all_days": ["MON", "WED", "FRI"], "color": "#e87ba4"}}, {"type": "Feature", "geometry": {"type": "LineString", "coordinates": [[-74.00192596270819, 40.607850704759734], [-74.00168655847018, 40.60770911940074]]}, "properties": {"street": "85 STREET", "from": "NEW UTRECHT AVENUE", "to": "19 AVENUE", "side": "N", "zone": "OTHER", "zone_label": "Other", "schedules": ["WED 8:30AM-10AM"], "all_days": ["WED"], "color": "#898781"}}, {"type": "Feature", "geometry": {"type": "LineString", "coordinates": [[-74.01715031837647, 40.641983830864454], [-74.01495513583846, 40.640658295224455]]}, "properties": {"street": "58 STREET", "from": "4 AVENUE", "to": "5 AVENUE", "side": "N", "zone": "WED_THU", "zone_label": "Wed/Thu", "schedules": ["THU 9:30AM-11AM"], "all_days": ["THU"], "color": "#e34948"}}, {"type": "Feature", "geometry": {"type": "LineString", "coordinates": [[-74.00652868856191, 40.614234175034944], [-74.00711127618791, 40.613673790511946]]}, "properties": {"street": "15 AVENUE", "from": "82 STREET", "to": "81 STREET", "side": "E", "zone": "MON_TUE", "zone_label": "Mon/Tue", "schedules": ["TUE 11:30AM-1PM"], "all_days": ["TUE"], "color": "#2a78d6"}}, {"type": "Feature", "geometry": {"type": "LineString", "coordinates": [[-74.03157211807265, 40.638498453116746], [-74.03205338295164, 40.637609759757744]]}, "properties": {"street": "BLISS TERRACE", "from": "68 STREET", "to": "BAY RIDGE AVENUE", "side": "E", "zone": "MON_TUE", "zone_label": "Mon/Tue", "schedules": ["TUE 9:30AM-11AM"], "all_days": ["TUE"], "color": "#2a78d6"}}, {"type": "Feature", "geometry": {"type": "LineString", "coordinates": [[-74.02896469386258, 40.62860230612527], [-74.02839213936791, 40.62846635668038], [-74.02713238650273, 40.62816927020945], [-74.02625197643967, 40.627958159314396]]}, "properties": {"street": "79 STREET", "from": "3 AVENUE", "to": "4 AVENUE", "side": "N", "zone": "THU_FRI", "zone_label": "Thu/Fri", "schedules": ["THU 8:30AM-10AM"], "all_days": ["THU"], "color": "#4a3aa7"}}, {"type": "Feature", "geometry": {"type": "LineString", "coordinates": [[-74.0020595425106, 40.63921398411104], [-74.0023382225984, 40.63894640797578], [-74.002640930899, 40.638655741454116]]}, "properties": {"street": "9 AVENUE", "from": "52 STREET", "to": "51 STREET", "side": "E", "zone": "MON_THU", "zone_label": "Mon/Thu", "schedules": ["THU 8:30AM-10AM"], "all_days": ["THU"], "color": "#eda100"}}, {"type": "Feature", "geometry": {"type": "LineString", "coordinates": [[-74.00312535937627, 40.62789955182157], [-74.00092165187627, 40.626568009534566]]}, "properties": {"street": "64 STREET", "from": "12 AVENUE", "to": "13 AVENUE", "side": "S", "zone": "WED_THU", "zone_label": "Wed/Thu", "schedules": ["THU 8:30AM-10AM"], "all_days": ["THU"], "color": "#e34948"}}, {"type": "Feature", "geometry": {"type": "LineString", "coordinates": [[-74.03367125036768, 40.61281507976735], [-74.03188036013668, 40.61193379080535]]}, "properties": {"street": "100 STREET", "from": "3 AVENUE", "to": "4 AVENUE", "side": "S", "zone": "MON_TUE", "zone_label": "Mon/Tue", "schedules": ["TUE 9:30AM-11AM"], "all_days": ["TUE"], "color": "#2a78d6"}}, {"type": "Feature", "geometry": {"type": "LineString", "coordinates": [[-74.01371683081787, 40.61766537716791], [-74.01429635638087, 40.617106125639914]]}, "properties": {"street": "12 AVENUE", "from": "83 STREET", "to": "82 STREET", "side": "E", "zone": "WED_FRI", "zone_label": "Wed/Fri", "schedules": ["FRI 8:30AM-10AM"], "all_days": ["FRI"], "color": "#eb6834"}}, {"type": "Feature", "geometry": {"type": "LineString", "coordinates": [[-74.01631780898406, 40.63589496465996], [-74.01413622658706, 40.63454783394896]]}, "properties": {"street": "64 STREET", "from": "6 AVENUE", "to": "7 AVENUE", "side": "S", "zone": "WED_THU", "zone_label": "Wed/Thu", "schedules": ["THU 11:30AM-1PM"], "all_days": ["THU"], "color": "#e34948"}}, {"type": "Feature", "geometry": {"type": "LineString", "coordinates": [[-74.01636671365645, 40.63306631339251], [-74.01637927654123, 40.633006171456096], [-74.01645329702473, 40.63281854938599], [-74.0166505548387, 40.63230437723736]]}, "properties": {"street": "7 AVENUE", "from": "68 STREET", "to": "67 STREET", "side": "E", "zone": "MON_THU", "zone_label": "Mon/Thu", "schedules": ["THU 11:30AM-1PM"], "all_days": ["THU"], "color": "#eda100"}}, {"type": "Feature", "geometry": {"type": "LineString", "coordinates": [[-74.00834463872566, 40.605250415075986], [-74.00760112881666, 40.60480111562599]]}, "properties": {"street": "BATH AVENUE", "from": "BAY   16 STREET", "to": "17 AVENUE", "side": "N", "zone": "OTHER", "zone_label": "Other", "schedules": ["MON/TUE/THU/FRI 7:30AM-8AM"], "all_days": ["MON", "TUE", "THU", "FRI"], "color": "#898781"}}, {"type": "Feature", "geometry": {"type": "LineString", "coordinates": [[-74.01365630074538, 40.62127150236198], [-74.01423671625939, 40.620712424959976]]}, "properties": {"street": "11 AVENUE", "from": "78 STREET", "to": "79 STREET", "side": "W", "zone": "WED_FRI", "zone_label": "Wed/Fri", "schedules": ["WED 9:30AM-11AM"], "all_days": ["WED"], "color": "#eb6834"}}, {"type": "Feature", "geometry": {"type": "LineString", "coordinates": [[-74.00694425399737, 40.60436599265393], [-74.00827762002838, 40.60308395721493]]}, "properties": {"street": "BAY   17 STREET", "from": "CROPSEY AVENUE", "to": "BATH AVENUE", "side": "W", "zone": "MON_TUE", "zone_label": "Mon/Tue", "schedules": ["MON 11:30AM-1PM"], "all_days": ["MON"], "color": "#2a78d6"}}, {"type": "Feature", "geometry": {"type": "LineString", "coordinates": [[-74.02809384195132, 40.630732368658414], [-74.02537463060231, 40.63008756220941]]}, "properties": {"street": "76 STREET", "from": "4 AVENUE", "to": "3 AVENUE", "side": "S", "zone": "THU_FRI", "zone_label": "Thu/Fri", "schedules": ["FRI 8:30AM-10AM"], "all_days": ["FRI"], "color": "#4a3aa7"}}, {"type": "Feature", "geometry": {"type": "LineString", "coordinates": [[-74.03492655345052, 40.62841323156346], [-74.03224550690652, 40.62777852697345]]}, "properties": {"street": "81 STREET", "from": "COLONIAL ROAD", "to": "RIDGE BOULEVARD", "side": "N", "zone": "MON_TUE", "zone_label": "Mon/Tue", "schedules": ["MON 9:30AM-11AM"], "all_days": ["MON"], "color": "#2a78d6"}}, {"type": "Feature", "geometry": {"type": "LineString", "coordinates": [[-74.0039878151883, 40.6201249641214], [-74.0045678160423, 40.6195656289204]]}, "properties": {"street": "14 AVENUE", "from": "74 STREET", "to": "73 STREET", "side": "E", "zone": "WED_THU", "zone_label": "Wed/Thu", "schedules": ["THU 8:30AM-10AM"], "all_days": ["THU"], "color": "#e34948"}}, {"type": "Feature", "geometry": {"type": "LineString", "coordinates": [[-74.00482361460823, 40.608582795411124], [-74.00659358429823, 40.60688374703913]]}, "properties": {"street": "17 AVENUE", "from": "BENSON AVENUE", "to": "86 STREET", "side": "E", "zone": "MON_TUE", "zone_label": "Mon/Tue", "schedules": ["TUE 11:30AM-1PM"], "all_days": ["TUE"], "color": "#2a78d6"}}, {"type": "Feature", "geometry": {"type": "LineString", "coordinates": [[-74.03291542397643, 40.63344679804122], [-74.03305063736242, 40.633112639853856], [-74.03319639224183, 40.63275242558143]]}, "properties": {"street": "COLONIAL ROAD", "from": "74 STREET", "to": "BAY RIDGE PARKWAY", "side": "W", "zone": "THU_FRI", "zone_label": "Thu/Fri", "schedules": ["THU 9:30AM-11AM"], "all_days": ["THU"], "color": "#4a3aa7"}}, {"type": "Feature", "geometry": {"type": "LineString", "coordinates": [[-74.0341192132702, 40.63748207211447], [-74.03431151716994, 40.63701944479485], [-74.03440339414249, 40.63679843818796]]}, "properties": {"street": "NARROWS AVENUE", "from": "MACKAY PLACE", "to": "70 STREET", "side": "E", "zone": "MON_TUE", "zone_label": "Mon/Tue", "schedules": ["TUE 9:30AM-11AM"], "all_days": ["TUE"], "color": "#2a78d6"}}, {"type": "Feature", "geometry": {"type": "LineString", "coordinates": [[-74.0344585812833, 40.63677879324971], [-74.0339730772978, 40.63662821821693], [-74.03285594595128, 40.63628173437759], [-74.0328174524075, 40.63626979604275], [-74.0325207864172, 40.63617777517583]]}, "properties": {"street": "MACKAY PLACE", "from": "SHORE ROAD", "to": "NARROWS AVENUE", "side": "S", "zone": "MON_TUE", "zone_label": "Mon/Tue", "schedules": ["TUE 9:30AM-11AM"], "all_days": ["TUE"], "color": "#2a78d6"}}, {"type": "Feature", "geometry": {"type": "LineString", "coordinates": [[-74.03069668238243, 40.62436648337205], [-74.02797922015343, 40.62372072119405]]}, "properties": {"street": "85 STREET", "from": "3 AVENUE", "to": "4 AVENUE", "side": "N", "zone": "MON_TUE", "zone_label": "Mon/Tue", "schedules": ["MON 8:30AM-10AM"], "all_days": ["MON"], "color": "#2a78d6"}}, {"type": "Feature", "geometry": {"type": "LineString", "coordinates": [[-74.00343268421767, 40.62415617911669], [-74.00117870118167, 40.62287610803769]]}, "properties": {"street": "OVINGTON AVENUE", "from": "15 AVENUE", "to": "14 AVENUE", "side": "N", "zone": "THU_FRI", "zone_label": "Thu/Fri", "schedules": ["THU 11:30AM-1PM"], "all_days": ["THU"], "color": "#4a3aa7"}}, {"type": "Feature", "geometry": {"type": "LineString", "coordinates": [[-74.00527404066248, 40.62927825696004], [-74.00307375478549, 40.627948746847046]]}, "properties": {"street": "64 STREET", "from": "11 AVENUE", "to": "12 AVENUE", "side": "N", "zone": "WED_THU", "zone_label": "Wed/Thu", "schedules": ["WED 9:30AM-11AM"], "all_days": ["WED"], "color": "#e34948"}}, {"type": "Feature", "geometry": {"type": "LineString", "coordinates": [[-74.00897083266952, 40.62222425258943], [-74.00959897577052, 40.621623104316434]]}, "properties": {"street": "12 AVENUE", "from": "BAY RIDGE PARKWAY", "to": "74 STREET", "side": "E", "zone": "WED_FRI", "zone_label": "Wed/Fri", "schedules": ["FRI 8:30AM-10AM"], "all_days": ["FRI"], "color": "#eb6834"}}, {"type": "Feature", "geometry": {"type": "LineString", "coordinates": [[-74.00317126019908, 40.6140681000023], [-74.0008175337881, 40.6126491360613]]}, "properties": {"street": "79 STREET", "from": "16 AVENUE", "to": "NEW UTRECHT AVENUE", "side": "N", "zone": "THU_FRI", "zone_label": "Thu/Fri", "schedules": ["THU 11:30AM-1PM"], "all_days": ["THU"], "color": "#4a3aa7"}}, {"type": "Feature", "geometry": {"type": "LineString", "coordinates": [[-74.00856420092009, 40.63301182329163], [-74.00705018414509, 40.63209365725263]]}, "properties": {"street": "62 STREET", "from": "9 AVENUE", "to": "FT HAMILTON PARKWAY", "side": "S", "zone": "WED_THU", "zone_label": "Wed/Thu", "schedules": ["THU 11:30AM-1PM"], "all_days": ["THU"], "color": "#e34948"}}, {"type": "Feature", "geometry": {"type": "LineString", "coordinates": [[-74.02792881487129, 40.63632625200224], [-74.02835745352229, 40.63527318852324]]}, "properties": {"street": "BAY RIDGE PLACE", "from": "BAY RIDGE AVENUE", "to": "OVINGTON AVENUE", "side": "W", "zone": "MON_TUE", "zone_label": "Mon/Tue", "schedules": ["MON 8:30AM-10AM"], "all_days": ["MON"], "color": "#2a78d6"}}, {"type": "Feature", "geometry": {"type": "LineString", "coordinates": [[-74.00080693958573, 40.60094630136796], [-74.00207442044973, 40.59970699513496]]}, "properties": {"street": "BAY   25 STREET", "from": "BENSON AVENUE", "to": "BATH AVENUE", "side": "E", "zone": "WED_FRI", "zone_label": "Wed/Fri", "schedules": ["FRI 9:30AM-11AM"], "all_days": ["FRI"], "color": "#eb6834"}}, {"type": "Feature", "geometry": {"type": "LineString", "coordinates": [[-74.00238104521942, 40.63211220455669], [-74.00298520558043, 40.631531211572685]]}, "properties": {"street": "11 AVENUE", "from": "59 STREET", "to": "60 STREET", "side": "W", "zone": "MON_THU", "zone_label": "Mon/Thu", "schedules": ["THU 8:30AM-10AM"], "all_days": ["THU"], "color": "#eda100"}}, {"type": "Feature", "geometry": {"type": "LineString", "coordinates": [[-74.00049103116825, 40.605962195685464], [-74.00266448040925, 40.603874161752465]]}, "properties": {"street": "19 AVENUE", "from": "85 STREET", "to": "86 STREET", "side": "W", "zone": "OTHER", "zone_label": "Other", "schedules": ["MON/TUE/THU/FRI 8AM-8:30AM"], "all_days": ["MON", "TUE", "THU", "FRI"], "color": "#898781"}}, {"type": "Feature", "geometry": {"type": "LineString", "coordinates": [[-74.00748421610167, 40.60262795443374], [-74.00713853951135, 40.602447286178815], [-74.00680571948716, 40.602273343083745]]}, "properties": {"street": "CROPSEY AVENUE", "from": "18 AVENUE", "to": "BAY   19 STREET", "side": "S", "zone": "MON_TUE", "zone_label": "Mon/Tue", "schedules": ["TUE 11:30AM-1PM"], "all_days": ["TUE"], "color": "#2a78d6"}}, {"type": "Feature", "geometry": {"type": "LineString", "coordinates": [[-74.03123000205036, 40.63735623516801], [-74.03136209173684, 40.637032408751345], [-74.03138689969134, 40.63697158938714], [-74.03150930608356, 40.636671512008505]]}, "properties": {"street": "COLONIAL ROAD", "from": "70 STREET", "to": "BAY RIDGE AVENUE", "side": "E", "zone": "MON_TUE", "zone_label": "Mon/Tue", "schedules": ["TUE 9:30AM-11AM"], "all_days": ["TUE"], "color": "#2a78d6"}}, {"type": "Feature", "geometry": {"type": "LineString", "coordinates": [[-74.01305027468719, 40.608014045594466], [-74.01266941849836, 40.60778376213568], [-74.01230829891172, 40.60756539819236]]}, "properties": {"street": "BATH AVENUE", "from": "15 AVENUE", "to": "BAY   10 STREET", "side": "S", "zone": "WED_FRI", "zone_label": "Wed/Fri", "schedules": ["WED 11:30AM-1PM"], "all_days": ["WED"], "color": "#eb6834"}}, {"type": "Feature", "geometry": {"type": "LineString", "coordinates": [[-74.01117490208799, 40.62355472068951], [-74.01153715353654, 40.62320676859039], [-74.01180125350649, 40.62295310141023]]}, "properties": {"street": "11 AVENUE", "from": "BAY RIDGE PARKWAY", "to": "74 STREET", "side": "E", "zone": "WED_FRI", "zone_label": "Wed/Fri", "schedules": ["FRI 9:30AM-11AM"], "all_days": ["FRI"], "color": "#eb6834"}}, {"type": "Feature", "geometry": {"type": "LineString", "coordinates": [[-74.00752927763035, 40.63056016570173], [-74.00532564225435, 40.629229059501725]]}, "properties": {"street": "64 STREET", "from": "10 AVENUE", "to": "11 AVENUE", "side": "S", "zone": "WED_THU", "zone_label": "Wed/Thu", "schedules": ["THU 9:30AM-11AM"], "all_days": ["THU"], "color": "#e34948"}}, {"type": "Feature", "geometry": {"type": "LineString", "coordinates": [[-74.00555543176742, 40.61182571947004], [-74.00581440485473, 40.61157787497325], [-74.00604820240623, 40.61135276764128]]}, "properties": {"street": "16 AVENUE", "from": "83 STREET", "to": "84 STREET", "side": "W", "zone": "MON_TUE", "zone_label": "Mon/Tue", "schedules": ["TUE 11:30AM-1PM"], "all_days": ["TUE"], "color": "#2a78d6"}}, {"type": "Feature", "geometry": {"type": "LineString", "coordinates": [[-74.00664732742713, 40.62446172405856], [-74.00722850296413, 40.62390358266556]]}, "properties": {"street": "12 AVENUE", "from": "71 STREET", "to": "70 STREET", "side": "E", "zone": "WED_THU", "zone_label": "Wed/Thu", "schedules": ["THU 8:30AM-10AM"], "all_days": ["THU"], "color": "#e34948"}}, {"type": "Feature", "geometry": {"type": "LineString", "coordinates": [[-74.02599896819807, 40.62866502436702], [-74.02630393282907, 40.62793771354602]]}, "properties": {"street": "4 AVENUE", "from": "78 STREET", "to": "79 STREET", "side": "W", "zone": "THU_FRI", "zone_label": "Thu/Fri", "schedules": ["THU 8:30AM-10AM"], "all_days": ["THU"], "color": "#4a3aa7"}}, {"type": "Feature", "geometry": {"type": "LineString", "coordinates": [[-74.02925731548339, 40.6204857783638], [-74.0295258394504, 40.619831409316795]]}, "properties": {"street": "4 AVENUE", "from": "90 STREET", "to": "89 STREET", "side": "E", "zone": "MON_TUE", "zone_label": "Mon/Tue", "schedules": ["TUE 8:30AM-10AM"], "all_days": ["TUE"], "color": "#2a78d6"}}, {"type": "Feature", "geometry": {"type": "LineString", "coordinates": [[-74.03348825606497, 40.63204586502367], [-74.03378340127496, 40.63131402558467]]}, "properties": {"street": "COLONIAL ROAD", "from": "76 STREET", "to": "77 STREET", "side": "W", "zone": "THU_FRI", "zone_label": "Thu/Fri", "schedules": ["THU 9:30AM-11AM"], "all_days": ["THU"], "color": "#4a3aa7"}}, {"type": "Feature", "geometry": {"type": "LineString", "coordinates": [[-74.01791285893998, 40.63372858382646], [-74.01820644111497, 40.63303221119146]]}, "properties": {"street": "6 AVENUE", "from": "68 STREET", "to": "67 STREET", "side": "E", "zone": "MON_TUE", "zone_label": "Mon/Tue", "schedules": ["TUE 11:30AM-1PM"], "all_days": ["TUE"], "color": "#2a78d6"}}, {"type": "Feature", "geometry": {"type": "LineString", "coordinates": [[-74.02293505213753, 40.62873414450752], [-74.02057487889653, 40.62730943796352]]}, "properties": {"street": "76 STREET", "from": "6 AVENUE", "to": "5 AVENUE", "side": "N", "zone": "MON_TUE", "zone_label": "Mon/Tue", "schedules": ["MON 11:30AM-1PM"], "all_days": ["MON"], "color": "#2a78d6"}}, {"type": "Feature", "geometry": {"type": "LineString", "coordinates": [[-74.02629395681156, 40.61990627579263], [-74.02535179252656, 40.61943841489163]]}, "properties": {"street": "88 STREET", "from": "GELSTON AVENUE", "to": "FT HAMILTON PARKWAY", "side": "N", "zone": "THU_FRI", "zone_label": "Thu/Fri", "schedules": ["FRI 11:30AM-1PM"], "all_days": ["FRI"], "color": "#4a3aa7"}}, {"type": "Feature", "geometry": {"type": "LineString", "coordinates": [[-74.02738721132856, 40.61321410088229], [-74.02692257320403, 40.613054161651036], [-74.0266886937426, 40.61297365424467], [-74.02642927907648, 40.61288609985482]]}, "properties": {"street": "FORT HILL PLACE", "from": "BATTERY AVENUE", "to": "DAHLGREN PLACE", "side": "S", "zone": "MON_TUE", "zone_label": "Mon/Tue", "schedules": ["TUE 11:30AM-1PM"], "all_days": ["TUE"], "color": "#2a78d6"}}, {"type": "Feature", "geometry": {"type": "LineString", "coordinates": [[-74.00049864033328, 40.62347869440353], [-74.00117098926528, 40.62283146701953]]}, "properties": {"street": "14 AVENUE", "from": "67 STREET", "to": "66 STREET", "side": "E", "zone": "WED_THU", "zone_label": "Wed/Thu", "schedules": ["THU 8:30AM-10AM"], "all_days": ["THU"], "color": "#e34948"}}, {"type": "Feature", "geometry": {"type": "LineString", "coordinates": [[-74.02687203040112, 40.62643625067898], [-74.02675994289234, 40.62640859644602], [-74.0244759534081, 40.625032045612414]]}, "properties": {"street": "81 STREET", "from": "4 AVENUE", "to": "5 AVENUE", "side": "S", "zone": "MON_TUE", "zone_label": "Mon/Tue", "schedules": ["TUE 8:30AM-10AM"], "all_days": ["TUE"], "color": "#2a78d6"}}, {"type": "Feature", "geometry": {"type": "LineString", "coordinates": [[-74.02716637420242, 40.62570500238608], [-74.02705253529548, 40.62568082069114], [-74.02477755111877, 40.6243043885055]]}, "properties": {"street": "82 STREET", "from": "5 AVENUE", "to": "4 AVENUE", "side": "S", "zone": "MON_TUE", "zone_label": "Mon/Tue", "schedules": ["TUE 8:30AM-10AM"], "all_days": ["TUE"], "color": "#2a78d6"}}, {"type": "Feature", "geometry": {"type": "LineString", "coordinates": [[-74.03312931632657, 40.61339321713159], [-74.03361394447056, 40.61282438782059]]}, "properties": {"street": "4 AVENUE", "from": "100 STREET", "to": "99 STREET", "side": "E", "zone": "OTHER", "zone_label": "Other", "schedules": ["TUE 9:30AM-11AM"], "all_days": ["TUE"], "color": "#898781"}}, {"type": "Feature", "geometry": {"type": "LineString", "coordinates": [[-74.00839621840835, 40.60520121549001], [-74.00765270849935, 40.604751916040016]]}, "properties": {"street": "BATH AVENUE", "from": "17 AVENUE", "to": "BAY   16 STREET", "side": "S", "zone": "OTHER", "zone_label": "Other", "schedules": ["MON/TUE/THU/FRI 7:30AM-8AM"], "all_days": ["MON", "TUE", "THU", "FRI"], "color": "#898781"}}, {"type": "Feature", "geometry": {"type": "LineString", "coordinates": [[-74.00419616210888, 40.60918408769579], [-74.00482363462088, 40.608582775424786]]}, "properties": {"street": "17 AVENUE", "from": "86 STREET", "to": "85 STREET", "side": "E", "zone": "OTHER", "zone_label": "Other", "schedules": ["TUE 8:30AM-10AM"], "all_days": ["TUE"], "color": "#898781"}}, {"type": "Feature", "geometry": {"type": "LineString", "coordinates": [[-74.01099561388119, 40.61693400126163], [-74.01157732471219, 40.61637259569463]]}, "properties": {"street": "13 AVENUE", "from": "81 STREET", "to": "82 STREET", "side": "W", "zone": "WED_FRI", "zone_label": "Wed/Fri", "schedules": ["WED 8:30AM-10AM"], "all_days": ["WED"], "color": "#eb6834"}}, {"type": "Feature", "geometry": {"type": "LineString", "coordinates": [[-74.00953257945179, 40.635525787467365], [-74.00733186158078, 40.63419645038537]]}, "properties": {"street": "60 STREET", "from": "9 AVENUE", "to": "8 AVENUE", "side": "N", "zone": "MON_THU", "zone_label": "Mon/Thu", "schedules": ["MON 9:30AM-11AM"], "all_days": ["MON"], "color": "#eda100"}}, {"type": "Feature", "geometry": {"type": "LineString", "coordinates": [[-74.03490004977046, 40.62129778296669], [-74.03220887693246, 40.6206656553877]]}, "properties": {"street": "90 STREET", "from": "3 AVENUE", "to": "RIDGE BOULEVARD", "side": "S", "zone": "MON_TUE", "zone_label": "Mon/Tue", "schedules": ["TUE 8:30AM-10AM"], "all_days": ["TUE"], "color": "#2a78d6"}}, {"type": "Feature", "geometry": {"type": "LineString", "coordinates": [[-74.00011167430513, 40.630745114177145], [-74.00071663365513, 40.63016382644514]]}, "properties": {"street": "12 AVENUE", "from": "60 STREET", "to": "59 STREET", "side": "E", "zone": "MON_THU", "zone_label": "Mon/Thu", "schedules": ["THU 8:30AM-10AM"], "all_days": ["THU"], "color": "#eda100"}}, {"type": "Feature", "geometry": {"type": "LineString", "coordinates": [[-74.0323064493159, 40.62039654657395], [-74.02982156506889, 40.61918851286295]]}, "properties": {"street": "91 STREET", "from": "3 AVENUE", "to": "4 AVENUE", "side": "N", "zone": "MON_TUE", "zone_label": "Mon/Tue", "schedules": ["MON 8:30AM-10AM"], "all_days": ["MON"], "color": "#2a78d6"}}, {"type": "Feature", "geometry": {"type": "LineString", "coordinates": [[-74.00465998735615, 40.60306101047474], [-74.00387831847614, 40.60265028426074]]}, "properties": {"street": "BATH AVENUE", "from": "BAY   20 STREET", "to": "19 AVENUE", "side": "S", "zone": "MON_TUE", "zone_label": "Mon/Tue", "schedules": ["TUE 7:30AM-8AM"], "all_days": ["TUE"], "color": "#2a78d6"}}, {"type": "Feature", "geometry": {"type": "LineString", "coordinates": [[-74.00089416388535, 40.640334671807175], [-74.00147645885235, 40.63977373222417]]}, "properties": {"street": "9 AVENUE", "from": "50 STREET", "to": "49 STREET", "side": "E", "zone": "MON_THU", "zone_label": "Mon/Thu", "schedules": ["THU 8:30AM-10AM"], "all_days": ["THU"], "color": "#eda100"}}, {"type": "Feature", "geometry": {"type": "LineString", "coordinates": [[-74.0203439091559, 40.620722771832085], [-74.0206357141499, 40.62000773769508]]}, "properties": {"street": "7 AVENUE", "from": "83 STREET", "to": "84 STREET", "side": "W", "zone": "WED_FRI", "zone_label": "Wed/Fri", "schedules": ["WED 11:30AM-1PM"], "all_days": ["WED"], "color": "#eb6834"}}, {"type": "Feature", "geometry": {"type": "LineString", "coordinates": [[-74.0105341100208, 40.62772050349509], [-74.01083889575598, 40.627427484743386], [-74.01111532850074, 40.62716172147436]]}, "properties": {"street": "10 AVENUE", "from": "BAY RIDGE AVENUE", "to": "70 STREET", "side": "W", "zone": "WED_THU", "zone_label": "Wed/Thu", "schedules": ["WED 9:30AM-11AM"], "all_days": ["WED"], "color": "#e34948"}}, {"type": "Feature", "geometry": {"type": "LineString", "coordinates": [[-74.00914646737161, 40.63244754344679], [-74.00776678803561, 40.63161371850578]]}, "properties": {"street": "63 STREET", "from": "FT HAMILTON PARKWAY", "to": "9 AVENUE", "side": "S", "zone": "WED_THU", "zone_label": "Wed/Thu", "schedules": ["THU 11:30AM-1PM"], "all_days": ["THU"], "color": "#e34948"}}, {"type": "Feature", "geometry": {"type": "LineString", "coordinates": [[-74.02843280329058, 40.64030556077146], [-74.02773296554459, 40.63987813821346]]}, "properties": {"street": "WAKEMAN PLACE", "from": "SEDGWICK PLACE", "to": "BERGEN PLACE", "side": "S", "zone": "MON_TUE", "zone_label": "Mon/Tue", "schedules": ["TUE 9:30AM-11AM"], "all_days": ["TUE"], "color": "#2a78d6"}}, {"type": "Feature", "geometry": {"type": "LineString", "coordinates": [[-74.00739015318332, 40.63419135977471], [-74.00799458423833, 40.63361163725171]]}, "properties": {"street": "9 AVENUE", "from": "60 STREET", "to": "61 STREET", "side": "W", "zone": "MON_THU", "zone_label": "Mon/Thu", "schedules": ["MON 9:30AM-11AM"], "all_days": ["MON"], "color": "#eda100"}}, {"type": "Feature", "geometry": {"type": "LineString", "coordinates": [[-74.03107395287323, 40.62344120016805], [-74.03056966789447, 40.62331757718138], [-74.02911998772836, 40.62296218464247], [-74.0283643511022, 40.622776929267346]]}, "properties": {"street": "86 STREET", "from": "3 AVENUE", "to": "4 AVENUE", "side": "S", "zone": "DAILY", "zone_label": "Daily (except Sun)", "schedules": ["MON/TUE/WED/THU/FRI/SAT 8:30AM-9AM", "TUE 8:30AM-10AM"], "all_days": ["MON", "TUE", "WED", "THU", "FRI", "SAT"], "color": "#e87ba4"}}, {"type": "Feature", "geometry": {"type": "LineString", "coordinates": [[-74.01388823765097, 40.60605006465216], [-74.01313388130798, 40.60565577883315]]}, "properties": {"street": "CROPSEY AVENUE", "from": "BAY   11 STREET", "to": "BAY   10 STREET", "side": "N", "zone": "WED_FRI", "zone_label": "Wed/Fri", "schedules": ["WED 11:30AM-1PM"], "all_days": ["WED"], "color": "#eb6834"}}, {"type": "Feature", "geometry": {"type": "LineString", "coordinates": [[-74.01359123130861, 40.62123258269402], [-74.01417164682262, 40.62067350529202]]}, "properties": {"street": "11 AVENUE", "from": "79 STREET", "to": "78 STREET", "side": "E", "zone": "WED_FRI", "zone_label": "Wed/Fri", "schedules": ["FRI 9:30AM-11AM"], "all_days": ["FRI"], "color": "#eb6834"}}, {"type": "Feature", "geometry": {"type": "LineString", "coordinates": [[-74.03319631978108, 40.63275260126485], [-74.03348817346209, 40.63204606845485]]}, "properties": {"street": "COLONIAL ROAD", "from": "BAY RIDGE PARKWAY", "to": "76 STREET", "side": "W", "zone": "THU_FRI", "zone_label": "Thu/Fri", "schedules": ["THU 9:30AM-11AM"], "all_days": ["THU"], "color": "#4a3aa7"}}, {"type": "Feature", "geometry": {"type": "LineString", "coordinates": [[-74.00681522688564, 40.60231824667521], [-74.00792833887454, 40.60120446351925], [-74.00847794603156, 40.60065451173206], [-74.00874838172233, 40.60038390198421]]}, "properties": {"street": "BAY   19 STREET", "from": "CROPSEY AVENUE", "to": "SHORE PARKWAY", "side": "W", "zone": "MON_TUE", "zone_label": "Mon/Tue", "schedules": ["MON 11:30AM-1PM"], "all_days": ["MON"], "color": "#2a78d6"}}, {"type": "Feature", "geometry": {"type": "LineString", "coordinates": [[-74.00386502374059, 40.63752955284256], [-74.00334085878266, 40.63721306085458], [-74.00126763938616, 40.635961194654975]]}, "properties": {"street": "54 STREET", "from": "FT HAMILTON PARKWAY", "to": "11 AVENUE", "side": "S", "zone": "MON_THU", "zone_label": "Mon/Thu", "schedules": ["THU 8:30AM-10AM"], "all_days": ["THU"], "color": "#eda100"}}, {"type": "Feature", "geometry": {"type": "LineString", "coordinates": [[-74.03370386280187, 40.62409786462615], [-74.03400505320487, 40.623362086593154]]}, "properties": {"street": "RIDGE BOULEVARD", "from": "87 STREET", "to": "86 STREET", "side": "E", "zone": "THU_FRI", "zone_label": "Thu/Fri", "schedules": ["THU 8:30AM-10AM"], "all_days": ["THU"], "color": "#4a3aa7"}}, {"type": "Feature", "geometry": {"type": "LineString", "coordinates": [[-74.02057037725052, 40.62002304962441], [-74.01928843333953, 40.61924978799641]]}, "properties": {"street": "84 STREET", "from": "10 AVENUE", "to": "7 AVENUE", "side": "N", "zone": "WED_FRI", "zone_label": "Wed/Fri", "schedules": ["WED 11:30AM-1PM"], "all_days": ["WED"], "color": "#eb6834"}}, {"type": "Feature", "geometry": {"type": "LineString", "coordinates": [[-74.00155511303464, 40.62601103273298], [-74.00218202362863, 40.62540752122598]]}, "properties": {"street": "13 AVENUE", "from": "65 STREET", "to": "66 STREET", "side": "W", "zone": "WED_THU", "zone_label": "Wed/Thu", "schedules": ["WED 8:30AM-10AM"], "all_days": ["WED"], "color": "#e34948"}}, {"type": "Feature", "geometry": {"type": "LineString", "coordinates": [[-74.00885478153336, 40.625835306038645], [-74.00665402992335, 40.624505819098644]]}, "properties": {"street": "70 STREET", "from": "12 AVENUE", "to": "11 AVENUE", "side": "N", "zone": "WED_THU", "zone_label": "Wed/Thu", "schedules": ["WED 9:30AM-11AM"], "all_days": ["WED"], "color": "#e34948"}}, {"type": "Feature", "geometry": {"type": "LineString", "coordinates": [[-74.00151401318857, 40.60143092363076], [-74.00278156047757, 40.60019201490976]]}, "properties": {"street": "20 AVENUE", "from": "BATH AVENUE", "to": "BENSON AVENUE", "side": "E", "zone": "MON_TUE", "zone_label": "Mon/Tue", "schedules": ["TUE 11:30AM-1PM"], "all_days": ["TUE"], "color": "#2a78d6"}}, {"type": "Feature", "geometry": {"type": "LineString", "coordinates": [[-74.01752042227689, 40.63013241300085], [-74.01776346890689, 40.629367690533854]]}, "properties": {"street": "7 AVENUE", "from": "72 STREET", "to": "71 STREET", "side": "E", "zone": "MON_THU", "zone_label": "Mon/Thu", "schedules": ["THU 11:30AM-1PM"], "all_days": ["THU"], "color": "#eda100"}}, {"type": "Feature", "geometry": {"type": "LineString", "coordinates": [[-74.01057082367623, 40.60928586569486], [-74.01231499563623, 40.60760947977786]]}, "properties": {"street": "BAY   10 STREET", "from": "BENSON AVENUE", "to": "BATH AVENUE", "side": "W", "zone": "WED_FRI", "zone_label": "Wed/Fri", "schedules": ["WED 11:30AM-1PM"], "all_days": ["WED"], "color": "#eb6834"}}, {"type": "Feature", "geometry": {"type": "LineString", "coordinates": [[-74.00386502374059, 40.63752955284256], [-74.00334085878266, 40.63721306085458], [-74.00126763938616, 40.635961194654975]]}, "properties": {"street": "54 STREET", "from": "9 AVENUE", "to": "FT HAMILTON PARKWAY", "side": "S", "zone": "MON_THU", "zone_label": "Mon/Thu", "schedules": ["THU 9:30AM-11AM"], "all_days": ["THU"], "color": "#eda100"}}, {"type": "Feature", "geometry": {"type": "LineString", "coordinates": [[-74.01393520485502, 40.60599827047785], [-74.01318084851202, 40.60560398465884]]}, "properties": {"street": "CROPSEY AVENUE", "from": "BAY   10 STREET", "to": "BAY   11 STREET", "side": "S", "zone": "WED_FRI", "zone_label": "Wed/Fri", "schedules": ["FRI 11:30AM-1PM"], "all_days": ["FRI"], "color": "#eb6834"}}, {"type": "Feature", "geometry": {"type": "LineString", "coordinates": [[-74.00548491079748, 40.63941875367702], [-74.00389380833477, 40.63845846024614], [-74.00327981843155, 40.63808787999444]]}, "properties": {"street": "53 STREET", "from": "9 AVENUE", "to": "8 AVENUE", "side": "S", "zone": "MON_THU", "zone_label": "Mon/Thu", "schedules": ["THU 9:30AM-11AM"], "all_days": ["THU"], "color": "#eda100"}}, {"type": "Feature", "geometry": {"type": "LineString", "coordinates": [[-74.01010514491061, 40.601250945588404], [-74.00938184787661, 40.6008100663334]]}, "properties": {"street": "SHORE PARKWAY", "from": "18 AVENUE", "to": "BAY   17 STREET", "side": "N", "zone": "OTHER", "zone_label": "Other", "schedules": ["MON 11:30AM-1PM"], "all_days": ["MON"], "color": "#898781"}}, {"type": "Feature", "geometry": {"type": "LineString", "coordinates": [[-74.00263298089521, 40.60955918155196], [-74.00317548705384, 40.60901632900038], [-74.00345504592077, 40.60873658737651]]}, "properties": {"street": "BAY   16 STREET", "from": "84 STREET", "to": "85 STREET", "side": "E", "zone": "MON_TUE", "zone_label": "Mon/Tue", "schedules": ["TUE 11:30AM-1PM"], "all_days": ["TUE"], "color": "#2a78d6"}}, {"type": "Feature", "geometry": {"type": "LineString", "coordinates": [[-74.0071695657239, 40.61366865908834], [-74.0049682794409, 40.612339911763335]]}, "properties": {"street": "82 STREET", "from": "16 AVENUE", "to": "15 AVENUE", "side": "S", "zone": "MON_TUE", "zone_label": "Mon/Tue", "schedules": ["TUE 11:30AM-1PM"], "all_days": ["TUE"], "color": "#2a78d6"}}, {"type": "Feature", "geometry": {"type": "LineString", "coordinates": [[-74.01022620893791, 40.62102098633833], [-74.0108072292099, 40.62046171829033]]}, "properties": {"street": "12 AVENUE", "from": "77 STREET", "to": "76 STREET", "side": "E", "zone": "WED_FRI", "zone_label": "Wed/Fri", "schedules": ["FRI 8:30AM-10AM"], "all_days": ["FRI"], "color": "#eb6834"}}, {"type": "Feature", "geometry": {"type": "LineString", "coordinates": [[-74.03286346776619, 40.63346757966874], [-74.03203418612618, 40.63327101460274]]}, "properties": {"street": "74 STREET", "from": "NARROWS AVENUE", "to": "COLONIAL ROAD", "side": "N", "zone": "THU_FRI", "zone_label": "Thu/Fri", "schedules": ["THU 9:30AM-11AM"], "all_days": ["THU"], "color": "#4a3aa7"}}, {"type": "Feature", "geometry": {"type": "LineString", "coordinates": [[-74.0019936153685, 40.64282643288697], [-74.0025787013405, 40.64226345369197]]}, "properties": {"street": "47 STREET", "from": "8 AVENUE", "to": "7 AVENUE", "side": "S", "zone": "OTHER", "zone_label": "Other", "schedules": ["TUE 11:30AM-1PM"], "all_days": ["TUE"], "color": "#898781"}}, {"type": "Feature", "geometry": {"type": "LineString", "coordinates": [[-74.00624596020252, 40.62144800996935], [-74.00404614979152, 40.62011980433435]]}, "properties": {"street": "73 STREET", "from": "13 AVENUE", "to": "14 AVENUE", "side": "S", "zone": "WED_THU", "zone_label": "Wed/Thu", "schedules": ["THU 8:30AM-10AM"], "all_days": ["THU"], "color": "#e34948"}}, {"type": "Feature", "geometry": {"type": "LineString", "coordinates": [[-74.02684497859688, 40.62649568614502], [-74.02670935379766, 40.62645839496198], [-74.0244244305819, 40.625081289595585]]}, "properties": {"street": "81 STREET", "from": "4 AVENUE", "to": "5 AVENUE", "side": "N", "zone": "MON_TUE", "zone_label": "Mon/Tue", "schedules": ["MON 8:30AM-10AM"], "all_days": ["MON"], "color": "#2a78d6"}}, {"type": "Feature", "geometry": {"type": "LineString", "coordinates": [[-74.0026989686468, 40.60959718847204], [-74.00324147493016, 40.60905433579562], [-74.00352103403922, 40.60877459392948]]}, "properties": {"street": "BAY   16 STREET", "from": "84 STREET", "to": "85 STREET", "side": "W", "zone": "MON_TUE", "zone_label": "Mon/Tue", "schedules": ["MON 11:30AM-1PM"], "all_days": ["MON"], "color": "#2a78d6"}}, {"type": "Feature", "geometry": {"type": "LineString", "coordinates": [[-74.01023293223389, 40.621065050217034], [-74.00802926141388, 40.61973309470403]]}, "properties": {"street": "76 STREET", "from": "13 AVENUE", "to": "12 AVENUE", "side": "N", "zone": "WED_FRI", "zone_label": "Wed/Fri", "schedules": ["WED 8:30AM-10AM"], "all_days": ["WED"], "color": "#eb6834"}}, {"type": "Feature", "geometry": {"type": "LineString", "coordinates": [[-74.00292691606137, 40.63153635281996], [-74.00072337606336, 40.63020793296896]]}, "properties": {"street": "60 STREET", "from": "13 AVENUE", "to": "12 AVENUE", "side": "N", "zone": "MON_THU", "zone_label": "Mon/Thu", "schedules": ["MON 8:30AM-10AM"], "all_days": ["MON"], "color": "#eda100"}}, {"type": "Feature", "geometry": {"type": "LineString", "coordinates": [[-74.01761128452084, 40.60364458777367], [-74.01603670409519, 40.6032189455243], [-74.01535521786926, 40.60303469642242], [-74.01451079277882, 40.60285110656877]]}, "properties": {"street": "SHORE PARKWAY", "from": "16 AVENUE", "to": "15 AVENUE", "side": "N", "zone": "OTHER", "zone_label": "Other", "schedules": ["MON 11:30AM-1PM"], "all_days": ["MON"], "color": "#898781"}}, {"type": "Feature", "geometry": {"type": "LineString", "coordinates": [[-74.00667193071412, 40.599960949618854], [-74.0051705242115, 40.5990757490052], [-74.00457213530959, 40.5996004851387]]}, "properties": {"street": "19 LANE", "from": "19 AVENUE", "to": "20 DRIVE", "side": "S", "zone": "MON_TUE", "zone_label": "Mon/Tue", "schedules": ["TUE 11:30AM-1PM"], "all_days": ["TUE"], "color": "#2a78d6"}}, {"type": "Feature", "geometry": {"type": "LineString", "coordinates": [[-74.02978813046612, 40.63613753653944], [-74.03022934772511, 40.635052917034436]]}, "properties": {"street": "PERRY TERRACE", "from": "70 STREET", "to": "71 STREET", "side": "E", "zone": "MON_TUE", "zone_label": "Mon/Tue", "schedules": ["TUE 9:30AM-11AM"], "all_days": ["TUE"], "color": "#2a78d6"}}, {"type": "Feature", "geometry": {"type": "LineString", "coordinates": [[-74.00292691606137, 40.63153635281996], [-74.00072337606336, 40.63020793296896]]}, "properties": {"street": "60 STREET", "from": "12 AVENUE", "to": "11 AVENUE", "side": "N", "zone": "MON_THU", "zone_label": "Mon/Thu", "schedules": ["MON 8:30AM-10AM"], "all_days": ["MON"], "color": "#eda100"}}, {"type": "Feature", "geometry": {"type": "LineString", "coordinates": [[-74.01475363221336, 40.62011356369595], [-74.01533604846637, 40.61955238195795]]}, "properties": {"street": "11 AVENUE", "from": "81 STREET", "to": "80 STREET", "side": "E", "zone": "WED_FRI", "zone_label": "Wed/Fri", "schedules": ["FRI 9:30AM-11AM"], "all_days": ["FRI"], "color": "#eb6834"}}, {"type": "Feature", "geometry": {"type": "LineString", "coordinates": [[-74.00189681125892, 40.60681029055427], [-74.00413118262792, 40.60464357523927]]}, "properties": {"street": "BAY   19 STREET", "from": "86 STREET", "to": "BENSON AVENUE", "side": "E", "zone": "OTHER", "zone_label": "Other", "schedules": ["TUE 8:30AM-10AM"], "all_days": ["TUE"], "color": "#898781"}}, {"type": "Feature", "geometry": {"type": "LineString", "coordinates": [[-74.03046202822665, 40.632137202104836], [-74.02777994054165, 40.631501601640835]]}, "properties": {"street": "BAY RIDGE PARKWAY", "from": "3 AVENUE", "to": "RIDGE BOULEVARD", "side": "N", "zone": "THU_FRI", "zone_label": "Thu/Fri", "schedules": ["THU 8:30AM-10AM"], "all_days": ["THU"], "color": "#4a3aa7"}}, {"type": "Feature", "geometry": {"type": "LineString", "coordinates": [[-74.01696330503901, 40.62148665898395], [-74.01476039661, 40.620157633177946]]}, "properties": {"street": "80 STREET", "from": "11 AVENUE", "to": "10 AVENUE", "side": "N", "zone": "WED_FRI", "zone_label": "Wed/Fri", "schedules": ["WED 9:30AM-11AM"], "all_days": ["WED"], "color": "#eb6834"}}, {"type": "Feature", "geometry": {"type": "LineString", "coordinates": [[-74.00740215385224, 40.62033645382741], [-74.00701826652474, 40.62010430529152], [-74.00520214315179, 40.619005964805446]]}, "properties": {"street": "BAY RIDGE PARKWAY", "from": "14 AVENUE", "to": "13 AVENUE", "side": "N", "zone": "WED_FRI", "zone_label": "Wed/Fri", "schedules": ["WED 8:30AM-10AM"], "all_days": ["WED"], "color": "#eb6834"}}, {"type": "Feature", "geometry": {"type": "LineString", "coordinates": [[-74.03430742374684, 40.612077379988484], [-74.03311367544484, 40.61147892864949]]}, "properties": {"street": "101 STREET", "from": "4 AVENUE", "to": "3 AVENUE", "side": "N", "zone": "MON_TUE", "zone_label": "Mon/Tue", "schedules": ["MON 9:30AM-11AM"], "all_days": ["MON"], "color": "#2a78d6"}}, {"type": "Feature", "geometry": {"type": "LineString", "coordinates": [[-74.01971585211194, 40.63292007508478], [-74.01850936901396, 40.63236873466978]]}, "properties": {"street": "BAY RIDGE AVENUE", "from": "6 AVENUE", "to": "VISTA PLACE", "side": "N", "zone": "OTHER", "zone_label": "Other", "schedules": ["MON 11:30AM-1PM"], "all_days": ["MON"], "color": "#898781"}}, {"type": "Feature", "geometry": {"type": "LineString", "coordinates": [[-74.00776683324196, 40.631613745982364], [-74.00694806566595, 40.63111748593037]]}, "properties": {"street": "63 STREET", "from": "10 AVENUE", "to": "FT HAMILTON PARKWAY", "side": "S", "zone": "WED_THU", "zone_label": "Wed/Thu", "schedules": ["THU 9:30AM-11AM"], "all_days": ["THU"], "color": "#e34948"}}, {"type": "Feature", "geometry": {"type": "LineString", "coordinates": [[-74.03501248740338, 40.63540445036401], [-74.03458289276367, 40.635302740496776], [-74.03454687139538, 40.63529421452767], [-74.03276481167418, 40.63487228457848], [-74.03233016486358, 40.634769370067005]]}, "properties": {"street": "72 STREET", "from": "NARROWS AVENUE", "to": "COLONIAL ROAD", "side": "S", "zone": "MON_TUE", "zone_label": "Mon/Tue", "schedules": ["TUE 9:30AM-11AM"], "all_days": ["TUE"], "color": "#2a78d6"}}, {"type": "Feature", "geometry": {"type": "LineString", "coordinates": [[-74.01153489999997, 40.6071375072651], [-74.01312487623997, 40.6056103846701]]}, "properties": {"street": "BAY   11 STREET", "from": "CROPSEY AVENUE", "to": "BATH AVENUE", "side": "E", "zone": "MON_TUE", "zone_label": "Mon/Tue", "schedules": ["TUE 11:30AM-1PM"], "all_days": ["TUE"], "color": "#2a78d6"}}, {"type": "Feature", "geometry": {"type": "LineString", "coordinates": [[-74.0223505784984, 40.62289478635126], [-74.02264847976541, 40.62217687828726]]}, "properties": {"street": "6 AVENUE", "from": "83 STREET", "to": "82 STREET", "side": "E", "zone": "THU_FRI", "zone_label": "Thu/Fri", "schedules": ["FRI 11:30AM-1PM"], "all_days": ["FRI"], "color": "#4a3aa7"}}, {"type": "Feature", "geometry": {"type": "LineString", "coordinates": [[-74.03400331113043, 40.63056392172707], [-74.03429728028944, 40.629846048196065]]}, "properties": {"street": "COLONIAL ROAD", "from": "79 STREET", "to": "78 STREET", "side": "E", "zone": "THU_FRI", "zone_label": "Thu/Fri", "schedules": ["FRI 9:30AM-11AM"], "all_days": ["FRI"], "color": "#4a3aa7"}}, {"type": "Feature", "geometry": {"type": "LineString", "coordinates": [[-74.01718462587843, 40.62809957074703], [-74.01780367801143, 40.62658957494903]]}, "properties": {"street": "7 AVENUE", "from": "BAY RIDGE PARKWAY", "to": "73 STREET", "side": "E", "zone": "OTHER", "zone_label": "Other", "schedules": ["THU 11:30AM-1PM"], "all_days": ["THU"], "color": "#898781"}}, {"type": "Feature", "geometry": {"type": "LineString", "coordinates": [[-74.0132035491671, 40.63199738379463], [-74.0109973526761, 40.63066548598264]]}, "properties": {"street": "66 STREET", "from": "FT HAMILTON PARKWAY", "to": "8 AVENUE", "side": "S", "zone": "OTHER", "zone_label": "Other", "schedules": ["THU 11:30AM-1PM"], "all_days": ["THU"], "color": "#898781"}}, {"type": "Feature", "geometry": {"type": "LineString", "coordinates": [[-74.01047287998047, 40.613885295515495], [-74.01105532530246, 40.61332772809649]]}, "properties": {"street": "14 AVENUE", "from": "85 STREET", "to": "84 STREET", "side": "E", "zone": "WED_FRI", "zone_label": "Wed/Fri", "schedules": ["FRI 8:30AM-10AM"], "all_days": ["FRI"], "color": "#eb6834"}}, {"type": "Feature", "geometry": {"type": "LineString", "coordinates": [[-74.00561298136645, 40.62205639356774], [-74.00341109478747, 40.62072823993674]]}, "properties": {"street": "72 STREET", "from": "14 AVENUE", "to": "13 AVENUE", "side": "N", "zone": "WED_THU", "zone_label": "Wed/Thu", "schedules": ["WED 8:30AM-10AM"], "all_days": ["WED"], "color": "#e34948"}}, {"type": "Feature", "geometry": {"type": "LineString", "coordinates": [[-74.01644006133299, 40.62204185423778], [-74.017021617697, 40.621481501665784]]}, "properties": {"street": "10 AVENUE", "from": "79 STREET", "to": "80 STREET", "side": "W", "zone": "WED_FRI", "zone_label": "Wed/Fri", "schedules": ["WED 11:30AM-1PM"], "all_days": ["WED"], "color": "#eb6834"}}, {"type": "Feature", "geometry": {"type": "LineString", "coordinates": [[-74.00313214184538, 40.627943564816505], [-74.00375653891238, 40.6273399460725]]}, "properties": {"street": "12 AVENUE", "from": "64 STREET", "to": "65 STREET", "side": "W", "zone": "WED_THU", "zone_label": "Wed/Thu", "schedules": ["WED 8:30AM-10AM"], "all_days": ["WED"], "color": "#e34948"}}, {"type": "Feature", "geometry": {"type": "LineString", "coordinates": [[-74.02460026699583, 40.63990732855183], [-74.02357610907583, 40.639303727165824]]}, "properties": {"street": "65 STREET", "from": "2 AVENUE", "to": "3 AVENUE", "side": "S", "zone": "MON_TUE", "zone_label": "Mon/Tue", "schedules": ["TUE 8:30AM-10AM"], "all_days": ["TUE"], "color": "#2a78d6"}}, {"type": "Feature", "geometry": {"type": "LineString", "coordinates": [[-74.00086336686735, 40.626573095573406], [-74.00149009907736, 40.62597205505441]]}, "properties": {"street": "13 AVENUE", "from": "65 STREET", "to": "64 STREET", "side": "E", "zone": "WED_THU", "zone_label": "Wed/Thu", "schedules": ["THU 8:30AM-10AM"], "all_days": ["THU"], "color": "#e34948"}}, {"type": "Feature", "geometry": {"type": "LineString", "coordinates": [[-74.00938189983148, 40.600810097850996], [-74.00868952168447, 40.600389446193]]}, "properties": {"street": "SHORE PARKWAY", "from": "BAY   19 STREET", "to": "18 AVENUE", "side": "N", "zone": "OTHER", "zone_label": "Other", "schedules": ["MON 11:30AM-1PM"], "all_days": ["MON"], "color": "#898781"}}, {"type": "Feature", "geometry": {"type": "LineString", "coordinates": [[-74.03260388203141, 40.61400087916877], [-74.0331294690184, 40.613393038889775]]}, "properties": {"street": "4 AVENUE", "from": "MARINE AVENUE", "to": "97 STREET", "side": "E", "zone": "MON_TUE", "zone_label": "Mon/Tue", "schedules": ["TUE 9:30AM-11AM"], "all_days": ["TUE"], "color": "#2a78d6"}}, {"type": "Feature", "geometry": {"type": "LineString", "coordinates": [[-74.03132162603725, 40.62992944436558], [-74.03161972735725, 40.629198014562576]]}, "properties": {"street": "RIDGE BOULEVARD", "from": "79 STREET", "to": "78 STREET", "side": "E", "zone": "THU_FRI", "zone_label": "Thu/Fri", "schedules": ["FRI 9:30AM-11AM"], "all_days": ["FRI"], "color": "#4a3aa7"}}, {"type": "Feature", "geometry": {"type": "LineString", "coordinates": [[-74.00781471784816, 40.623388411716924], [-74.00561293358416, 40.622056365012924]]}, "properties": {"street": "72 STREET", "from": "13 AVENUE", "to": "12 AVENUE", "side": "N", "zone": "WED_THU", "zone_label": "Wed/Thu", "schedules": ["WED 8:30AM-10AM"], "all_days": ["WED"], "color": "#e34948"}}, {"type": "Feature", "geometry": {"type": "LineString", "coordinates": [[-74.00868972198091, 40.6003895670075], [-74.00792290569191, 40.5999295550215]]}, "properties": {"street": "SHORE PARKWAY", "from": "BAY   20 STREET", "to": "BAY   19 STREET", "side": "N", "zone": "OTHER", "zone_label": "Other", "schedules": ["MON 11:30AM-1PM"], "all_days": ["MON"], "color": "#898781"}}, {"type": "Feature", "geometry": {"type": "LineString", "coordinates": [[-74.00426958942715, 40.640589064125514], [-74.00206624400515, 40.639258077459516]]}, "properties": {"street": "51 STREET", "from": "10 AVENUE", "to": "9 AVENUE", "side": "N", "zone": "MON_THU", "zone_label": "Mon/Thu", "schedules": ["MON 8:30AM-10AM"], "all_days": ["MON"], "color": "#eda100"}}, {"type": "Feature", "geometry": {"type": "LineString", "coordinates": [[-74.01619417717318, 40.63946604200912], [-74.01398794775818, 40.63813686817212]]}, "properties": {"street": "60 STREET", "from": "5 AVENUE", "to": "6 AVENUE", "side": "S", "zone": "WED_THU", "zone_label": "Wed/Thu", "schedules": ["WED 9:30AM-11AM"], "all_days": ["WED"], "color": "#e34948"}}, {"type": "Feature", "geometry": {"type": "LineString", "coordinates": [[-74.00269924434255, 40.63865063775524], [-74.00049654915756, 40.63731994406924]]}, "properties": {"street": "52 STREET", "from": "9 AVENUE", "to": "FT HAMILTON PARKWAY", "side": "S", "zone": "OTHER", "zone_label": "Other", "schedules": ["THU 9:30AM-11AM"], "all_days": ["THU"], "color": "#898781"}}, {"type": "Feature", "geometry": {"type": "LineString", "coordinates": [[-74.03205681922593, 40.61475285180992], [-74.03267320036494, 40.61403530560692]]}, "properties": {"street": "4 AVENUE", "from": "97 STREET", "to": "MARINE AVENUE", "side": "W", "zone": "MON_TUE", "zone_label": "Mon/Tue", "schedules": ["MON 9:30AM-11AM"], "all_days": ["MON"], "color": "#2a78d6"}}, {"type": "Feature", "geometry": {"type": "LineString", "coordinates": [[-74.03340504936446, 40.62494501250592], [-74.03072145091046, 40.62430647749192]]}, "properties": {"street": "85 STREET", "from": "COLONIAL ROAD", "to": "RIDGE BOULEVARD", "side": "S", "zone": "MON_TUE", "zone_label": "Mon/Tue", "schedules": ["TUE 9:30AM-11AM"], "all_days": ["TUE"], "color": "#2a78d6"}}, {"type": "Feature", "geometry": {"type": "LineString", "coordinates": [[-74.00716809397221, 40.60643179302168], [-74.00840292193122, 40.605245307660674]]}, "properties": {"street": "17 AVENUE", "from": "BENSON AVENUE", "to": "BATH AVENUE", "side": "W", "zone": "OTHER", "zone_label": "Other", "schedules": ["MON 11:30AM-1PM"], "all_days": ["MON"], "color": "#898781"}}, {"type": "Feature", "geometry": {"type": "LineString", "coordinates": [[-74.00614064784759, 40.60387531940846], [-74.00742820558459, 40.60263439605646]]}, "properties": {"street": "18 AVENUE", "from": "CROPSEY AVENUE", "to": "BATH AVENUE", "side": "E", "zone": "OTHER", "zone_label": "Other", "schedules": ["TUE 8AM-8:30AM"], "all_days": ["TUE"], "color": "#898781"}}, {"type": "Feature", "geometry": {"type": "LineString", "coordinates": [[-74.0109305023108, 40.616895126294374], [-74.0115122131418, 40.61633372072737]]}, "properties": {"street": "13 AVENUE", "from": "82 STREET", "to": "81 STREET", "side": "E", "zone": "WED_FRI", "zone_label": "Wed/Fri", "schedules": ["FRI 8:30AM-10AM"], "all_days": ["FRI"], "color": "#eb6834"}}, {"type": "Feature", "geometry": {"type": "LineString", "coordinates": [[-74.00466890940025, 40.60310635966371], [-74.00595805123224, 40.60186798337271]]}, "properties": {"street": "BAY   20 STREET", "from": "CROPSEY AVENUE", "to": "BATH AVENUE", "side": "W", "zone": "MON_TUE", "zone_label": "Mon/Tue", "schedules": ["MON 11:30AM-1PM"], "all_days": ["MON"], "color": "#2a78d6"}}, {"type": "Feature", "geometry": {"type": "LineString", "coordinates": [[-74.0176009673071, 40.630147157723144], [-74.01784401393711, 40.62938243525615]]}, "properties": {"street": "7 AVENUE", "from": "71 STREET", "to": "72 STREET", "side": "W", "zone": "MON_THU", "zone_label": "Mon/Thu", "schedules": ["MON 11:30AM-1PM"], "all_days": ["MON"], "color": "#eda100"}}, {"type": "Feature", "geometry": {"type": "LineString", "coordinates": [[-74.01795839265503, 40.637764642717315], [-74.01576662884904, 40.63643589704332]]}, "properties": {"street": "63 STREET", "from": "6 AVENUE", "to": "5 AVENUE", "side": "S", "zone": "WED_THU", "zone_label": "Wed/Thu", "schedules": ["WED 9:30AM-11AM"], "all_days": ["WED"], "color": "#e34948"}}, {"type": "Feature", "geometry": {"type": "LineString", "coordinates": [[-74.03023181237143, 40.63280821516209], [-74.03051395335243, 40.632116487421094]]}, "properties": {"street": "RIDGE BOULEVARD", "from": "74 STREET", "to": "BAY RIDGE PARKWAY", "side": "W", "zone": "THU_FRI", "zone_label": "Thu/Fri", "schedules": ["THU 9:30AM-11AM"], "all_days": ["THU"], "color": "#4a3aa7"}}, {"type": "Feature", "geometry": {"type": "LineString", "coordinates": [[-74.01799177773603, 40.633747745473535], [-74.01828535991102, 40.63305137283854]]}, "properties": {"street": "6 AVENUE", "from": "67 STREET", "to": "SENATOR STREET", "side": "W", "zone": "OTHER", "zone_label": "Other", "schedules": ["MON 11:30AM-1PM"], "all_days": ["MON"], "color": "#898781"}}, {"type": "Feature", "geometry": {"type": "LineString", "coordinates": [[-74.00710310724378, 40.60639280826633], [-74.00833793520279, 40.605206322905325]]}, "properties": {"street": "17 AVENUE", "from": "BATH AVENUE", "to": "RUTHERFORD PLACE", "side": "E", "zone": "MON_TUE", "zone_label": "Mon/Tue", "schedules": ["TUE 11:30AM-1PM"], "all_days": ["TUE"], "color": "#2a78d6"}}, {"type": "Feature", "geometry": {"type": "LineString", "coordinates": [[-74.00005738352765, 40.6274535029387], [-74.00034760585464, 40.6271721888077]]}, "properties": {"street": "13 AVENUE", "from": "TABOR COURT", "to": "63 STREET", "side": "W", "zone": "OTHER", "zone_label": "Other", "schedules": ["WED 8:30AM-10AM"], "all_days": ["WED"], "color": "#898781"}}, {"type": "Feature", "geometry": {"type": "LineString", "coordinates": [[-74.00671760195704, 40.610708588872434], [-74.00734530238704, 40.61010518322643]]}, "properties": {"street": "16 AVENUE", "from": "85 STREET", "to": "86 STREET", "side": "W", "zone": "MON_TUE", "zone_label": "Mon/Tue", "schedules": ["TUE 11:30AM-1PM"], "all_days": ["TUE"], "color": "#2a78d6"}}, {"type": "Feature", "geometry": {"type": "LineString", "coordinates": [[-74.00268976431259, 40.60955244869231], [-74.00206292302411, 40.609218506674985], [-74.00186320359356, 40.60911188341749]]}, "properties": {"street": "84 STREET", "from": "BAY   16 STREET", "to": "NEW UTRECHT AVENUE", "side": "S", "zone": "MON_TUE", "zone_label": "Mon/Tue", "schedules": ["TUE 11:30AM-1PM"], "all_days": ["TUE"], "color": "#2a78d6"}}, {"type": "Feature", "geometry": {"type": "LineString", "coordinates": [[-74.02354136607426, 40.63459708827759], [-74.02306777080072, 40.634380291887204], [-74.02103492468727, 40.6334496815446]]}, "properties": {"street": "BAY RIDGE AVENUE", "from": "4 AVENUE", "to": "5 AVENUE", "side": "S", "zone": "MON_TUE", "zone_label": "Mon/Tue", "schedules": ["TUE 8:30AM-10AM"], "all_days": ["TUE"], "color": "#2a78d6"}}, {"type": "Feature", "geometry": {"type": "LineString", "coordinates": [[-74.00426026783768, 40.6164654902757], [-74.00205865176167, 40.6151363276017]]}, "properties": {"street": "77 STREET", "from": "15 AVENUE", "to": "16 AVENUE", "side": "S", "zone": "OTHER", "zone_label": "Other", "schedules": ["WED 11:30AM-1PM"], "all_days": ["WED"], "color": "#898781"}}, {"type": "Feature", "geometry": {"type": "LineString", "coordinates": [[-74.01313264965732, 40.61822486377133], [-74.01371692506933, 40.61766528629633]]}, "properties": {"street": "12 AVENUE", "from": "82 STREET", "to": "81 STREET", "side": "E", "zone": "WED_FRI", "zone_label": "Wed/Fri", "schedules": ["FRI 8:30AM-10AM"], "all_days": ["FRI"], "color": "#eb6834"}}, {"type": "Feature", "geometry": {"type": "LineString", "coordinates": [[-74.00016631992439, 40.616904956233036], [-74.00079280207439, 40.616302378480036]]}, "properties": {"street": "16 AVENUE", "from": "74 STREET", "to": "73 STREET", "side": "E", "zone": "THU_FRI", "zone_label": "Thu/Fri", "schedules": ["THU 11:30AM-1PM"], "all_days": ["THU"], "color": "#4a3aa7"}}, {"type": "Feature", "geometry": {"type": "LineString", "coordinates": [[-74.03207733331313, 40.635492788899086], [-74.03235738991714, 40.63480871213009]]}, "properties": {"street": "COLONIAL ROAD", "from": "71 STREET", "to": "72 STREET", "side": "W", "zone": "MON_TUE", "zone_label": "Mon/Tue", "schedules": ["MON 9:30AM-11AM"], "all_days": ["MON"], "color": "#2a78d6"}}, {"type": "Feature", "geometry": {"type": "LineString", "coordinates": [[-74.0069377330826, 40.60432202373026], [-74.00619915692559, 40.60387029140026]]}, "properties": {"street": "BATH AVENUE", "from": "BAY   17 STREET", "to": "18 AVENUE", "side": "S", "zone": "OTHER", "zone_label": "Other", "schedules": ["MON/TUE/THU/FRI 7:30AM-8AM"], "all_days": ["MON", "TUE", "THU", "FRI"], "color": "#898781"}}, {"type": "Feature", "geometry": {"type": "LineString", "coordinates": [[-74.03072567394942, 40.63139030138058], [-74.03102241869243, 40.63065997192458]]}, "properties": {"street": "RIDGE BOULEVARD", "from": "77 STREET", "to": "76 STREET", "side": "E", "zone": "THU_FRI", "zone_label": "Thu/Fri", "schedules": ["FRI 9:30AM-11AM"], "all_days": ["FRI"], "color": "#4a3aa7"}}, {"type": "Feature", "geometry": {"type": "LineString", "coordinates": [[-74.00711002353754, 40.606437028422825], [-74.00636097943755, 40.605990458434825]]}, "properties": {"street": "RUTHERFORD PLACE", "from": "BAY   16 STREET", "to": "17 AVENUE", "side": "N", "zone": "MON_TUE", "zone_label": "Mon/Tue", "schedules": ["MON 11:30AM-1PM"], "all_days": ["MON"], "color": "#2a78d6"}}, {"type": "Feature", "geometry": {"type": "LineString", "coordinates": [[-74.02323345566701, 40.62800422743734], [-74.020870416341, 40.62657580812934]]}, "properties": {"street": "77 STREET", "from": "5 AVENUE", "to": "6 AVENUE", "side": "N", "zone": "MON_TUE", "zone_label": "Mon/Tue", "schedules": ["MON 11:30AM-1PM"], "all_days": ["MON"], "color": "#2a78d6"}}, {"type": "Feature", "geometry": {"type": "LineString", "coordinates": [[-74.02806272007432, 40.62355537491235], [-74.02568870614732, 40.62212425485735]]}, "properties": {"street": "85 STREET", "from": "4 AVENUE", "to": "5 AVENUE", "side": "S", "zone": "MON_TUE", "zone_label": "Mon/Tue", "schedules": ["TUE 8:30AM-10AM"], "all_days": ["TUE"], "color": "#2a78d6"}}, {"type": "Feature", "geometry": {"type": "LineString", "coordinates": [[-74.02477095969006, 40.631540601953525], [-74.02290864660583, 40.6306579566818], [-74.02227574541962, 40.63035798273418]]}, "properties": {"street": "74 STREET", "from": "4 AVENUE", "to": "5 AVENUE", "side": "N", "zone": "THU_FRI", "zone_label": "Thu/Fri", "schedules": ["THU 8:30AM-10AM"], "all_days": ["THU"], "color": "#4a3aa7"}}, {"type": "Feature", "geometry": {"type": "LineString", "coordinates": [[-74.00745377534577, 40.620287272372586], [-74.00706988978726, 40.620055124906486], [-74.0052537667882, 40.61895678464655]]}, "properties": {"street": "BAY RIDGE PARKWAY", "from": "13 AVENUE", "to": "14 AVENUE", "side": "S", "zone": "WED_FRI", "zone_label": "Wed/Fri", "schedules": ["FRI 8:30AM-10AM"], "all_days": ["FRI"], "color": "#eb6834"}}, {"type": "Feature", "geometry": {"type": "LineString", "coordinates": [[-74.0041402450991, 40.604688822150905], [-74.0033867762531, 40.6042934640879]]}, "properties": {"street": "BENSON AVENUE", "from": "BAY   20 STREET", "to": "BAY   19 STREET", "side": "N", "zone": "OTHER", "zone_label": "Other", "schedules": ["WED 8:30AM-10AM"], "all_days": ["WED"], "color": "#898781"}}, {"type": "Feature", "geometry": {"type": "LineString", "coordinates": [[-74.00252156655579, 40.610905324370584], [-74.00310252823078, 40.61034315990458]]}, "properties": {"street": "17 AVENUE", "from": "82 STREET", "to": "83 STREET", "side": "W", "zone": "OTHER", "zone_label": "Other", "schedules": ["MON 11:30AM-1PM"], "all_days": ["MON"], "color": "#898781"}}, {"type": "Feature", "geometry": {"type": "LineString", "coordinates": [[-74.00562362487149, 40.625443568248386], [-74.0060644453955, 40.625021597770385]]}, "properties": {"street": "12 AVENUE", "from": "BAY RIDGE AVENUE", "to": "OVINGTON AVENUE", "side": "E", "zone": "WED_THU", "zone_label": "Wed/Thu", "schedules": ["THU 8:30AM-10AM"], "all_days": ["THU"], "color": "#e34948"}}, {"type": "Feature", "geometry": {"type": "LineString", "coordinates": [[-74.0165636108971, 40.61847472405549], [-74.01714485131409, 40.61791520850549]]}, "properties": {"street": "11 AVENUE", "from": "83 STREET", "to": "84 STREET", "side": "W", "zone": "WED_FRI", "zone_label": "Wed/Fri", "schedules": ["WED 9:30AM-11AM"], "all_days": ["WED"], "color": "#eb6834"}}, {"type": "Feature", "geometry": {"type": "LineString", "coordinates": [[-74.0339237208715, 40.616493196939686], [-74.0315382759015, 40.61531207737069]]}, "properties": {"street": "96 STREET", "from": "4 AVENUE", "to": "3 AVENUE", "side": "S", "zone": "MON_TUE", "zone_label": "Mon/Tue", "schedules": ["TUE 9:30AM-11AM"], "all_days": ["TUE"], "color": "#2a78d6"}}, {"type": "Feature", "geometry": {"type": "LineString", "coordinates": [[-74.00375644491098, 40.62734003632267], [-74.00438379695798, 40.62673809770167]]}, "properties": {"street": "12 AVENUE", "from": "65 STREET", "to": "66 STREET", "side": "W", "zone": "OTHER", "zone_label": "Other", "schedules": ["WED 8:30AM-10AM"], "all_days": ["WED"], "color": "#898781"}}, {"type": "Feature", "geometry": {"type": "LineString", "coordinates": [[-74.00306697356461, 40.6279047342955], [-74.00369137063161, 40.6273011155515]]}, "properties": {"street": "12 AVENUE", "from": "65 STREET", "to": "64 STREET", "side": "E", "zone": "WED_THU", "zone_label": "Wed/Thu", "schedules": ["THU 8:30AM-10AM"], "all_days": ["THU"], "color": "#e34948"}}, {"type": "Feature", "geometry": {"type": "LineString", "coordinates": [[-74.003424926794, 40.62411158158092], [-74.00386089512199, 40.62369038558092]]}, "properties": {"street": "13 AVENUE", "from": "BAY RIDGE AVENUE", "to": "OVINGTON AVENUE", "side": "E", "zone": "WED_THU", "zone_label": "Wed/Thu", "schedules": ["THU 8:30AM-10AM"], "all_days": ["THU"], "color": "#e34948"}}, {"type": "Feature", "geometry": {"type": "LineString", "coordinates": [[-74.01908976964779, 40.63102213393585], [-74.01814996547779, 40.63045526463685]]}, "properties": {"street": "71 STREET", "from": "SIXTH AVENUE", "to": "SEVENTH AVENUE", "side": "S", "zone": "MON_TUE", "zone_label": "Mon/Tue", "schedules": ["TUE 11:30AM-1PM"], "all_days": ["TUE"], "color": "#2a78d6"}}, {"type": "Feature", "geometry": {"type": "LineString", "coordinates": [[-74.0339237208715, 40.616493196939686], [-74.0315382759015, 40.61531207737069]]}, "properties": {"street": "96 STREET", "from": "3 AVENUE", "to": "MARINE AVENUE", "side": "S", "zone": "THU_FRI", "zone_label": "Thu/Fri", "schedules": ["THU 9:30AM-11AM"], "all_days": ["THU"], "color": "#4a3aa7"}}, {"type": "Feature", "geometry": {"type": "LineString", "coordinates": [[-74.0089171357828, 40.61203454797653], [-74.00954525434379, 40.61143392173253]]}, "properties": {"street": "15 AVENUE", "from": "85 STREET", "to": "86 STREET", "side": "W", "zone": "MON_TUE", "zone_label": "Mon/Tue", "schedules": ["MON 11:30AM-1PM"], "all_days": ["MON"], "color": "#2a78d6"}}, {"type": "Feature", "geometry": {"type": "LineString", "coordinates": [[-74.0152756270327, 40.62316076466331], [-74.0158591770897, 40.62260134554931]]}, "properties": {"street": "10 AVENUE", "from": "77 STREET", "to": "78 STREET", "side": "W", "zone": "WED_FRI", "zone_label": "Wed/Fri", "schedules": ["WED 11:30AM-1PM"], "all_days": ["WED"], "color": "#eb6834"}}, {"type": "Feature", "geometry": {"type": "LineString", "coordinates": [[-74.02393098152399, 40.64235952508836], [-74.02180503044599, 40.64106186928236]]}, "properties": {"street": "62 STREET", "from": "2 AVENUE", "to": "3 AVENUE", "side": "N", "zone": "OTHER", "zone_label": "Other", "schedules": ["MON 9:30AM-11AM"], "all_days": ["MON"], "color": "#898781"}}, {"type": "Feature", "geometry": {"type": "LineString", "coordinates": [[-74.01085046252699, 40.606684370227256], [-74.01002726363399, 40.60618776236426]]}, "properties": {"street": "BATH AVENUE", "from": "16 AVENUE", "to": "BAY   13 STREET", "side": "S", "zone": "MON_TUE", "zone_label": "Mon/Tue", "schedules": ["MON 11:30AM-1PM"], "all_days": ["MON"], "color": "#2a78d6"}}, {"type": "Feature", "geometry": {"type": "LineString", "coordinates": [[-74.00170716745573, 40.59788166200808], [-74.00260528808373, 40.597069241121076]]}, "properties": {"street": "21 AVENUE", "from": "21 DRIVE", "to": "SHORE PARKWAY", "side": "W", "zone": "OTHER", "zone_label": "Other", "schedules": ["WED 9:30AM-11AM"], "all_days": ["WED"], "color": "#898781"}}, {"type": "Feature", "geometry": {"type": "LineString", "coordinates": [[-74.02747811843255, 40.6250451426756], [-74.02777481318955, 40.624318936837604]]}, "properties": {"street": "4 AVENUE", "from": "83 STREET", "to": "84 STREET", "side": "W", "zone": "MON_TUE", "zone_label": "Mon/Tue", "schedules": ["MON 8:30AM-10AM"], "all_days": ["MON"], "color": "#2a78d6"}}, {"type": "Feature", "geometry": {"type": "LineString", "coordinates": [[-74.02539960223127, 40.62100263188093], [-74.02580113344472, 40.62053622581904], [-74.02595645917962, 40.62035579874212], [-74.02604775921424, 40.620249751616164], [-74.02635130833139, 40.61989716425625]]}, "properties": {"street": "GELSTON AVENUE", "from": "86 STREET", "to": "88 STREET", "side": "W", "zone": "THU_FRI", "zone_label": "Thu/Fri", "schedules": ["FRI 11:30AM-1PM"], "all_days": ["FRI"], "color": "#4a3aa7"}}, {"type": "Feature", "geometry": {"type": "LineString", "coordinates": [[-74.0341430169097, 40.637520623586646], [-74.0324153164295, 40.63698340565329], [-74.032131285139, 40.63689508152067]]}, "properties": {"street": "70 STREET", "from": "NARROWS AVENUE", "to": "DEAD END", "side": "N", "zone": "MON_TUE", "zone_label": "Mon/Tue", "schedules": ["MON 9:30AM-11AM"], "all_days": ["MON"], "color": "#2a78d6"}}, {"type": "Feature", "geometry": {"type": "LineString", "coordinates": [[-74.01959781417, 40.642534424446545], [-74.01786156357699, 40.64150418158754]]}, "properties": {"street": "59 STREET", "from": "4 AVENUE", "to": "3 AVENUE", "side": "N", "zone": "WED_THU", "zone_label": "Wed/Thu", "schedules": ["THU 11:30AM-1PM"], "all_days": ["THU"], "color": "#e34948"}}, {"type": "Feature", "geometry": {"type": "LineString", "coordinates": [[-74.00776839440354, 40.63166188590861], [-74.00848472331954, 40.631182065434615]]}, "properties": {"street": "FORT HAMILTON PARKWAY", "from": "63 STREET", "to": "64 STREET", "side": "W", "zone": "WED_THU", "zone_label": "Wed/Thu", "schedules": ["WED 11:30AM-1PM"], "all_days": ["WED"], "color": "#e34948"}}, {"type": "Feature", "geometry": {"type": "LineString", "coordinates": [[-74.02264827027771, 40.62217739940287], [-74.02279846951828, 40.621794001882776], [-74.02273481786484, 40.6215969885742]]}, "properties": {"street": "6 AVENUE", "from": "FT HAMILTON PARKWAY", "to": "83 STREET", "side": "E", "zone": "OTHER", "zone_label": "Other", "schedules": ["FRI 11:30AM-1PM"], "all_days": ["FRI"], "color": "#898781"}}, {"type": "Feature", "geometry": {"type": "LineString", "coordinates": [[-74.00196371606762, 40.62906067149718], [-74.00226153635762, 40.628779073686175]]}, "properties": {"street": "12 AVENUE", "from": "62 STREET", "to": "63 STREET", "side": "W", "zone": "OTHER", "zone_label": "Other", "schedules": ["WED 8:30AM-10AM"], "all_days": ["WED"], "color": "#898781"}}, {"type": "Feature", "geometry": {"type": "LineString", "coordinates": [[-74.01111529764589, 40.62716175071656], [-74.01169903511189, 40.626601902795564]]}, "properties": {"street": "10 AVENUE", "from": "70 STREET", "to": "71 STREET", "side": "W", "zone": "WED_THU", "zone_label": "Wed/Thu", "schedules": ["WED 9:30AM-11AM"], "all_days": ["WED"], "color": "#e34948"}}, {"type": "Feature", "geometry": {"type": "LineString", "coordinates": [[-74.00193569772782, 40.63553224772255], [-73.99999095596581, 40.63435859873055]]}, "properties": {"street": "55 STREET", "from": "11 AVENUE", "to": "FORT HAMILTON PARKWAY", "side": "N", "zone": "MON_THU", "zone_label": "Mon/Thu", "schedules": ["MON 8:30AM-10AM"], "all_days": ["MON"], "color": "#eda100"}}, {"type": "Feature", "geometry": {"type": "LineString", "coordinates": [[-74.01094618158673, 40.63071494101387], [-74.00997932506074, 40.63014616174787]]}, "properties": {"street": "66 STREET", "from": "FT HAMILTON PARKWAY", "to": "9 AVENUE", "side": "N", "zone": "OTHER", "zone_label": "Other", "schedules": ["WED 11:30AM-1PM"], "all_days": ["WED"], "color": "#898781"}}, {"type": "Feature", "geometry": {"type": "LineString", "coordinates": [[-74.00665929572207, 40.61071369529781], [-74.00420282080108, 40.60922820362881]]}, "properties": {"street": "85 STREET", "from": "16 AVENUE", "to": "17 AVENUE", "side": "N", "zone": "OTHER", "zone_label": "Other", "schedules": ["WED 8:30AM-10AM"], "all_days": ["WED"], "color": "#898781"}}, {"type": "Feature", "geometry": {"type": "LineString", "coordinates": [[-74.00559369507504, 40.63311491920831], [-74.00633494674904, 40.632615831133315]]}, "properties": {"street": "FORT HAMILTON PARKWAY", "from": "60 STREET", "to": "61 STREET", "side": "W", "zone": "MON_THU", "zone_label": "Mon/Thu", "schedules": ["MON 8:30AM-10AM"], "all_days": ["MON"], "color": "#eda100"}}, {"type": "Feature", "geometry": {"type": "LineString", "coordinates": [[-74.02776102998155, 40.62428501606988], [-74.02721156020897, 40.62395337825193], [-74.02537194912209, 40.62284300683706]]}, "properties": {"street": "84 STREET", "from": "5 AVENUE", "to": "4 AVENUE", "side": "S", "zone": "MON_TUE", "zone_label": "Mon/Tue", "schedules": ["TUE 8:30AM-10AM"], "all_days": ["TUE"], "color": "#2a78d6"}}, {"type": "Feature", "geometry": {"type": "LineString", "coordinates": [[-74.02689810436173, 40.62647519878713], [-74.02717967009373, 40.62577935283113]]}, "properties": {"street": "4 AVENUE", "from": "81 STREET", "to": "82 STREET", "side": "W", "zone": "MON_TUE", "zone_label": "Mon/Tue", "schedules": ["MON 8:30AM-10AM"], "all_days": ["MON"], "color": "#2a78d6"}}, {"type": "Feature", "geometry": {"type": "LineString", "coordinates": [[-74.02293246404534, 40.63608870658291], [-74.02041473606634, 40.634946034870914]]}, "properties": {"street": "SENATOR STREET", "from": "3 AVENUE", "to": "4 AVENUE", "side": "S", "zone": "MON_TUE", "zone_label": "Mon/Tue", "schedules": ["TUE 8:30AM-10AM"], "all_days": ["TUE"], "color": "#2a78d6"}}, {"type": "Feature", "geometry": {"type": "LineString", "coordinates": [[-74.0239242065355, 40.633741940921276], [-74.02427861140549, 40.632876485359276]]}, "properties": {"street": "4 AVENUE", "from": "OVINGTON AVENUE", "to": "72 STREET", "side": "W", "zone": "MON_TUE", "zone_label": "Mon/Tue", "schedules": ["MON 8:30AM-10AM"], "all_days": ["MON"], "color": "#2a78d6"}}, {"type": "Feature", "geometry": {"type": "LineString", "coordinates": [[-74.01052741556543, 40.62767643580312], [-74.00832680569243, 40.62634513447812]]}, "properties": {"street": "BAY RIDGE AVENUE", "from": "10 AVENUE", "to": "11 AVENUE", "side": "S", "zone": "WED_THU", "zone_label": "Wed/Thu", "schedules": ["THU 9:30AM-11AM"], "all_days": ["THU"], "color": "#e34948"}}, {"type": "Feature", "geometry": {"type": "LineString", "coordinates": [[-74.01891684094313, 40.631424700325795], [-74.01774695463814, 40.630891770161796]]}, "properties": {"street": "OVINGTON AVENUE", "from": "STEWART AVENUE", "to": "6 AVENUE", "side": "S", "zone": "MON_TUE", "zone_label": "Mon/Tue", "schedules": ["TUE 11:30AM-1PM"], "all_days": ["TUE"], "color": "#2a78d6"}}, {"type": "Feature", "geometry": {"type": "LineString", "coordinates": [[-74.02832046743492, 40.63748521038419], [-74.02869862986093, 40.63656357962519]]}, "properties": {"street": "RIDGE BOULEVARD", "from": "68 STREET", "to": "BAY RIDGE AVENUE", "side": "W", "zone": "MON_TUE", "zone_label": "Mon/Tue", "schedules": ["MON 9:30AM-11AM"], "all_days": ["MON"], "color": "#2a78d6"}}, {"type": "Feature", "geometry": {"type": "LineString", "coordinates": [[-74.00822161291829, 40.60309035707359], [-74.00782536100105, 40.60288292259191], [-74.00743722833342, 40.602679736760514]]}, "properties": {"street": "CROPSEY AVENUE", "from": "18 AVENUE", "to": "BAY   17 STREET", "side": "N", "zone": "MON_TUE", "zone_label": "Mon/Tue", "schedules": ["MON 11:30AM-1PM"], "all_days": ["MON"], "color": "#2a78d6"}}, {"type": "Feature", "geometry": {"type": "LineString", "coordinates": [[-74.03343628854543, 40.6320666741796], [-74.03298316998942, 40.6319592560876]]}, "properties": {"street": "76 STREET", "from": "COLONIAL ROAD", "to": "NARROWS AVENUE", "side": "N", "zone": "THU_FRI", "zone_label": "Thu/Fri", "schedules": ["THU 9:30AM-11AM"], "all_days": ["THU"], "color": "#4a3aa7"}}, {"type": "Feature", "geometry": {"type": "LineString", "coordinates": [[-74.0203180395653, 40.628079658141225], [-74.02064021969629, 40.627294176384225]]}, "properties": {"street": "6 AVENUE", "from": "BAY RIDGE PARKWAY", "to": "76 STREET", "side": "W", "zone": "MON_TUE", "zone_label": "Mon/Tue", "schedules": ["MON 11:30AM-1PM"], "all_days": ["MON"], "color": "#2a78d6"}}, {"type": "Feature", "geometry": {"type": "LineString", "coordinates": [[-74.0042019385503, 40.616470652837], [-74.00478193003629, 40.615911244474]]}, "properties": {"street": "15 AVENUE", "from": "78 STREET", "to": "77 STREET", "side": "E", "zone": "OTHER", "zone_label": "Other", "schedules": ["WED 11:30AM-1PM"], "all_days": ["WED"], "color": "#898781"}}, {"type": "Feature", "geometry": {"type": "LineString", "coordinates": [[-74.00537229769107, 40.61539571370305], [-74.00356583100498, 40.61430610333766], [-74.00317125036683, 40.614068094458446]]}, "properties": {"street": "79 STREET", "from": "15 AVENUE", "to": "16 AVENUE", "side": "N", "zone": "THU_FRI", "zone_label": "Thu/Fri", "schedules": ["THU 11:30AM-1PM"], "all_days": ["THU"], "color": "#4a3aa7"}}, {"type": "Feature", "geometry": {"type": "LineString", "coordinates": [[-74.01355216114689, 40.60262306464569], [-74.01261075386688, 40.60239645592269]]}, "properties": {"street": "SHORE PARKWAY", "from": "BAY   14 STREET", "to": "BAY   13 STREET", "side": "N", "zone": "OTHER", "zone_label": "Other", "schedules": ["MON 11:30AM-1PM"], "all_days": ["MON"], "color": "#898781"}}, {"type": "Feature", "geometry": {"type": "LineString", "coordinates": [[-74.01820631569589, 40.63303251495953], [-74.0184911557599, 40.63233252297253]]}, "properties": {"street": "6 AVENUE", "from": "BAY RIDGE AVENUE", "to": "68 STREET", "side": "E", "zone": "MON_TUE", "zone_label": "Mon/Tue", "schedules": ["TUE 11:30AM-1PM"], "all_days": ["TUE"], "color": "#2a78d6"}}, {"type": "Feature", "geometry": {"type": "LineString", "coordinates": [[-74.00154151253396, 40.63981268466742], [-74.00212455449396, 40.639252976269425]]}, "properties": {"street": "9 AVENUE", "from": "50 STREET", "to": "51 STREET", "side": "W", "zone": "MON_THU", "zone_label": "Mon/Thu", "schedules": ["MON 8:30AM-10AM"], "all_days": ["MON"], "color": "#eda100"}}, {"type": "Feature", "geometry": {"type": "LineString", "coordinates": [[-74.00732517328866, 40.63415234196929], [-74.00792960434367, 40.63357261944629]]}, "properties": {"street": "9 AVENUE", "from": "61 STREET", "to": "60 STREET", "side": "E", "zone": "MON_THU", "zone_label": "Mon/Thu", "schedules": ["THU 9:30AM-11AM"], "all_days": ["THU"], "color": "#eda100"}}, {"type": "Feature", "geometry": {"type": "LineString", "coordinates": [[-74.0112952494461, 40.63378325701843], [-74.0118769986621, 40.63322316521343]]}, "properties": {"street": "8 AVENUE", "from": "64 STREET", "to": "63 STREET", "side": "E", "zone": "OTHER", "zone_label": "Other", "schedules": ["THU 11:30AM-1PM"], "all_days": ["THU"], "color": "#898781"}}, {"type": "Feature", "geometry": {"type": "LineString", "coordinates": [[-74.01393638275414, 40.638186091857165], [-74.01173457843214, 40.63685618199016]]}, "properties": {"street": "60 STREET", "from": "7 AVENUE", "to": "6 AVENUE", "side": "N", "zone": "THU_FRI", "zone_label": "Thu/Fri", "schedules": ["THU 11:30AM-1PM"], "all_days": ["THU"], "color": "#4a3aa7"}}, {"type": "Feature", "geometry": {"type": "LineString", "coordinates": [[-74.01217042037932, 40.63988761688154], [-74.00996534509332, 40.638557178348535]]}, "properties": {"street": "57 STREET", "from": "7 AVENUE", "to": "6 AVENUE", "side": "N", "zone": "THU_FRI", "zone_label": "Thu/Fri", "schedules": ["THU 11:30AM-1PM"], "all_days": ["THU"], "color": "#4a3aa7"}}, {"type": "Feature", "geometry": {"type": "LineString", "coordinates": [[-74.00590211895431, 40.601874404416584], [-74.00511821267932, 40.601465622820584]]}, "properties": {"street": "CROPSEY AVENUE", "from": "19 AVENUE", "to": "BAY   20 STREET", "side": "N", "zone": "MON_TUE", "zone_label": "Mon/Tue", "schedules": ["MON 11:30AM-1PM"], "all_days": ["MON"], "color": "#2a78d6"}}, {"type": "Feature", "geometry": {"type": "LineString", "coordinates": [[-74.00340313638502, 40.61000317713507], [-74.00264242798202, 40.609604049737065]]}, "properties": {"street": "84 STREET", "from": "BAY   16 STREET", "to": "17 AVENUE", "side": "N", "zone": "MON_TUE", "zone_label": "Mon/Tue", "schedules": ["MON 11:30AM-1PM"], "all_days": ["MON"], "color": "#2a78d6"}}, {"type": "Feature", "geometry": {"type": "LineString", "coordinates": [[-74.00259945971631, 40.60383521152082], [-74.0038222222163, 40.60265668185981]]}, "properties": {"street": "19 AVENUE", "from": "BATH AVENUE", "to": "BENSON AVENUE", "side": "E", "zone": "MON_TUE", "zone_label": "Mon/Tue", "schedules": ["TUE 11:30AM-1PM"], "all_days": ["TUE"], "color": "#2a78d6"}}, {"type": "Feature", "geometry": {"type": "LineString", "coordinates": [[-74.03093176106096, 40.63829638499532], [-74.03116446910037, 40.637728148392995], [-74.03130914769834, 40.637374862621215]]}, "properties": {"street": "COLONIAL ROAD", "from": "68 STREET", "to": "BAY RIDGE AVENUE", "side": "W", "zone": "MON_TUE", "zone_label": "Mon/Tue", "schedules": ["MON 9:30AM-11AM"], "all_days": ["MON"], "color": "#2a78d6"}}, {"type": "Feature", "geometry": {"type": "LineString", "coordinates": [[-74.01651599971717, 40.62580735281998], [-74.01728976640918, 40.625301281997984]]}, "properties": {"street": "FORT HAMILTON PARKWAY", "from": "76 STREET", "to": "BAY RIDGE PARKWAY", "side": "E", "zone": "OTHER", "zone_label": "Other", "schedules": ["FRI 11:30AM-1PM"], "all_days": ["FRI"], "color": "#898781"}}, {"type": "Feature", "geometry": {"type": "LineString", "coordinates": [[-74.03137356233192, 40.62990872596012], [-74.02869165951192, 40.62927254223712]]}, "properties": {"street": "78 STREET", "from": "3 AVENUE", "to": "RIDGE BOULEVARD", "side": "S", "zone": "THU_FRI", "zone_label": "Thu/Fri", "schedules": ["FRI 8:30AM-10AM"], "all_days": ["FRI"], "color": "#4a3aa7"}}, {"type": "Feature", "geometry": {"type": "LineString", "coordinates": [[-74.02227594451657, 40.63035807628478], [-74.01980841574957, 40.629203161942776]]}, "properties": {"street": "74 STREET", "from": "5 AVENUE", "to": "6 AVENUE", "side": "N", "zone": "MON_TUE", "zone_label": "Mon/Tue", "schedules": ["MON 11:30AM-1PM"], "all_days": ["MON"], "color": "#2a78d6"}}, {"type": "Feature", "geometry": {"type": "LineString", "coordinates": [[-74.00374691107636, 40.61346385409179], [-74.00403247200549, 40.61318928487033], [-74.00432775496076, 40.61290536627877]]}, "properties": {"street": "16 AVENUE", "from": "81 STREET", "to": "80 STREET", "side": "E", "zone": "OTHER", "zone_label": "Other", "schedules": ["THU 11:30AM-1PM"], "all_days": ["THU"], "color": "#898781"}}, {"type": "Feature", "geometry": {"type": "LineString", "coordinates": [[-74.02681890463627, 40.626456738036865], [-74.02710047036827, 40.62576089208086]]}, "properties": {"street": "4 AVENUE", "from": "82 STREET", "to": "81 STREET", "side": "E", "zone": "MON_TUE", "zone_label": "Mon/Tue", "schedules": ["TUE 8:30AM-10AM"], "all_days": ["TUE"], "color": "#2a78d6"}}, {"type": "Feature", "geometry": {"type": "LineString", "coordinates": [[-74.01351641161902, 40.611065052033], [-74.01525764791202, 40.609384037841]]}, "properties": {"street": "14 AVENUE", "from": "86 STREET", "to": "CROPSEY AVENUE", "side": "W", "zone": "OTHER", "zone_label": "Other", "schedules": ["WED 11:30AM-1PM"], "all_days": ["WED"], "color": "#898781"}}, {"type": "Feature", "geometry": {"type": "LineString", "coordinates": [[-74.00839747875038, 40.622828251192104], [-74.00803906837594, 40.62261171917597], [-74.00619437660711, 40.621497214927466]]}, "properties": {"street": "73 STREET", "from": "12 AVENUE", "to": "13 AVENUE", "side": "N", "zone": "WED_THU", "zone_label": "Wed/Thu", "schedules": ["WED 8:30AM-10AM"], "all_days": ["WED"], "color": "#e34948"}}, {"type": "Feature", "geometry": {"type": "LineString", "coordinates": [[-74.03439879308625, 40.63933416902226], [-74.03351823563925, 40.639067604982266]]}, "properties": {"street": "68 STREET", "from": "NARROWS AVENUE", "to": "OWLS HEAD COURT", "side": "S", "zone": "MON_TUE", "zone_label": "Mon/Tue", "schedules": ["TUE 9:30AM-11AM"], "all_days": ["TUE"], "color": "#2a78d6"}}, {"type": "Feature", "geometry": {"type": "LineString", "coordinates": [[-74.02633931022443, 40.619853654499366], [-74.02539714593944, 40.61938579359837]]}, "properties": {"street": "88 STREET", "from": "GELSTON AVENUE", "to": "FT HAMILTON PARKWAY", "side": "S", "zone": "THU_FRI", "zone_label": "Thu/Fri", "schedules": ["THU 11:30AM-1PM"], "all_days": ["THU"], "color": "#4a3aa7"}}, {"type": "Feature", "geometry": {"type": "LineString", "coordinates": [[-74.0071113028719, 40.613673765003625], [-74.00740445910746, 40.61339237886211], [-74.00769143446229, 40.613116917715175]]}, "properties": {"street": "15 AVENUE", "from": "83 STREET", "to": "82 STREET", "side": "E", "zone": "MON_TUE", "zone_label": "Mon/Tue", "schedules": ["TUE 11:30AM-1PM"], "all_days": ["TUE"], "color": "#2a78d6"}}, {"type": "Feature", "geometry": {"type": "LineString", "coordinates": [[-74.02069045316259, 40.63858150005097], [-74.01849583012958, 40.637249727649966]]}, "properties": {"street": "64 STREET", "from": "4 AVENUE", "to": "5 AVENUE", "side": "N", "zone": "WED_THU", "zone_label": "Wed/Thu", "schedules": ["THU 9:30AM-11AM"], "all_days": ["THU"], "color": "#e34948"}}, {"type": "Feature", "geometry": {"type": "LineString", "coordinates": [[-74.03343226031743, 40.62498423493437], [-74.03378302378444, 40.624116414596365]]}, "properties": {"street": "RIDGE BOULEVARD", "from": "85 STREET", "to": "86 STREET", "side": "W", "zone": "MON_TUE", "zone_label": "Mon/Tue", "schedules": ["MON 9:30AM-11AM"], "all_days": ["MON"], "color": "#2a78d6"}}, {"type": "Feature", "geometry": {"type": "LineString", "coordinates": [[-74.0236001559949, 40.61852864126064], [-74.02384032229793, 40.61825031276231], [-74.02459126367499, 40.61738001715822]]}, "properties": {"street": "DAHLGREN PLACE", "from": "90 STREET", "to": "88 STREET", "side": "E", "zone": "MON_TUE", "zone_label": "Mon/Tue", "schedules": ["TUE 11:30AM-1PM"], "all_days": ["TUE"], "color": "#2a78d6"}}, {"type": "Feature", "geometry": {"type": "LineString", "coordinates": [[-74.00903574166449, 40.62226332718856], [-74.00966388476549, 40.621662178915564]]}, "properties": {"street": "12 AVENUE", "from": "74 STREET", "to": "BAY RIDGE PARKWAY", "side": "W", "zone": "WED_FRI", "zone_label": "Wed/Fri", "schedules": ["WED 8:30AM-10AM"], "all_days": ["WED"], "color": "#eb6834"}}, {"type": "Feature", "geometry": {"type": "LineString", "coordinates": [[-74.03432425419548, 40.629885333680086], [-74.03164671732648, 40.62923725978708]]}, "properties": {"street": "79 STREET", "from": "NARROWS AVENUE", "to": "COLONIAL ROAD", "side": "N", "zone": "THU_FRI", "zone_label": "Thu/Fri", "schedules": ["THU 9:30AM-11AM"], "all_days": ["THU"], "color": "#4a3aa7"}}, {"type": "Feature", "geometry": {"type": "LineString", "coordinates": [[-74.02093576679022, 40.62656058691083], [-74.02102592562849, 40.626341474421245], [-74.02108538919774, 40.62619697512745], [-74.0211427974643, 40.62605745551544], [-74.0212349270094, 40.62583354195563]]}, "properties": {"street": "6 AVENUE", "from": "77 STREET", "to": "78 STREET", "side": "W", "zone": "MON_TUE", "zone_label": "Mon/Tue", "schedules": ["MON 11:30AM-1PM"], "all_days": ["MON"], "color": "#2a78d6"}}, {"type": "Feature", "geometry": {"type": "LineString", "coordinates": [[-74.0190382164142, 40.63107136146815], [-74.0180984122442, 40.63050449216915]]}, "properties": {"street": "71 STREET", "from": "6 AVENUE", "to": "7 AVENUE", "side": "N", "zone": "OTHER", "zone_label": "Other", "schedules": ["MON 11:30AM-1PM"], "all_days": ["MON"], "color": "#898781"}}, {"type": "Feature", "geometry": {"type": "LineString", "coordinates": [[-74.01035693638146, 40.63128519872983], [-74.00925067006845, 40.63061754881083]]}, "properties": {"street": "65 STREET", "from": "9 AVENUE", "to": "FORT HAMILTON PARKWAY", "side": "S", "zone": "OTHER", "zone_label": "Other", "schedules": ["TUE/THU/SAT 7:30AM-8AM"], "all_days": ["TUE", "THU", "SAT"], "color": "#898781"}}, {"type": "Feature", "geometry": {"type": "LineString", "coordinates": [[-74.00511821883028, 40.60146562595259], [-74.00433211249927, 40.60105584914659]]}, "properties": {"street": "CROPSEY AVENUE", "from": "BAY   22 STREET", "to": "19 AVENUE", "side": "N", "zone": "MON_TUE", "zone_label": "Mon/Tue", "schedules": ["MON 11:30AM-1PM"], "all_days": ["MON"], "color": "#2a78d6"}}, {"type": "Feature", "geometry": {"type": "LineString", "coordinates": [[-74.00742311569314, 40.607425828100595], [-74.00660025219115, 40.6069278359076]]}, "properties": {"street": "BENSON AVENUE", "from": "17 AVENUE", "to": "BAY   14 STREET", "side": "N", "zone": "MON_TUE", "zone_label": "Mon/Tue", "schedules": ["MON 11:30AM-1PM"], "all_days": ["MON"], "color": "#2a78d6"}}, {"type": "Feature", "geometry": {"type": "LineString", "coordinates": [[-74.01081394991083, 40.62050578047006], [-74.00861261458083, 40.61917498860906]]}, "properties": {"street": "77 STREET", "from": "12 AVENUE", "to": "13 AVENUE", "side": "N", "zone": "WED_FRI", "zone_label": "Wed/Fri", "schedules": ["WED 8:30AM-10AM"], "all_days": ["WED"], "color": "#eb6834"}}, {"type": "Feature", "geometry": {"type": "LineString", "coordinates": [[-74.02562184067743, 40.62937663119156], [-74.02591991969543, 40.62864618831256]]}, "properties": {"street": "4 AVENUE", "from": "78 STREET", "to": "77 STREET", "side": "E", "zone": "THU_FRI", "zone_label": "Thu/Fri", "schedules": ["FRI 8:30AM-10AM"], "all_days": ["FRI"], "color": "#4a3aa7"}}, {"type": "Feature", "geometry": {"type": "LineString", "coordinates": [[-74.01885601391243, 40.631442190471816], [-74.01902448724343, 40.63103728045482]]}, "properties": {"street": "6 AVENUE", "from": "71 STREET", "to": "OVINGTON AVENUE", "side": "E", "zone": "MON_TUE", "zone_label": "Mon/Tue", "schedules": ["TUE 11:30AM-1PM"], "all_days": ["TUE"], "color": "#2a78d6"}}, {"type": "Feature", "geometry": {"type": "LineString", "coordinates": [[-74.02592001639194, 40.62864595560898], [-74.02622498102293, 40.62791864478798]]}, "properties": {"street": "4 AVENUE", "from": "79 STREET", "to": "78 STREET", "side": "E", "zone": "THU_FRI", "zone_label": "Thu/Fri", "schedules": ["FRI 8:30AM-10AM"], "all_days": ["FRI"], "color": "#4a3aa7"}}, {"type": "Feature", "geometry": {"type": "LineString", "coordinates": [[-74.00496752443041, 40.59816212120882], [-74.00370807013257, 40.59739267363137], [-74.00283863063581, 40.5970956189835], [-74.00257025808308, 40.59708036702738]]}, "properties": {"street": "SHORE PARKWAY", "from": "21 AVENUE", "to": "20 AVENUE", "side": "N", "zone": "WED_FRI", "zone_label": "Wed/Fri", "schedules": ["WED 9:30AM-11AM"], "all_days": ["WED"], "color": "#eb6834"}}, {"type": "Feature", "geometry": {"type": "LineString", "coordinates": [[-74.00087201645506, 40.61238941178369], [-74.00103383623207, 40.611831969972684]]}, "properties": {"street": "NEW UTRECHT AVENUE", "from": "80 STREET", "to": "79 STREET", "side": "E", "zone": "DAILY", "zone_label": "Daily (except Sun)", "schedules": ["MON/TUE/WED/THU/FRI/SAT 6:30AM-7AM"], "all_days": ["MON", "TUE", "WED", "THU", "FRI", "SAT"], "color": "#e87ba4"}}, {"type": "Feature", "geometry": {"type": "LineString", "coordinates": [[-74.0056117074065, 40.603553855962865], [-74.0046597555125, 40.60306088946086]]}, "properties": {"street": "BATH AVENUE", "from": "BAY   19 STREET", "to": "BAY   20 STREET", "side": "S", "zone": "MON_TUE", "zone_label": "Mon/Tue", "schedules": ["TUE 7:30AM-8AM"], "all_days": ["TUE"], "color": "#2a78d6"}}, {"type": "Feature", "geometry": {"type": "LineString", "coordinates": [[-74.01100374021222, 40.61231510983737], [-74.01277068651422, 40.61061595888137]]}, "properties": {"street": "BAY    7 STREET", "from": "BENSON AVENUE", "to": "86 STREET", "side": "W", "zone": "WED_FRI", "zone_label": "Wed/Fri", "schedules": ["WED 11:30AM-1PM"], "all_days": ["WED"], "color": "#eb6834"}}, {"type": "Feature", "geometry": {"type": "LineString", "coordinates": [[-74.00298522594723, 40.63153119169834], [-74.00358794541123, 40.63095061889235]]}, "properties": {"street": "11 AVENUE", "from": "60 STREET", "to": "61 STREET", "side": "W", "zone": "MON_THU", "zone_label": "Mon/Thu", "schedules": ["THU 8:30AM-10AM"], "all_days": ["THU"], "color": "#eda100"}}, {"type": "Feature", "geometry": {"type": "LineString", "coordinates": [[-74.02507252081224, 40.637830553138244], [-74.02260756995524, 40.636835027476245]]}, "properties": {"street": "67 STREET", "from": "4 AVENUE", "to": "3 AVENUE", "side": "N", "zone": "MON_TUE", "zone_label": "Mon/Tue", "schedules": ["MON 8:30AM-10AM"], "all_days": ["MON"], "color": "#2a78d6"}}, {"type": "Feature", "geometry": {"type": "LineString", "coordinates": [[-74.02692131435656, 40.63943472578667], [-74.02759281426155, 40.63879361310567]]}, "properties": {"street": "RIDGE BOULEVARD", "from": "67 STREET", "to": "WAKEMAN PLACE", "side": "E", "zone": "MON_TUE", "zone_label": "Mon/Tue", "schedules": ["TUE 9:30AM-11AM"], "all_days": ["TUE"], "color": "#2a78d6"}}, {"type": "Feature", "geometry": {"type": "LineString", "coordinates": [[-74.00234063460603, 40.601848412943404], [-74.00157102199202, 40.601424757090406]]}, "properties": {"street": "BATH AVENUE", "from": "BAY   23 STREET", "to": "20 AVENUE", "side": "S", "zone": "OTHER", "zone_label": "Other", "schedules": ["MON/TUE/THU/FRI 7:30AM-8AM"], "all_days": ["MON", "TUE", "THU", "FRI"], "color": "#898781"}}, {"type": "Feature", "geometry": {"type": "LineString", "coordinates": [[-74.01992823300004, 40.61868434916357], [-74.02055971940204, 40.618085716291574]]}, "properties": {"street": "10 AVENUE", "from": "85 STREET", "to": "86 STREET", "side": "W", "zone": "WED_FRI", "zone_label": "Wed/Fri", "schedules": ["WED 11:30AM-1PM"], "all_days": ["WED"], "color": "#eb6834"}}, {"type": "Feature", "geometry": {"type": "LineString", "coordinates": [[-74.03314443298127, 40.63277320655094], [-74.03046202218228, 40.63213720069994]]}, "properties": {"street": "BAY RIDGE PARKWAY", "from": "COLONIAL ROAD", "to": "NARROWS AVENUE", "side": "N", "zone": "THU_FRI", "zone_label": "Thu/Fri", "schedules": ["THU 9:30AM-11AM"], "all_days": ["THU"], "color": "#4a3aa7"}}, {"type": "Feature", "geometry": {"type": "LineString", "coordinates": [[-74.02457869522372, 40.61901543931089], [-74.02556362533872, 40.61786674521489]]}, "properties": {"street": "GATLING PLACE", "from": "88 STREET", "to": "90 STREET", "side": "W", "zone": "OTHER", "zone_label": "Other", "schedules": ["FRI 11:30AM-1PM"], "all_days": ["FRI"], "color": "#898781"}}, {"type": "Feature", "geometry": {"type": "LineString", "coordinates": [[-74.01514565924246, 40.603735519908554], [-74.01474927739942, 40.60364478074486], [-74.01458776582473, 40.603607805776356], [-74.01396960904964, 40.60346628686436]]}, "properties": {"street": "INDEPENDENCE AVENUE", "from": "BAY   11 STREET", "to": "16 AVENUE", "side": "N", "zone": "OTHER", "zone_label": "Other", "schedules": ["MON 11:30AM-1PM"], "all_days": ["MON"], "color": "#898781"}}, {"type": "Feature", "geometry": {"type": "LineString", "coordinates": [[-74.01611169653174, 40.60389871058862], [-74.01574816395589, 40.60381626458845], [-74.01517026618946, 40.60367548007179]]}, "properties": {"street": "INDEPENDENCE AVENUE", "from": "15 AVENUE", "to": "16 AVENUE", "side": "S", "zone": "OTHER", "zone_label": "Other", "schedules": ["FRI 11:30AM-1PM", "TUE 11:30AM-1PM"], "all_days": ["TUE", "FRI"], "color": "#898781"}}, {"type": "Feature", "geometry": {"type": "LineString", "coordinates": [[-74.01233246581303, 40.63623084490804], [-74.01291263320704, 40.63567467438304]]}, "properties": {"street": "7 AVENUE", "from": "62 STREET", "to": "61 STREET", "side": "E", "zone": "DAILY", "zone_label": "Daily (except Sun)", "schedules": ["WED 11:30AM-1PM"], "all_days": ["WED"], "color": "#e87ba4"}}, {"type": "Feature", "geometry": {"type": "LineString", "coordinates": [[-74.01442344385998, 40.6411694721939], [-74.01222202716798, 40.639838417619906]]}, "properties": {"street": "57 STREET", "from": "6 AVENUE", "to": "5 AVENUE", "side": "S", "zone": "WED_THU", "zone_label": "Wed/Thu", "schedules": ["WED 8:30AM-10AM"], "all_days": ["WED"], "color": "#e34948"}}, {"type": "Feature", "geometry": {"type": "LineString", "coordinates": [[-74.00147619491244, 40.615694348103375], [-74.00021846131244, 40.61493401090038]]}, "properties": {"street": "76 STREET", "from": "17 AVENUE", "to": "NEW UTRECHT AVENUE", "side": "S", "zone": "OTHER", "zone_label": "Other", "schedules": ["WED 11:30AM-1PM"], "all_days": ["WED"], "color": "#898781"}}, {"type": "Feature", "geometry": {"type": "LineString", "coordinates": [[-74.01519937980505, 40.609389250219486], [-74.01445759782706, 40.60894324597149]]}, "properties": {"street": "BATH AVENUE", "from": "BAY    7 STREET", "to": "14 AVENUE", "side": "N", "zone": "WED_FRI", "zone_label": "Wed/Fri", "schedules": ["FRI 11:30AM-1PM"], "all_days": ["FRI"], "color": "#eb6834"}}, {"type": "Feature", "geometry": {"type": "LineString", "coordinates": [[-74.02509547008201, 40.641242744159506], [-74.02342295889201, 40.640216371225506]]}, "properties": {"street": "64 STREET", "from": "2 AVENUE", "to": "3 AVENUE", "side": "N", "zone": "OTHER", "zone_label": "Other", "schedules": ["MON/THU 12AM-3AM"], "all_days": ["MON", "THU"], "color": "#898781"}}, {"type": "Feature", "geometry": {"type": "LineString", "coordinates": [[-74.03338026611553, 40.62500501491408], [-74.03069666766153, 40.62436647990008]]}, "properties": {"street": "85 STREET", "from": "COLONIAL ROAD", "to": "RIDGE BOULEVARD", "side": "N", "zone": "MON_TUE", "zone_label": "Mon/Tue", "schedules": ["MON 9:30AM-11AM"], "all_days": ["MON"], "color": "#2a78d6"}}, {"type": "Feature", "geometry": {"type": "LineString", "coordinates": [[-74.02427862087059, 40.63287646121037], [-74.02456101256959, 40.632184892453374]]}, "properties": {"street": "4 AVENUE", "from": "72 STREET", "to": "73 STREET", "side": "W", "zone": "MON_TUE", "zone_label": "Mon/Tue", "schedules": ["MON 8:30AM-10AM"], "all_days": ["MON"], "color": "#2a78d6"}}, {"type": "Feature", "geometry": {"type": "LineString", "coordinates": [[-74.02516591175352, 40.63313454677253], [-74.02422595759052, 40.63289698481453]]}, "properties": {"street": "72 STREET", "from": "BENNETT COURT", "to": "4 AVENUE", "side": "N", "zone": "OTHER", "zone_label": "Other", "schedules": ["MON 8:30AM-10AM"], "all_days": ["MON"], "color": "#898781"}}, {"type": "Feature", "geometry": {"type": "LineString", "coordinates": [[-74.0064657708346, 40.64187302067271], [-74.00704772557759, 40.64131401609071]]}, "properties": {"street": "7 AVENUE", "from": "52 STREET", "to": "51 STREET", "side": "E", "zone": "WED_FRI", "zone_label": "Wed/Fri", "schedules": ["WED 11:30AM-1PM"], "all_days": ["WED"], "color": "#eb6834"}}, {"type": "Feature", "geometry": {"type": "LineString", "coordinates": [[-74.0226597376212, 40.62220931687496], [-74.0222909523712, 40.62194826494596]]}, "properties": {"street": "83 STREET", "from": "FORT HAMILTON PARKWAY", "to": "6 AVENUE", "side": "N", "zone": "THU_FRI", "zone_label": "Thu/Fri", "schedules": ["THU 11:30AM-1PM"], "all_days": ["THU"], "color": "#4a3aa7"}}, {"type": "Feature", "geometry": {"type": "LineString", "coordinates": [[-74.01453563812075, 40.63755964715281], [-74.01511453330076, 40.63700334882382]]}, "properties": {"street": "6 AVENUE", "from": "62 STREET", "to": "61 STREET", "side": "E", "zone": "THU_FRI", "zone_label": "Thu/Fri", "schedules": ["FRI 11:30AM-1PM"], "all_days": ["FRI"], "color": "#4a3aa7"}}, {"type": "Feature", "geometry": {"type": "LineString", "coordinates": [[-74.0034173112138, 40.634570208121055], [-74.0041351446298, 40.63409197287006]]}, "properties": {"street": "FORT HAMILTON PARKWAY", "from": "57 STREET", "to": "58 STREET", "side": "W", "zone": "MON_THU", "zone_label": "Mon/Thu", "schedules": ["MON 8:30AM-10AM"], "all_days": ["MON"], "color": "#eda100"}}, {"type": "Feature", "geometry": {"type": "LineString", "coordinates": [[-74.02759212580973, 40.63879428914662], [-74.02776499639093, 40.6386211150006], [-74.02796594784436, 40.638142901928326]]}, "properties": {"street": "RIDGE BOULEVARD", "from": "SENATOR STREET", "to": "67 STREET", "side": "E", "zone": "MON_TUE", "zone_label": "Mon/Tue", "schedules": ["TUE 9:30AM-11AM"], "all_days": ["TUE"], "color": "#2a78d6"}}, {"type": "Feature", "geometry": {"type": "LineString", "coordinates": [[-74.0148720069974, 40.630341346707425], [-74.0154574781834, 40.62978081291243]]}, "properties": {"street": "8 AVENUE", "from": "70 STREET", "to": "BAY RIDGE AVENUE", "side": "E", "zone": "WED_THU", "zone_label": "Wed/Thu", "schedules": ["THU 11:30AM-1PM"], "all_days": ["THU"], "color": "#e34948"}}, {"type": "Feature", "geometry": {"type": "LineString", "coordinates": [[-74.01332304038242, 40.614696434941884], [-74.01394083260641, 40.61407961061489]]}, "properties": {"street": "13 AVENUE", "from": "85 STREET", "to": "86 STREET", "side": "W", "zone": "WED_FRI", "zone_label": "Wed/Fri", "schedules": ["WED 8:30AM-10AM"], "all_days": ["WED"], "color": "#eb6834"}}, {"type": "Feature", "geometry": {"type": "LineString", "coordinates": [[-74.02764452691585, 40.63878534501823], [-74.02511126287885, 40.63777496741923]]}, "properties": {"street": "67 STREET", "from": "3 AVENUE", "to": "RIDGE BOULEVARD", "side": "S", "zone": "MON_TUE", "zone_label": "Mon/Tue", "schedules": ["TUE 8:30AM-10AM"], "all_days": ["TUE"], "color": "#2a78d6"}}, {"type": "Feature", "geometry": {"type": "LineString", "coordinates": [[-74.03264751643663, 40.63181266133896], [-74.03077761078463, 40.63136955422496]]}, "properties": {"street": "76 STREET", "from": "DEAD END", "to": "RIDGE BOULEVARD", "side": "S", "zone": "THU_FRI", "zone_label": "Thu/Fri", "schedules": ["FRI 9:30AM-11AM"], "all_days": ["FRI"], "color": "#4a3aa7"}}, {"type": "Feature", "geometry": {"type": "LineString", "coordinates": [[-74.01766713573217, 40.61735878944884], [-74.01546431434816, 40.616030758118846]]}, "properties": {"street": "85 STREET", "from": "11 AVENUE", "to": "12 AVENUE", "side": "N", "zone": "WED_FRI", "zone_label": "Wed/Fri", "schedules": ["WED 9:30AM-11AM"], "all_days": ["WED"], "color": "#eb6834"}}, {"type": "Feature", "geometry": {"type": "LineString", "coordinates": [[-74.01714491096524, 40.61791515068122], [-74.01772548001225, 40.61735357902622]]}, "properties": {"street": "11 AVENUE", "from": "84 STREET", "to": "85 STREET", "side": "W", "zone": "WED_FRI", "zone_label": "Wed/Fri", "schedules": ["WED 9:30AM-11AM"], "all_days": ["WED"], "color": "#eb6834"}}, {"type": "Feature", "geometry": {"type": "LineString", "coordinates": [[-74.012102143798, 40.615820419598336], [-74.01030655786954, 40.61473557535947], [-74.0098992226484, 40.61448946264539]]}, "properties": {"street": "83 STREET", "from": "13 AVENUE", "to": "14 AVENUE", "side": "N", "zone": "WED_FRI", "zone_label": "Wed/Fri", "schedules": ["WED 8:30AM-10AM"], "all_days": ["WED"], "color": "#eb6834"}}, {"type": "Feature", "geometry": {"type": "LineString", "coordinates": [[-74.01242717234945, 40.62235076268326], [-74.01300953397444, 40.62179159233026]]}, "properties": {"street": "11 AVENUE", "from": "77 STREET", "to": "76 STREET", "side": "E", "zone": "WED_FRI", "zone_label": "Wed/Fri", "schedules": ["FRI 9:30AM-11AM"], "all_days": ["FRI"], "color": "#eb6834"}}, {"type": "Feature", "geometry": {"type": "LineString", "coordinates": [[-74.00959893784908, 40.62162314094438], [-74.01022624236208, 40.62102095394738]]}, "properties": {"street": "12 AVENUE", "from": "76 STREET", "to": "BAY RIDGE PARKWAY", "side": "E", "zone": "OTHER", "zone_label": "Other", "schedules": ["FRI 8:30AM-10AM"], "all_days": ["FRI"], "color": "#898781"}}, {"type": "Feature", "geometry": {"type": "LineString", "coordinates": [[-74.00349007460801, 40.62415042847708], [-74.003926042936, 40.62372923247708]]}, "properties": {"street": "13 AVENUE", "from": "OVINGTON AVENUE", "to": "BAY RIDGE AVENUE", "side": "W", "zone": "WED_THU", "zone_label": "Wed/Thu", "schedules": ["WED 8:30AM-10AM"], "all_days": ["WED"], "color": "#e34948"}}, {"type": "Feature", "geometry": {"type": "LineString", "coordinates": [[-74.03400506054923, 40.623362069653545], [-74.03428437369024, 40.62268108492054]]}, "properties": {"street": "RIDGE BOULEVARD", "from": "88 STREET", "to": "87 STREET", "side": "E", "zone": "THU_FRI", "zone_label": "Thu/Fri", "schedules": ["THU 8:30AM-10AM"], "all_days": ["THU"], "color": "#4a3aa7"}}, {"type": "Feature", "geometry": {"type": "LineString", "coordinates": [[-74.0032216001823, 40.63809291525518], [-74.0038067999493, 40.63753458446718]]}, "properties": {"street": "9 AVENUE", "from": "54 STREET", "to": "53 STREET", "side": "E", "zone": "MON_THU", "zone_label": "Mon/Thu", "schedules": ["THU 9:30AM-11AM"], "all_days": ["THU"], "color": "#eda100"}}, {"type": "Feature", "geometry": {"type": "LineString", "coordinates": [[-74.01656237558093, 40.64249980506202], [-74.01714356499194, 40.64193977736202]]}, "properties": {"street": "4 AVENUE", "from": "57 STREET", "to": "56 STREET", "side": "E", "zone": "OTHER", "zone_label": "Other", "schedules": ["FRI 9:30AM-11AM"], "all_days": ["FRI"], "color": "#898781"}}, {"type": "Feature", "geometry": {"type": "LineString", "coordinates": [[-74.0039138836409, 40.599207861218666], [-74.00448382927691, 40.598674812254664]]}, "properties": {"street": "20 AVENUE", "from": "20 DRIVE", "to": "SHORE PARKWAY", "side": "W", "zone": "OTHER", "zone_label": "Other", "schedules": ["MON 11:30AM-1PM"], "all_days": ["MON"], "color": "#898781"}}, {"type": "Feature", "geometry": {"type": "LineString", "coordinates": [[-74.0099575697541, 40.61448430131632], [-74.0105378858521, 40.613924269530315]]}, "properties": {"street": "14 AVENUE", "from": "83 STREET", "to": "84 STREET", "side": "W", "zone": "WED_FRI", "zone_label": "Wed/Fri", "schedules": ["WED 8:30AM-10AM"], "all_days": ["WED"], "color": "#eb6834"}}, {"type": "Feature", "geometry": {"type": "LineString", "coordinates": [[-74.00456784797572, 40.619565598446876], [-74.00519543828571, 40.618961898334874]]}, "properties": {"street": "14 AVENUE", "from": "BAY RIDGE PARKWAY", "to": "74 STREET", "side": "E", "zone": "WED_FRI", "zone_label": "Wed/Fri", "schedules": ["FRI 8:30AM-10AM"], "all_days": ["FRI"], "color": "#eb6834"}}, {"type": "Feature", "geometry": {"type": "LineString", "coordinates": [[-74.02063562396016, 40.62000795485696], [-74.02094015867416, 40.61928039600196]]}, "properties": {"street": "7 AVENUE", "from": "84 STREET", "to": "85 STREET", "side": "W", "zone": "WED_FRI", "zone_label": "Wed/Fri", "schedules": ["WED 11:30AM-1PM"], "all_days": ["WED"], "color": "#eb6834"}}, {"type": "Feature", "geometry": {"type": "LineString", "coordinates": [[-74.03080485163257, 40.631408830819424], [-74.03110159637558, 40.63067850136343]]}, "properties": {"street": "RIDGE BOULEVARD", "from": "76 STREET", "to": "77 STREET", "side": "W", "zone": "THU_FRI", "zone_label": "Thu/Fri", "schedules": ["THU 9:30AM-11AM"], "all_days": ["THU"], "color": "#4a3aa7"}}, {"type": "Feature", "geometry": {"type": "LineString", "coordinates": [[-74.02070164696174, 40.63420406936878], [-74.01924322740874, 40.63352847430678]]}, "properties": {"street": "68 STREET", "from": "6 AVENUE", "to": "5 AVENUE", "side": "N", "zone": "OTHER", "zone_label": "Other", "schedules": ["MON 11:30AM-1PM"], "all_days": ["MON"], "color": "#898781"}}, {"type": "Feature", "geometry": {"type": "LineString", "coordinates": [[-74.0318664291809, 40.63601007977208], [-74.03207734805589, 40.635492753806076]]}, "properties": {"street": "COLONIAL ROAD", "from": "MACKAY PLACE", "to": "71 STREET", "side": "W", "zone": "OTHER", "zone_label": "Other", "schedules": ["MON 9:30AM-11AM"], "all_days": ["MON"], "color": "#898781"}}, {"type": "Feature", "geometry": {"type": "LineString", "coordinates": [[-74.01345130120497, 40.611026182523005], [-74.01519253749797, 40.609345168331004]]}, "properties": {"street": "14 AVENUE", "from": "BATH AVENUE", "to": "BENSON AVENUE", "side": "E", "zone": "OTHER", "zone_label": "Other", "schedules": ["FRI 11:30AM-1PM"], "all_days": ["FRI"], "color": "#898781"}}, {"type": "Feature", "geometry": {"type": "LineString", "coordinates": [[-74.0226279779112, 40.639745852528954], [-74.02287710053473, 40.63966848479302], [-74.02312011243063, 40.63957662053666], [-74.02335357468934, 40.63947137166165], [-74.023574421211, 40.63935433329382]]}, "properties": {"street": "3 AVENUE", "from": "64 STREET", "to": "65 STREET", "side": "W", "zone": "MON_THU", "zone_label": "Mon/Thu", "schedules": ["MON/THU 12AM-3AM"], "all_days": ["MON", "THU"], "color": "#eda100"}}, {"type": "Feature", "geometry": {"type": "LineString", "coordinates": [[-74.01222875426681, 40.63988246311179], [-74.01280922550882, 40.63932331329579]]}, "properties": {"street": "6 AVENUE", "from": "57 STREET", "to": "58 STREET", "side": "W", "zone": "THU_FRI", "zone_label": "Thu/Fri", "schedules": ["THU 11:30AM-1PM"], "all_days": ["THU"], "color": "#4a3aa7"}}, {"type": "Feature", "geometry": {"type": "LineString", "coordinates": [[-74.01701996982352, 40.604244753860705], [-74.01765761692653, 40.603634508774704]]}, "properties": {"street": "15 AVENUE", "from": "INDEPENDENCE AVENUE", "to": "SHORE PARKWAY", "side": "W", "zone": "WED_FRI", "zone_label": "Wed/Fri", "schedules": ["WED 11:30AM-1PM"], "all_days": ["WED"], "color": "#eb6834"}}, {"type": "Feature", "geometry": {"type": "LineString", "coordinates": [[-74.01774735902502, 40.630891956796624], [-74.01735966576803, 40.63071074172063]]}, "properties": {"street": "OVINGTON AVENUE", "from": "SEVENTH AVENUE", "to": "STEWART AVENUE", "side": "S", "zone": "MON_TUE", "zone_label": "Mon/Tue", "schedules": ["TUE 11:30AM-1PM"], "all_days": ["TUE"], "color": "#2a78d6"}}, {"type": "Feature", "geometry": {"type": "LineString", "coordinates": [[-74.032873211712, 40.62634650565354], [-74.033149322887, 40.625664507937536]]}, "properties": {"street": "RIDGE BOULEVARD", "from": "83 STREET", "to": "84 STREET", "side": "W", "zone": "MON_TUE", "zone_label": "Mon/Tue", "schedules": ["MON 9:30AM-11AM"], "all_days": ["MON"], "color": "#2a78d6"}}, {"type": "Feature", "geometry": {"type": "LineString", "coordinates": [[-74.00590186724189, 40.62867691175291], [-74.00369814983989, 40.627345126745915]]}, "properties": {"street": "65 STREET", "from": "12 AVENUE", "to": "11 AVENUE", "side": "N", "zone": "WED_THU", "zone_label": "Wed/Thu", "schedules": ["WED 9:30AM-11AM"], "all_days": ["WED"], "color": "#e34948"}}, {"type": "Feature", "geometry": {"type": "LineString", "coordinates": [[-74.00322821412446, 40.63813708026713], [-74.00270455445589, 40.63782058947481], [-74.00050058931299, 40.63648849027187]]}, "properties": {"street": "53 STREET", "from": "11 AVENUE", "to": "FT HAMILTON PARKWAY", "side": "N", "zone": "MON_THU", "zone_label": "Mon/Thu", "schedules": ["MON 8:30AM-10AM"], "all_days": ["MON"], "color": "#eda100"}}, {"type": "Feature", "geometry": {"type": "LineString", "coordinates": [[-74.00695469519933, 40.63116156749275], [-74.00753596199233, 40.63060427999775]]}, "properties": {"street": "10 AVENUE", "from": "63 STREET", "to": "64 STREET", "side": "W", "zone": "WED_THU", "zone_label": "Wed/Thu", "schedules": ["WED 9:30AM-11AM"], "all_days": ["WED"], "color": "#e34948"}}, {"type": "Feature", "geometry": {"type": "LineString", "coordinates": [[-74.0068857741474, 40.60437099233374], [-74.0061471979904, 40.60391926000374]]}, "properties": {"street": "BATH AVENUE", "from": "18 AVENUE", "to": "BAY   17 STREET", "side": "N", "zone": "OTHER", "zone_label": "Other", "schedules": ["MON 7:30AM-8AM"], "all_days": ["MON"], "color": "#898781"}}, {"type": "Feature", "geometry": {"type": "LineString", "coordinates": [[-74.03458961247954, 40.62203898090542], [-74.03416373356612, 40.621938394110245], [-74.03412752994505, 40.621929840541966], [-74.0327253588652, 40.62159865006629], [-74.03190686294673, 40.62140531302056]]}, "properties": {"street": "89 STREET", "from": "RIDGE BOULEVARD", "to": "COLONIAL ROAD", "side": "N", "zone": "THU_FRI", "zone_label": "Thu/Fri", "schedules": ["FRI 8:30AM-10AM"], "all_days": ["FRI"], "color": "#4a3aa7"}}, {"type": "Feature", "geometry": {"type": "LineString", "coordinates": [[-74.00729356232837, 40.62394251484565], [-74.00761849295233, 40.623628950557844], [-74.00787309571012, 40.62338326282129]]}, "properties": {"street": "12 AVENUE", "from": "71 STREET", "to": "72 STREET", "side": "W", "zone": "WED_THU", "zone_label": "Wed/Thu", "schedules": ["WED 8:30AM-10AM"], "all_days": ["WED"], "color": "#e34948"}}, {"type": "Feature", "geometry": {"type": "LineString", "coordinates": [[-74.03373106752744, 40.624137203551555], [-74.03104886779144, 40.623501129421555]]}, "properties": {"street": "86 STREET", "from": "RIDGE BOULEVARD", "to": "COLONIAL ROAD", "side": "N", "zone": "THU_FRI", "zone_label": "Thu/Fri", "schedules": ["FRI 8:30AM-10AM"], "all_days": ["FRI"], "color": "#4a3aa7"}}, {"type": "Feature", "geometry": {"type": "LineString", "coordinates": [[-74.00930862164992, 40.64263997299015], [-74.00710605284891, 40.64130891142615]]}, "properties": {"street": "52 STREET", "from": "5 AVENUE", "to": "6 AVENUE", "side": "S", "zone": "WED_THU", "zone_label": "Wed/Thu", "schedules": ["WED 8:30AM-10AM"], "all_days": ["WED"], "color": "#e34948"}}, {"type": "Feature", "geometry": {"type": "LineString", "coordinates": [[-74.03162615149937, 40.63848131087171], [-74.03126985422568, 40.63837051843838], [-74.03090790632817, 40.63825796167094]]}, "properties": {"street": "68 STREET", "from": "COLONIAL ROAD", "to": "BLISS TERRACE", "side": "S", "zone": "MON_TUE", "zone_label": "Mon/Tue", "schedules": ["TUE 9:30AM-11AM"], "all_days": ["TUE"], "color": "#2a78d6"}}, {"type": "Feature", "geometry": {"type": "LineString", "coordinates": [[-74.0055650389815, 40.603605804653135], [-74.0046130870875, 40.603112838151134]]}, "properties": {"street": "BATH AVENUE", "from": "BAY   20 STREET", "to": "BAY   19 STREET", "side": "N", "zone": "MON_TUE", "zone_label": "Mon/Tue", "schedules": ["MON 7:30AM-8AM"], "all_days": ["MON"], "color": "#2a78d6"}}, {"type": "Feature", "geometry": {"type": "LineString", "coordinates": [[-74.03266121999512, 40.61399184057555], [-74.03185840023887, 40.61359217112095], [-74.0312799837374, 40.61330421721272], [-74.03087815591572, 40.61310416722012]]}, "properties": {"street": "MARINE AVENUE", "from": "3 AVENUE", "to": "4 AVENUE", "side": "S", "zone": "MON_TUE", "zone_label": "Mon/Tue", "schedules": ["TUE 9:30AM-11AM"], "all_days": ["TUE"], "color": "#2a78d6"}}, {"type": "Feature", "geometry": {"type": "LineString", "coordinates": [[-74.00120535597831, 40.61935335014538], [-74.00178726529931, 40.61879483958138]]}, "properties": {"street": "15 AVENUE", "from": "73 STREET", "to": "72 STREET", "side": "E", "zone": "THU_FRI", "zone_label": "Thu/Fri", "schedules": ["FRI 11:30AM-1PM"], "all_days": ["FRI"], "color": "#4a3aa7"}}, {"type": "Feature", "geometry": {"type": "LineString", "coordinates": [[-74.0019936153685, 40.64282643288697], [-74.0025787013405, 40.64226345369197]]}, "properties": {"street": "46 STREET", "from": "8 AVENUE", "to": "9 AVENUE", "side": "S", "zone": "MON_THU", "zone_label": "Mon/Thu", "schedules": ["THU 8:30AM-10AM"], "all_days": ["THU"], "color": "#eda100"}}, {"type": "Feature", "geometry": {"type": "LineString", "coordinates": [[-74.01279607494074, 40.625444493186784], [-74.01337753796474, 40.624884636564786]]}, "properties": {"street": "10 AVENUE", "from": "74 STREET", "to": "73 STREET", "side": "E", "zone": "WED_THU", "zone_label": "Wed/Thu", "schedules": ["THU 9:30AM-11AM"], "all_days": ["THU"], "color": "#e34948"}}, {"type": "Feature", "geometry": {"type": "LineString", "coordinates": [[-74.00264218522942, 40.60960392133168], [-74.00201532764189, 40.60926997062902], [-74.00181555711444, 40.60916332011451]]}, "properties": {"street": "84 STREET", "from": "NEW UTRECHT AVENUE", "to": "BAY   16 STREET", "side": "N", "zone": "MON_TUE", "zone_label": "Mon/Tue", "schedules": ["MON 11:30AM-1PM"], "all_days": ["MON"], "color": "#2a78d6"}}, {"type": "Feature", "geometry": {"type": "LineString", "coordinates": [[-74.01517938422595, 40.637042492304055], [-74.01577310306794, 40.636480119773054]]}, "properties": {"street": "6 AVENUE", "from": "62 STREET", "to": "63 STREET", "side": "W", "zone": "OTHER", "zone_label": "Other", "schedules": ["THU 11:30AM-1PM"], "all_days": ["THU"], "color": "#898781"}}, {"type": "Feature", "geometry": {"type": "LineString", "coordinates": [[-74.01087227364413, 40.62050066170127], [-74.01115827303896, 40.62022552545972], [-74.01145386368412, 40.619941157213695]]}, "properties": {"street": "12 AVENUE", "from": "77 STREET", "to": "78 STREET", "side": "W", "zone": "WED_FRI", "zone_label": "Wed/Fri", "schedules": ["WED 8:30AM-10AM"], "all_days": ["WED"], "color": "#eb6834"}}, {"type": "Feature", "geometry": {"type": "LineString", "coordinates": [[-74.00646461875107, 40.60961391423714], [-74.00565674335407, 40.60912750420714]]}, "properties": {"street": "86 STREET", "from": "17 AVENUE", "to": "16 AVENUE", "side": "N", "zone": "OTHER", "zone_label": "Other", "schedules": ["MON 8AM-8:30AM"], "all_days": ["MON"], "color": "#898781"}}, {"type": "Feature", "geometry": {"type": "LineString", "coordinates": [[-74.00305228071272, 40.61762826948589], [-74.00085112298372, 40.61629726446789]]}, "properties": {"street": "BAY RIDGE PARKWAY", "from": "15 AVENUE", "to": "16 AVENUE", "side": "S", "zone": "OTHER", "zone_label": "Other", "schedules": ["WED 11:30AM-1PM"], "all_days": ["WED"], "color": "#898781"}}, {"type": "Feature", "geometry": {"type": "LineString", "coordinates": [[-74.00967966335193, 40.631937666589224], [-74.00843149569393, 40.63118308491822]]}, "properties": {"street": "64 STREET", "from": "9 AVENUE", "to": "FT HAMILTON PARKWAY", "side": "N", "zone": "WED_THU", "zone_label": "Wed/Thu", "schedules": ["WED 11:30AM-1PM"], "all_days": ["WED"], "color": "#e34948"}}, {"type": "Feature", "geometry": {"type": "LineString", "coordinates": [[-74.00704910339553, 40.61728166725076], [-74.00763185557753, 40.61672218155276]]}, "properties": {"street": "14 AVENUE", "from": "78 STREET", "to": "79 STREET", "side": "W", "zone": "WED_FRI", "zone_label": "Wed/Fri", "schedules": ["WED 8:30AM-10AM"], "all_days": ["WED"], "color": "#eb6834"}}, {"type": "Feature", "geometry": {"type": "LineString", "coordinates": [[-74.02836421295513, 40.617434600551775], [-74.02954198813312, 40.61605733510478]]}, "properties": {"street": "GELSTON AVENUE", "from": "92 STREET", "to": "94 STREET", "side": "E", "zone": "THU_FRI", "zone_label": "Thu/Fri", "schedules": ["THU 11:30AM-1PM"], "all_days": ["THU"], "color": "#4a3aa7"}}, {"type": "Feature", "geometry": {"type": "LineString", "coordinates": [[-74.00316450633849, 40.61402399935074], [-74.0037469073625, 40.61346385753474]]}, "properties": {"street": "16 AVENUE", "from": "80 STREET", "to": "79 STREET", "side": "E", "zone": "THU_FRI", "zone_label": "Thu/Fri", "schedules": ["THU 11:30AM-1PM"], "all_days": ["THU"], "color": "#4a3aa7"}}, {"type": "Feature", "geometry": {"type": "LineString", "coordinates": [[-74.01707974187275, 40.61787633036678], [-74.01766031091975, 40.61731475871178]]}, "properties": {"street": "11 AVENUE", "from": "85 STREET", "to": "84 STREET", "side": "E", "zone": "WED_FRI", "zone_label": "Wed/Fri", "schedules": ["FRI 9:30AM-11AM"], "all_days": ["FRI"], "color": "#eb6834"}}, {"type": "Feature", "geometry": {"type": "LineString", "coordinates": [[-74.01209541884526, 40.615776345707545], [-74.01267696846327, 40.61521677148554]]}, "properties": {"street": "13 AVENUE", "from": "84 STREET", "to": "83 STREET", "side": "E", "zone": "WED_FRI", "zone_label": "Wed/Fri", "schedules": ["FRI 8:30AM-10AM"], "all_days": ["FRI"], "color": "#eb6834"}}, {"type": "Feature", "geometry": {"type": "LineString", "coordinates": [[-74.02103490205924, 40.63344967141485], [-74.01975860138224, 40.63286620852885]]}, "properties": {"street": "BAY RIDGE AVENUE", "from": "5 AVENUE", "to": "6 AVENUE", "side": "S", "zone": "MON_TUE", "zone_label": "Mon/Tue", "schedules": ["TUE 11:30AM-1PM"], "all_days": ["TUE"], "color": "#2a78d6"}}, {"type": "Feature", "geometry": {"type": "LineString", "coordinates": [[-74.03314922816207, 40.62566473777772], [-74.03343216096107, 40.62498447849272]]}, "properties": {"street": "RIDGE BOULEVARD", "from": "84 STREET", "to": "85 STREET", "side": "W", "zone": "MON_TUE", "zone_label": "Mon/Tue", "schedules": ["MON 9:30AM-11AM", "TUE 9:30AM-11AM"], "all_days": ["MON", "TUE"], "color": "#2a78d6"}}, {"type": "Feature", "geometry": {"type": "LineString", "coordinates": [[-74.01274200799021, 40.615255714572555], [-74.01332259148622, 40.61469687528455]]}, "properties": {"street": "13 AVENUE", "from": "84 STREET", "to": "85 STREET", "side": "W", "zone": "WED_FRI", "zone_label": "Wed/Fri", "schedules": ["WED 8:30AM-10AM"], "all_days": ["WED"], "color": "#eb6834"}}, {"type": "Feature", "geometry": {"type": "LineString", "coordinates": [[-74.01029855204686, 40.631290404415275], [-74.01093896330686, 40.63067068864028]]}, "properties": {"street": "9 AVENUE", "from": "66 STREET", "to": "65 STREET", "side": "E", "zone": "WED_THU", "zone_label": "Wed/Thu", "schedules": ["THU 11:30AM-1PM"], "all_days": ["THU"], "color": "#e34948"}}, {"type": "Feature", "geometry": {"type": "LineString", "coordinates": [[-74.00879424577015, 40.615603486463336], [-74.00937549095715, 40.61504275842733]]}, "properties": {"street": "14 AVENUE", "from": "81 STREET", "to": "82 STREET", "side": "W", "zone": "WED_FRI", "zone_label": "Wed/Fri", "schedules": ["WED 8:30AM-10AM"], "all_days": ["WED"], "color": "#eb6834"}}, {"type": "Feature", "geometry": {"type": "LineString", "coordinates": [[-74.00614921837455, 40.603920420124815], [-74.00556441411055, 40.60360547473081]]}, "properties": {"street": "BATH AVENUE", "from": "BAY   19 STREET", "to": "18 AVENUE", "side": "N", "zone": "OTHER", "zone_label": "Other", "schedules": ["MON/TUE/THU/FRI 7:30AM-8AM"], "all_days": ["MON", "TUE", "THU", "FRI"], "color": "#898781"}}, {"type": "Feature", "geometry": {"type": "LineString", "coordinates": [[-74.01047954862574, 40.61392943659581], [-74.01017410018648, 40.613744992295345], [-74.00827934576917, 40.61260082526039]]}, "properties": {"street": "84 STREET", "from": "15 AVENUE", "to": "14 AVENUE", "side": "N", "zone": "MON_TUE", "zone_label": "Mon/Tue", "schedules": ["MON 11:30AM-1PM"], "all_days": ["MON"], "color": "#2a78d6"}}, {"type": "Feature", "geometry": {"type": "LineString", "coordinates": [[-74.01256067904998, 40.63261699587598], [-74.01035695818699, 40.63128521174298]]}, "properties": {"street": "65 STREET", "from": "8 AVENUE", "to": "9 AVENUE", "side": "S", "zone": "DAILY", "zone_label": "Daily (except Sun)", "schedules": ["TUE/THU/SAT 7:30AM-8AM"], "all_days": ["TUE", "THU", "SAT"], "color": "#e87ba4"}}, {"type": "Feature", "geometry": {"type": "LineString", "coordinates": [[-74.00405291242372, 40.620163855956605], [-74.00463291327772, 40.6196045207556]]}, "properties": {"street": "14 AVENUE", "from": "73 STREET", "to": "74 STREET", "side": "W", "zone": "WED_THU", "zone_label": "Wed/Thu", "schedules": ["WED 8:30AM-10AM"], "all_days": ["WED"], "color": "#e34948"}}, {"type": "Feature", "geometry": {"type": "LineString", "coordinates": [[-74.00151896700903, 40.601473549854624], [-74.00081189767204, 40.600988923189625]]}, "properties": {"street": "BATH AVENUE", "from": "BAY   25 STREET", "to": "20 AVENUE", "side": "N", "zone": "OTHER", "zone_label": "Other", "schedules": ["MON 7:30AM-8AM"], "all_days": ["MON"], "color": "#898781"}}, {"type": "Feature", "geometry": {"type": "LineString", "coordinates": [[-74.00211699238835, 40.62536856067634], [-74.00269834342235, 40.624810234835344]]}, "properties": {"street": "13 AVENUE", "from": "67 STREET", "to": "66 STREET", "side": "E", "zone": "WED_THU", "zone_label": "Wed/Thu", "schedules": ["THU 8:30AM-10AM"], "all_days": ["THU"], "color": "#e34948"}}, {"type": "Feature", "geometry": {"type": "LineString", "coordinates": [[-74.00218199362965, 40.62540754980966], [-74.00276334466365, 40.62484922396866]]}, "properties": {"street": "13 AVENUE", "from": "66 STREET", "to": "67 STREET", "side": "W", "zone": "WED_THU", "zone_label": "Wed/Thu", "schedules": ["WED 8:30AM-10AM"], "all_days": ["WED"], "color": "#e34948"}}, {"type": "Feature", "geometry": {"type": "LineString", "coordinates": [[-74.02213329427123, 40.623645548160546], [-74.02242968433923, 40.622913466940545]]}, "properties": {"street": "6 AVENUE", "from": "81 STREET", "to": "82 STREET", "side": "W", "zone": "THU_FRI", "zone_label": "Thu/Fri", "schedules": ["THU 11:30AM-1PM"], "all_days": ["THU"], "color": "#4a3aa7"}}, {"type": "Feature", "geometry": {"type": "LineString", "coordinates": [[-74.03207596780396, 40.63765079488048], [-74.0317163405589, 40.63753873498878], [-74.03152458718918, 40.637478983646105], [-74.03125384294954, 40.63739461630515]]}, "properties": {"street": "BAY RIDGE AVENUE", "from": "COLONIAL ROAD", "to": "BLISS TERRACE", "side": "N", "zone": "OTHER", "zone_label": "Other", "schedules": ["MON 9:30AM-11AM"], "all_days": ["MON"], "color": "#898781"}}, {"type": "Feature", "geometry": {"type": "LineString", "coordinates": [[-74.01378194142414, 40.617704253792084], [-74.01436146698714, 40.61714500226409]]}, "properties": {"street": "12 AVENUE", "from": "82 STREET", "to": "83 STREET", "side": "W", "zone": "WED_FRI", "zone_label": "Wed/Fri", "schedules": ["WED 8:30AM-10AM"], "all_days": ["WED"], "color": "#eb6834"}}, {"type": "Feature", "geometry": {"type": "LineString", "coordinates": [[-74.0344585812833, 40.63677879324971], [-74.0339730772978, 40.63662821821693], [-74.03285594595128, 40.63628173437759], [-74.0328174524075, 40.63626979604275], [-74.0325207864172, 40.63617777517583]]}, "properties": {"street": "MACKAY PLACE", "from": "NARROWS AVENUE", "to": "COLONIAL ROAD", "side": "S", "zone": "MON_TUE", "zone_label": "Mon/Tue", "schedules": ["TUE 9:30AM-11AM"], "all_days": ["TUE"], "color": "#2a78d6"}}, {"type": "Feature", "geometry": {"type": "LineString", "coordinates": [[-74.02732566386793, 40.6187044677354], [-74.02689701922282, 40.61849112771183], [-74.02687291805572, 40.61847912915463], [-74.02638396945412, 40.6182357773823]]}, "properties": {"street": "90 STREET", "from": "FT HAMILTON PARKWAY", "to": "GELSTON AVENUE", "side": "S", "zone": "THU_FRI", "zone_label": "Thu/Fri", "schedules": ["THU 11:30AM-1PM"], "all_days": ["THU"], "color": "#4a3aa7"}}, {"type": "Feature", "geometry": {"type": "LineString", "coordinates": [[-74.01533609535406, 40.619552337125434], [-74.01591814733305, 40.61899359267943]]}, "properties": {"street": "11 AVENUE", "from": "82 STREET", "to": "81 STREET", "side": "E", "zone": "WED_FRI", "zone_label": "Wed/Fri", "schedules": ["FRI 9:30AM-11AM"], "all_days": ["FRI"], "color": "#eb6834"}}, {"type": "Feature", "geometry": {"type": "LineString", "coordinates": [[-74.0032864534377, 40.63813205788882], [-74.0038716532047, 40.63757372710082]]}, "properties": {"street": "9 AVENUE", "from": "53 STREET", "to": "54 STREET", "side": "W", "zone": "MON_THU", "zone_label": "Mon/Thu", "schedules": ["MON 9:30AM-11AM"], "all_days": ["MON"], "color": "#eda100"}}, {"type": "Feature", "geometry": {"type": "LineString", "coordinates": [[-74.03460172049085, 40.62910454989673], [-74.03489931029686, 40.62837393121873]]}, "properties": {"street": "COLONIAL ROAD", "from": "81 STREET", "to": "80 STREET", "side": "E", "zone": "MON_TUE", "zone_label": "Mon/Tue", "schedules": ["TUE 9:30AM-11AM"], "all_days": ["TUE"], "color": "#2a78d6"}}, {"type": "Feature", "geometry": {"type": "LineString", "coordinates": [[-74.00973128927808, 40.63188848263678], [-74.00848312162007, 40.63113390096578]]}, "properties": {"street": "64 STREET", "from": "9 AVENUE", "to": "FT HAMILTON PARKWAY", "side": "S", "zone": "WED_THU", "zone_label": "Wed/Thu", "schedules": ["THU 11:30AM-1PM"], "all_days": ["THU"], "color": "#e34948"}}, {"type": "Feature", "geometry": {"type": "LineString", "coordinates": [[-74.0164332977677, 40.62199778621311], [-74.01422995713271, 40.62066835302011]]}, "properties": {"street": "79 STREET", "from": "10 AVENUE", "to": "11 AVENUE", "side": "S", "zone": "WED_FRI", "zone_label": "Wed/Fri", "schedules": ["FRI 9:30AM-11AM"], "all_days": ["FRI"], "color": "#eb6834"}}, {"type": "Feature", "geometry": {"type": "LineString", "coordinates": [[-74.01112033749634, 40.61336669546197], [-74.01174587217933, 40.61276268080897]]}, "properties": {"street": "14 AVENUE", "from": "85 STREET", "to": "86 STREET", "side": "W", "zone": "WED_FRI", "zone_label": "Wed/Fri", "schedules": ["WED 8:30AM-10AM"], "all_days": ["WED"], "color": "#eb6834"}}, {"type": "Feature", "geometry": {"type": "LineString", "coordinates": [[-74.02984327139045, 40.63611766922073], [-74.02944607216264, 40.635995588930236], [-74.02895901246737, 40.63584589324843]]}, "properties": {"street": "70 STREET", "from": "PERRY TERRACE", "to": "RIDGE BOULEVARD", "side": "S", "zone": "MON_TUE", "zone_label": "Mon/Tue", "schedules": ["TUE 9:30AM-11AM"], "all_days": ["TUE"], "color": "#2a78d6"}}, {"type": "Feature", "geometry": {"type": "LineString", "coordinates": [[-74.00937542205796, 40.615042824450676], [-74.00995749716196, 40.61448437142868]]}, "properties": {"street": "14 AVENUE", "from": "82 STREET", "to": "83 STREET", "side": "W", "zone": "WED_FRI", "zone_label": "Wed/Fri", "schedules": ["WED 8:30AM-10AM"], "all_days": ["WED"], "color": "#eb6834"}}, {"type": "Feature", "geometry": {"type": "LineString", "coordinates": [[-74.01713811118347, 40.61787113491603], [-74.01493608643848, 40.61654150760903]]}, "properties": {"street": "84 STREET", "from": "12 AVENUE", "to": "11 AVENUE", "side": "S", "zone": "WED_FRI", "zone_label": "Wed/Fri", "schedules": ["FRI 9:30AM-11AM"], "all_days": ["FRI"], "color": "#eb6834"}}, {"type": "Feature", "geometry": {"type": "LineString", "coordinates": [[-74.03102244682297, 40.63065990402923], [-74.03132164269397, 40.62992940253623]]}, "properties": {"street": "RIDGE BOULEVARD", "from": "78 STREET", "to": "77 STREET", "side": "E", "zone": "THU_FRI", "zone_label": "Thu/Fri", "schedules": ["FRI 9:30AM-11AM"], "all_days": ["FRI"], "color": "#4a3aa7"}}, {"type": "Feature", "geometry": {"type": "LineString", "coordinates": [[-74.02442443109759, 40.62508128925613], [-74.02206793722559, 40.62366093445813]]}, "properties": {"street": "81 STREET", "from": "5 AVENUE", "to": "6 AVENUE", "side": "N", "zone": "THU_FRI", "zone_label": "Thu/Fri", "schedules": ["THU 11:30AM-1PM"], "all_days": ["THU"], "color": "#4a3aa7"}}, {"type": "Feature", "geometry": {"type": "LineString", "coordinates": [[-74.0155381764881, 40.64009946922947], [-74.0133321988731, 40.63876814082547]]}, "properties": {"street": "59 STREET", "from": "6 AVENUE", "to": "5 AVENUE", "side": "N", "zone": "WED_THU", "zone_label": "Wed/Thu", "schedules": ["THU 9:30AM-11AM"], "all_days": ["THU"], "color": "#e34948"}}, {"type": "Feature", "geometry": {"type": "LineString", "coordinates": [[-74.00189910189437, 40.62902130988282], [-74.00219692218437, 40.62873971207182]]}, "properties": {"street": "12 AVENUE", "from": "TABOR COURT", "to": "62 STREET", "side": "E", "zone": "OTHER", "zone_label": "Other", "schedules": ["THU 8:30AM-10AM"], "all_days": ["THU"], "color": "#898781"}}, {"type": "Feature", "geometry": {"type": "LineString", "coordinates": [[-74.01876681157084, 40.61980468666642], [-74.01934676934684, 40.61924460189342]]}, "properties": {"street": "10 AVENUE", "from": "83 STREET", "to": "84 STREET", "side": "W", "zone": "WED_FRI", "zone_label": "Wed/Fri", "schedules": ["WED 11:30AM-1PM"], "all_days": ["WED"], "color": "#eb6834"}}, {"type": "Feature", "geometry": {"type": "LineString", "coordinates": [[-74.0099827891101, 40.62815014343386], [-74.0104690501621, 40.627681568184855]]}, "properties": {"street": "10 AVENUE", "from": "BAY RIDGE AVENUE", "to": "OVINGTON AVENUE", "side": "E", "zone": "OTHER", "zone_label": "Other", "schedules": ["THU 9:30AM-11AM"], "all_days": ["THU"], "color": "#898781"}}, {"type": "Feature", "geometry": {"type": "LineString", "coordinates": [[-74.00843157603784, 40.631183133233954], [-74.00747774633884, 40.63060940616096]]}, "properties": {"street": "64 STREET", "from": "FT HAMILTON PARKWAY", "to": "10 AVENUE", "side": "N", "zone": "WED_THU", "zone_label": "Wed/Thu", "schedules": ["WED 9:30AM-11AM"], "all_days": ["WED"], "color": "#e34948"}}, {"type": "Feature", "geometry": {"type": "LineString", "coordinates": [[-74.0187341656885, 40.63706893711658], [-74.0188172500775, 40.63698780139858]]}, "properties": {"street": "5 AVENUE", "from": "64 STREET", "to": "65 STREET", "side": "W", "zone": "OTHER", "zone_label": "Other", "schedules": ["THU 7:30AM-8AM"], "all_days": ["THU"], "color": "#898781"}}, {"type": "Feature", "geometry": {"type": "LineString", "coordinates": [[-74.03085262876705, 40.63827772379867], [-74.03108533678163, 40.637709487257], [-74.03123001533966, 40.63735620158279]]}, "properties": {"street": "COLONIAL ROAD", "from": "BAY RIDGE AVENUE", "to": "68 STREET", "side": "E", "zone": "MON_TUE", "zone_label": "Mon/Tue", "schedules": ["TUE 9:30AM-11AM"], "all_days": ["TUE"], "color": "#2a78d6"}}, {"type": "Feature", "geometry": {"type": "LineString", "coordinates": [[-74.02532270890978, 40.630108254509544], [-74.02562184683079, 40.62937661506755]]}, "properties": {"street": "4 AVENUE", "from": "77 STREET", "to": "76 STREET", "side": "E", "zone": "THU_FRI", "zone_label": "Thu/Fri", "schedules": ["FRI 8:30AM-10AM"], "all_days": ["FRI"], "color": "#4a3aa7"}}, {"type": "Feature", "geometry": {"type": "LineString", "coordinates": [[-74.00774971755877, 40.61311182360957], [-74.00554878090077, 40.611781583227575]]}, "properties": {"street": "83 STREET", "from": "15 AVENUE", "to": "16 AVENUE", "side": "S", "zone": "MON_TUE", "zone_label": "Mon/Tue", "schedules": ["TUE 11:30AM-1PM"], "all_days": ["TUE"], "color": "#2a78d6"}}, {"type": "Feature", "geometry": {"type": "LineString", "coordinates": [[-74.00490999130395, 40.61234504259162], [-74.00519541264472, 40.612070506025034], [-74.00549047303478, 40.61178670175108]]}, "properties": {"street": "16 AVENUE", "from": "83 STREET", "to": "82 STREET", "side": "E", "zone": "MON_TUE", "zone_label": "Mon/Tue", "schedules": ["MON 11:30AM-1PM"], "all_days": ["MON"], "color": "#2a78d6"}}, {"type": "Feature", "geometry": {"type": "LineString", "coordinates": [[-74.00167067913972, 40.607686310139684], [-74.00158350043472, 40.60664477709768]]}, "properties": {"street": "NEW UTRECHT AVENUE", "from": "86 STREET", "to": "85 STREET", "side": "E", "zone": "DAILY", "zone_label": "Daily (except Sun)", "schedules": ["MON/TUE/WED/THU/FRI/SAT 6:30AM-7AM"], "all_days": ["MON", "TUE", "WED", "THU", "FRI", "SAT"], "color": "#e87ba4"}}, {"type": "Feature", "geometry": {"type": "LineString", "coordinates": [[-74.00973803048063, 40.63193252069118], [-74.01036370497063, 40.631329253206175]]}, "properties": {"street": "9 AVENUE", "from": "64 STREET", "to": "65 STREET", "side": "W", "zone": "OTHER", "zone_label": "Other", "schedules": ["WED 11:30AM-1PM"], "all_days": ["WED"], "color": "#898781"}}, {"type": "Feature", "geometry": {"type": "LineString", "coordinates": [[-74.01540107737395, 40.61959133928057], [-74.01598312935295, 40.619032594834565]]}, "properties": {"street": "11 AVENUE", "from": "81 STREET", "to": "82 STREET", "side": "W", "zone": "WED_FRI", "zone_label": "Wed/Fri", "schedules": ["WED 9:30AM-11AM"], "all_days": ["WED"], "color": "#eb6834"}}, {"type": "Feature", "geometry": {"type": "LineString", "coordinates": [[-74.01510789628125, 40.633221198860525], [-74.01538568755825, 40.63251239932152]]}, "properties": {"street": "7 AVENUE", "from": "67 STREET", "to": "66 STREET", "side": "E", "zone": "OTHER", "zone_label": "Other", "schedules": ["THU 11:30AM-1PM"], "all_days": ["THU"], "color": "#898781"}}, {"type": "Feature", "geometry": {"type": "LineString", "coordinates": [[-74.03235741333661, 40.63480865373761], [-74.0326344627246, 40.634127242634605]]}, "properties": {"street": "COLONIAL ROAD", "from": "72 STREET", "to": "73 STREET", "side": "W", "zone": "MON_TUE", "zone_label": "Mon/Tue", "schedules": ["MON 9:30AM-11AM"], "all_days": ["MON"], "color": "#2a78d6"}}, {"type": "Feature", "geometry": {"type": "LineString", "coordinates": [[-74.0012117979032, 40.633237940040964], [-74.0017971377362, 40.63267275737396]]}, "properties": {"street": "11 AVENUE", "from": "57 STREET", "to": "58 STREET", "side": "W", "zone": "MON_THU", "zone_label": "Mon/Thu", "schedules": ["THU 8:30AM-10AM"], "all_days": ["THU"], "color": "#eda100"}}, {"type": "Feature", "geometry": {"type": "LineString", "coordinates": [[-74.010415742681, 40.64152420587404], [-74.010997626015, 40.64096465055504]]}, "properties": {"street": "6 AVENUE", "from": "55 STREET", "to": "54 STREET", "side": "E", "zone": "THU_FRI", "zone_label": "Thu/Fri", "schedules": ["FRI 11:30AM-1PM"], "all_days": ["FRI"], "color": "#4a3aa7"}}, {"type": "Feature", "geometry": {"type": "LineString", "coordinates": [[-74.02357659925862, 40.63930402089304], [-74.02140239559961, 40.63798222311205]]}, "properties": {"street": "65 STREET", "from": "4 AVENUE", "to": "3 AVENUE", "side": "S", "zone": "MON_TUE", "zone_label": "Mon/Tue", "schedules": ["TUE 9:30AM-11AM"], "all_days": ["TUE"], "color": "#2a78d6"}}, {"type": "Feature", "geometry": {"type": "LineString", "coordinates": [[-74.01354750967504, 40.62776068436188], [-74.01164072724204, 40.62660697674188]]}, "properties": {"street": "71 STREET", "from": "FT HAMILTON PARKWAY", "to": "10 AVENUE", "side": "N", "zone": "WED_THU", "zone_label": "Wed/Thu", "schedules": ["WED 9:30AM-11AM"], "all_days": ["WED"], "color": "#e34948"}}, {"type": "Feature", "geometry": {"type": "LineString", "coordinates": [[-74.01493026686262, 40.63033627509436], [-74.01452373081752, 40.63009077434842], [-74.01272980184068, 40.62900737295871]]}, "properties": {"street": "BAY RIDGE AVENUE", "from": "7 AVENUE", "to": "8 AVENUE", "side": "S", "zone": "WED_THU", "zone_label": "Wed/Thu", "schedules": ["THU 11:30AM-1PM"], "all_days": ["THU"], "color": "#e34948"}}, {"type": "Feature", "geometry": {"type": "LineString", "coordinates": [[-74.0245609955755, 40.63218493301459], [-74.0248324598265, 40.63152328128959]]}, "properties": {"street": "4 AVENUE", "from": "73 STREET", "to": "74 STREET", "side": "W", "zone": "MON_TUE", "zone_label": "Mon/Tue", "schedules": ["MON 8:30AM-10AM"], "all_days": ["MON"], "color": "#2a78d6"}}, {"type": "Feature", "geometry": {"type": "LineString", "coordinates": [[-74.02030431473858, 40.62804573162687], [-74.01866609171758, 40.627054167486875]]}, "properties": {"street": "BAY RIDGE PARKWAY", "from": "6 AVENUE", "to": "7 AVENUE", "side": "S", "zone": "MON_TUE", "zone_label": "Mon/Tue", "schedules": ["TUE 11:30AM-1PM"], "all_days": ["TUE"], "color": "#2a78d6"}}, {"type": "Feature", "geometry": {"type": "LineString", "coordinates": [[-74.0107781734216, 40.60289974150086], [-74.01041033893814, 40.60267622049814], [-74.0100439726701, 40.60245358156828]]}, "properties": {"street": "17 COURT", "from": "17 AVENUE", "to": "BAY   16 STREET", "side": "S", "zone": "MON_TUE", "zone_label": "Mon/Tue", "schedules": ["MON 11:30AM-1PM"], "all_days": ["MON"], "color": "#2a78d6"}}, {"type": "Feature", "geometry": {"type": "LineString", "coordinates": [[-74.01197123937463, 40.61934170959523], [-74.01255278253763, 40.618782851058235]]}, "properties": {"street": "12 AVENUE", "from": "80 STREET", "to": "79 STREET", "side": "E", "zone": "WED_FRI", "zone_label": "Wed/Fri", "schedules": ["FRI 8:30AM-10AM"], "all_days": ["FRI"], "color": "#eb6834"}}, {"type": "Feature", "geometry": {"type": "LineString", "coordinates": [[-74.00640269562685, 40.61780349402308], [-74.00698406272885, 40.61724272342808]]}, "properties": {"street": "14 AVENUE", "from": "78 STREET", "to": "77 STREET", "side": "E", "zone": "WED_FRI", "zone_label": "Wed/Fri", "schedules": ["FRI 8:30AM-10AM"], "all_days": ["FRI"], "color": "#eb6834"}}, {"type": "Feature", "geometry": {"type": "LineString", "coordinates": [[-74.00461285524386, 40.60311271713726], [-74.00383118636385, 40.60270199092326]]}, "properties": {"street": "BATH AVENUE", "from": "19 AVENUE", "to": "BAY   20 STREET", "side": "N", "zone": "MON_TUE", "zone_label": "Mon/Tue", "schedules": ["MON 7:30AM-8AM"], "all_days": ["MON"], "color": "#2a78d6"}}, {"type": "Feature", "geometry": {"type": "LineString", "coordinates": [[-74.0104096582678, 40.6174473349315], [-74.00820394032381, 40.6161167862105]]}, "properties": {"street": "80 STREET", "from": "14 AVENUE", "to": "13 AVENUE", "side": "S", "zone": "WED_FRI", "zone_label": "Wed/Fri", "schedules": ["FRI 8:30AM-10AM"], "all_days": ["FRI"], "color": "#eb6834"}}, {"type": "Feature", "geometry": {"type": "LineString", "coordinates": [[-74.0049007803899, 40.62613950271355], [-74.0056235525369, 40.625443637492545]]}, "properties": {"street": "12 AVENUE", "from": "OVINGTON AVENUE", "to": "67 STREET", "side": "E", "zone": "WED_THU", "zone_label": "Wed/Thu", "schedules": ["THU 8:30AM-10AM"], "all_days": ["THU"], "color": "#e34948"}}, {"type": "Feature", "geometry": {"type": "LineString", "coordinates": [[-74.03429728990784, 40.62984602580988], [-74.03460174774084, 40.629104482202884]]}, "properties": {"street": "COLONIAL ROAD", "from": "80 STREET", "to": "79 STREET", "side": "E", "zone": "THU_FRI", "zone_label": "Thu/Fri", "schedules": ["FRI 9:30AM-11AM"], "all_days": ["FRI"], "color": "#4a3aa7"}}, {"type": "Feature", "geometry": {"type": "LineString", "coordinates": [[-74.03473449946955, 40.63608505862462], [-74.03370614165574, 40.635843106960664], [-74.03317654427158, 40.63571849400427], [-74.03205003805255, 40.63545343024609]]}, "properties": {"street": "71 STREET", "from": "COLONIAL ROAD", "to": "NARROWS AVENUE", "side": "S", "zone": "MON_TUE", "zone_label": "Mon/Tue", "schedules": ["TUE 9:30AM-11AM"], "all_days": ["TUE"], "color": "#2a78d6"}}, {"type": "Feature", "geometry": {"type": "LineString", "coordinates": [[-74.02083605675608, 40.64132319005436], [-74.01910727398308, 40.640280896503356]]}, "properties": {"street": "61 STREET", "from": "4 AVENUE", "to": "3 AVENUE", "side": "S", "zone": "WED_THU", "zone_label": "Wed/Thu", "schedules": ["WED 11:30AM-1PM"], "all_days": ["WED"], "color": "#e34948"}}, {"type": "Feature", "geometry": {"type": "LineString", "coordinates": [[-74.02635939682062, 40.63490095782516], [-74.02536775371422, 40.63444793658078], [-74.0238632507199, 40.63375953557568]]}, "properties": {"street": "OVINGTON AVENUE", "from": "4 AVENUE", "to": "3 AVENUE", "side": "N", "zone": "MON_TUE", "zone_label": "Mon/Tue", "schedules": ["MON 8:30AM-10AM"], "all_days": ["MON"], "color": "#2a78d6"}}, {"type": "Feature", "geometry": {"type": "LineString", "coordinates": [[-74.01495515067589, 40.64065830386975], [-74.01275089244089, 40.63932846773975]]}, "properties": {"street": "58 STREET", "from": "5 AVENUE", "to": "6 AVENUE", "side": "N", "zone": "WED_THU", "zone_label": "Wed/Thu", "schedules": ["THU 9:30AM-11AM"], "all_days": ["THU"], "color": "#e34948"}}, {"type": "Feature", "geometry": {"type": "LineString", "coordinates": [[-74.00078163960924, 40.630202815783015], [-74.00138292384825, 40.62962573034802]]}, "properties": {"street": "12 AVENUE", "from": "60 STREET", "to": "61 STREET", "side": "W", "zone": "MON_THU", "zone_label": "Mon/Thu", "schedules": ["MON 8:30AM-10AM"], "all_days": ["MON"], "color": "#eda100"}}, {"type": "Feature", "geometry": {"type": "LineString", "coordinates": [[-74.0166754888796, 40.6287073125129], [-74.01725713229361, 40.628127967418905]]}, "properties": {"street": "8 AVENUE", "from": "7 AVENUE", "to": "72 STREET", "side": "W", "zone": "OTHER", "zone_label": "Other", "schedules": ["WED 11:30AM-1PM"], "all_days": ["WED"], "color": "#898781"}}, {"type": "Feature", "geometry": {"type": "LineString", "coordinates": [[-74.03314443298127, 40.63277320655094], [-74.03046202218228, 40.63213720069994]]}, "properties": {"street": "BAY RIDGE PARKWAY", "from": "RIDGE BOULEVARD", "to": "COLONIAL ROAD", "side": "N", "zone": "THU_FRI", "zone_label": "Thu/Fri", "schedules": ["THU 9:30AM-11AM"], "all_days": ["THU"], "color": "#4a3aa7"}}, {"type": "Feature", "geometry": {"type": "LineString", "coordinates": [[-74.03378297961214, 40.624116522117845], [-74.03408417001513, 40.62338074408485]]}, "properties": {"street": "RIDGE BOULEVARD", "from": "86 STREET", "to": "87 STREET", "side": "W", "zone": "THU_FRI", "zone_label": "Thu/Fri", "schedules": ["FRI 8:30AM-10AM"], "all_days": ["FRI"], "color": "#4a3aa7"}}, {"type": "Feature", "geometry": {"type": "LineString", "coordinates": [[-74.02504780844843, 40.63083141377717], [-74.02532247067244, 40.63010885738117]]}, "properties": {"street": "4 AVENUE", "from": "76 STREET", "to": "BAYRIDGE PARKWAY", "side": "E", "zone": "OTHER", "zone_label": "Other", "schedules": ["FRI 8:30AM-10AM"], "all_days": ["FRI"], "color": "#898781"}}, {"type": "Feature", "geometry": {"type": "LineString", "coordinates": [[-74.00717627459208, 40.61371277181638], [-74.00746943117453, 40.61343138534189], [-74.00775640688371, 40.61315592385482]]}, "properties": {"street": "15 AVENUE", "from": "82 STREET", "to": "83 STREET", "side": "W", "zone": "MON_TUE", "zone_label": "Mon/Tue", "schedules": ["MON 11:30AM-1PM"], "all_days": ["MON"], "color": "#2a78d6"}}, {"type": "Feature", "geometry": {"type": "LineString", "coordinates": [[-74.03329062194435, 40.617979245560655], [-74.03249746083556, 40.61757093336044], [-74.03228385328268, 40.6174609771188]]}, "properties": {"street": "94 STREET", "from": "3 AVENUE", "to": "RIDGE BOULEVARD", "side": "N", "zone": "THU_FRI", "zone_label": "Thu/Fri", "schedules": ["FRI 9:30AM-11AM"], "all_days": ["FRI"], "color": "#4a3aa7"}}, {"type": "Feature", "geometry": {"type": "LineString", "coordinates": [[-74.03436562518826, 40.612067490512665], [-74.03490817279025, 40.61139080123467]]}, "properties": {"street": "4 AVENUE", "from": "101 STREET", "to": "SHORE ROAD", "side": "W", "zone": "OTHER", "zone_label": "Other", "schedules": ["MON 9:30AM-11AM"], "all_days": ["MON"], "color": "#898781"}}, {"type": "Feature", "geometry": {"type": "LineString", "coordinates": [[-74.02300552623875, 40.621415351978314], [-74.02265278309474, 40.621194740603315]]}, "properties": {"street": "84 STREET", "from": "FT HAMILTON PARKWAY", "to": "DEAD END", "side": "S", "zone": "THU_FRI", "zone_label": "Thu/Fri", "schedules": ["FRI 11:30AM-1PM"], "all_days": ["FRI"], "color": "#4a3aa7"}}, {"type": "Feature", "geometry": {"type": "LineString", "coordinates": [[-74.0028420205458, 40.60018797214327], [-74.0021348847838, 40.599702947966264]]}, "properties": {"street": "CROPSEY AVENUE", "from": "20 AVENUE", "to": "BAY   25 STREET", "side": "S", "zone": "DAILY", "zone_label": "Daily (except Sun)", "schedules": ["MON/TUE/WED/THU/FRI/SAT 8AM-9AM"], "all_days": ["MON", "TUE", "WED", "THU", "FRI", "SAT"], "color": "#e87ba4"}}, {"type": "Feature", "geometry": {"type": "LineString", "coordinates": [[-74.00086747391155, 40.60094230209475], [-74.00019199596557, 40.60047687907175]]}, "properties": {"street": "BATH AVENUE", "from": "BAY   25 STREET", "to": "BAY   26 STREET", "side": "S", "zone": "MON_TUE", "zone_label": "Mon/Tue", "schedules": ["TUE 7:30AM-8AM"], "all_days": ["TUE"], "color": "#2a78d6"}}, {"type": "Feature", "geometry": {"type": "LineString", "coordinates": [[-74.02631423418072, 40.616311461845264], [-74.02620215051972, 40.616254022501266]]}, "properties": {"street": "92 STREET", "from": "GATLING PLACE", "to": "DAHLGREEN PLACE", "side": "S", "zone": "MON_TUE", "zone_label": "Mon/Tue", "schedules": ["TUE 11:30AM-1PM"], "all_days": ["TUE"], "color": "#2a78d6"}}, {"type": "Feature", "geometry": {"type": "LineString", "coordinates": [[-74.0016626162249, 40.62236113583643], [-74.0022446776729, 40.62180298281443]]}, "properties": {"street": "14 AVENUE", "from": "70 STREET", "to": "BAY RIDGE AVENUE", "side": "E", "zone": "WED_THU", "zone_label": "Wed/Thu", "schedules": ["THU 8:30AM-10AM"], "all_days": ["THU"], "color": "#e34948"}}, {"type": "Feature", "geometry": {"type": "LineString", "coordinates": [[-74.0205917345328, 40.62364693368826], [-74.02109852790781, 40.62304311482626]]}, "properties": {"street": "7 AVENUE", "from": "81 STREET", "to": "80 STREET", "side": "E", "zone": "OTHER", "zone_label": "Other", "schedules": ["FRI 11:30AM-1PM"], "all_days": ["FRI"], "color": "#898781"}}, {"type": "Feature", "geometry": {"type": "LineString", "coordinates": [[-74.01460067066924, 40.63759861761518], [-74.01517956584925, 40.63704231928619]]}, "properties": {"street": "6 AVENUE", "from": "61 STREET", "to": "62 STREET", "side": "W", "zone": "THU_FRI", "zone_label": "Thu/Fri", "schedules": ["THU 11:30AM-1PM"], "all_days": ["THU"], "color": "#4a3aa7"}}, {"type": "Feature", "geometry": {"type": "LineString", "coordinates": [[-74.01072764940561, 40.62963001845066], [-74.00936499272261, 40.62879599457167]]}, "properties": {"street": "67 STREET", "from": "FT HAMILTON PARKWAY", "to": "10 AVENUE", "side": "S", "zone": "WED_THU", "zone_label": "Wed/Thu", "schedules": ["THU 9:30AM-11AM"], "all_days": ["THU"], "color": "#e34948"}}, {"type": "Feature", "geometry": {"type": "LineString", "coordinates": [[-74.02594703536653, 40.628685475800125], [-74.0258103516118, 40.628650756706136], [-74.02353227103328, 40.62727535083211]]}, "properties": {"street": "78 STREET", "from": "5 AVENUE", "to": "4 AVENUE", "side": "N", "zone": "THU_FRI", "zone_label": "Thu/Fri", "schedules": ["THU 8:30AM-10AM"], "all_days": ["THU"], "color": "#4a3aa7"}}, {"type": "Feature", "geometry": {"type": "LineString", "coordinates": [[-74.0076913833423, 40.61311696712711], [-74.00794150393568, 40.612875889737225], [-74.00827259225954, 40.61255676643096]]}, "properties": {"street": "15 AVENUE", "from": "84 STREET", "to": "83 STREET", "side": "E", "zone": "MON_TUE", "zone_label": "Mon/Tue", "schedules": ["TUE 11:30AM-1PM"], "all_days": ["TUE"], "color": "#2a78d6"}}, {"type": "Feature", "geometry": {"type": "LineString", "coordinates": [[-74.02033121031492, 40.64200080989925], [-74.02063907871876, 40.6416878752633], [-74.02086456027398, 40.641461875890805], [-74.02091603066968, 40.64140651317318], [-74.0209378743014, 40.641381159964], [-74.02097475976161, 40.641332971368335], [-74.02101081663729, 40.64128583298375], [-74.0210834709797, 40.6411975605519], [-74.02115360999439, 40.64111234058711], [-74.02123790267234, 40.641009891740474], [-74.02140454250504, 40.64078546663026], [-74.02148648534366, 40.6405976784336], [-74.02149989763322, 40.640565998361055], [-74.02153193624318, 40.64049028272912], [-74.021584040658, 40.640351460960275], [-74.02163723705341, 40.64016372502493], [-74.02165393403199, 40.64008506566169], [-74.02165484633575, 40.639845976682984]]}, "properties": {"street": "3 AVENUE", "from": "60 STREET", "to": "61 STREET", "side": "W", "zone": "MON_THU", "zone_label": "Mon/Thu", "schedules": ["MON/THU 12AM-3AM"], "all_days": ["MON", "THU"], "color": "#eda100"}}, {"type": "Feature", "geometry": {"type": "LineString", "coordinates": [[-74.0338657993585, 40.63820460679766], [-74.0320760620445, 40.637650824155656]]}, "properties": {"street": "BAY RIDGE AVENUE", "from": "BLISS TERRACE", "to": "NARROWS AVENUE", "side": "N", "zone": "OTHER", "zone_label": "Other", "schedules": ["MON 9:30AM-11AM"], "all_days": ["MON"], "color": "#898781"}}, {"type": "Feature", "geometry": {"type": "LineString", "coordinates": [[-74.02698618671944, 40.639473851351326], [-74.02765768662444, 40.638832738670324]]}, "properties": {"street": "RIDGE BOULEVARD", "from": "WAKEMAN PLACE", "to": "67 STREET", "side": "W", "zone": "MON_TUE", "zone_label": "Mon/Tue", "schedules": ["MON 9:30AM-11AM"], "all_days": ["MON"], "color": "#2a78d6"}}, {"type": "Feature", "geometry": {"type": "LineString", "coordinates": [[-74.01080723646187, 40.620461711440726], [-74.01109323563104, 40.62018657541628], [-74.01138882605787, 40.6199022073803]]}, "properties": {"street": "12 AVENUE", "from": "78 STREET", "to": "77 STREET", "side": "E", "zone": "WED_FRI", "zone_label": "Wed/Fri", "schedules": ["FRI 8:30AM-10AM"], "all_days": ["FRI"], "color": "#eb6834"}}, {"type": "Feature", "geometry": {"type": "LineString", "coordinates": [[-74.03221827545983, 40.62773919991427], [-74.03251662953981, 40.62700899234127]]}, "properties": {"street": "RIDGE BOULEVARD", "from": "82 STREET", "to": "81 STREET", "side": "E", "zone": "MON_TUE", "zone_label": "Mon/Tue", "schedules": ["TUE 9:30AM-11AM"], "all_days": ["TUE"], "color": "#2a78d6"}}, {"type": "Feature", "geometry": {"type": "LineString", "coordinates": [[-74.00249004304237, 40.62850703125963], [-74.00028918896437, 40.62717740460363]]}, "properties": {"street": "63 STREET", "from": "13 AVENUE", "to": "14 AVENUE", "side": "N", "zone": "WED_THU", "zone_label": "Wed/Thu", "schedules": ["WED 8:30AM-10AM"], "all_days": ["WED"], "color": "#e34948"}}, {"type": "Feature", "geometry": {"type": "LineString", "coordinates": [[-74.0244818841585, 40.63216623882541], [-74.0247533484095, 40.63150458710041]]}, "properties": {"street": "4 AVENUE", "from": "74 STREET", "to": "73 STREET", "side": "E", "zone": "MON_TUE", "zone_label": "Mon/Tue", "schedules": ["TUE 8:30AM-10AM"], "all_days": ["TUE"], "color": "#2a78d6"}}, {"type": "Feature", "geometry": {"type": "LineString", "coordinates": [[-74.01429092750048, 40.630900055277884], [-74.01487195324049, 40.630341398022885]]}, "properties": {"street": "8 AVENUE", "from": "BAY RIDGE AVENUE", "to": "68 STREET", "side": "E", "zone": "WED_THU", "zone_label": "Wed/Thu", "schedules": ["THU 11:30AM-1PM"], "all_days": ["THU"], "color": "#e34948"}}, {"type": "Feature", "geometry": {"type": "LineString", "coordinates": [[-74.01796500123152, 40.63780873785837], [-74.01855417538351, 40.63724470324137]]}, "properties": {"street": "5 AVENUE", "from": "63 STREET", "to": "64 STREET", "side": "W", "zone": "OTHER", "zone_label": "Other", "schedules": ["THU 7:30AM-8AM"], "all_days": ["THU"], "color": "#898781"}}, {"type": "Feature", "geometry": {"type": "LineString", "coordinates": [[-74.00092833354265, 40.62661211896459], [-74.00155506575265, 40.62601107844559]]}, "properties": {"street": "13 AVENUE", "from": "64 STREET", "to": "65 STREET", "side": "W", "zone": "WED_THU", "zone_label": "Wed/Thu", "schedules": ["WED 8:30AM-10AM"], "all_days": ["WED"], "color": "#e34948"}}, {"type": "Feature", "geometry": {"type": "LineString", "coordinates": [[-74.0027865039982, 40.600234633718735], [-74.0020793682362, 40.59974960954173]]}, "properties": {"street": "CROPSEY AVENUE", "from": "BAY   25 STREET", "to": "20 AVENUE", "side": "N", "zone": "DAILY", "zone_label": "Daily (except Sun)", "schedules": ["WED 9:30AM-11AM"], "all_days": ["WED"], "color": "#e87ba4"}}, {"type": "Feature", "geometry": {"type": "LineString", "coordinates": [[-74.00132224807396, 40.61089365353114], [-74.00184243734496, 40.61036404953715]]}, "properties": {"street": "BAY   16 STREET", "from": "NEW UTRECHT AVENUE", "to": "82 STREET", "side": "E", "zone": "MON_TUE", "zone_label": "Mon/Tue", "schedules": ["TUE 11:30AM-1PM"], "all_days": ["TUE"], "color": "#2a78d6"}}, {"type": "Feature", "geometry": {"type": "LineString", "coordinates": [[-74.03460172049085, 40.62910454989673], [-74.03489931029686, 40.62837393121873]]}, "properties": {"street": "COLONIAL ROAD", "from": "82 STREET", "to": "81 STREET", "side": "E", "zone": "MON_TUE", "zone_label": "Mon/Tue", "schedules": ["TUE 9:30AM-11AM"], "all_days": ["TUE"], "color": "#2a78d6"}}, {"type": "Feature", "geometry": {"type": "LineString", "coordinates": [[-74.0312852837761, 40.637336436664185], [-74.0286747734671, 40.63652513698618]]}, "properties": {"street": "BAY RIDGE AVENUE", "from": "COLONIAL ROAD", "to": "RIDGE BOULEVARD", "side": "S", "zone": "MON_TUE", "zone_label": "Mon/Tue", "schedules": ["TUE 9:30AM-11AM"], "all_days": ["TUE"], "color": "#2a78d6"}}, {"type": "Feature", "geometry": {"type": "LineString", "coordinates": [[-74.0138821726217, 40.6140852436261], [-74.0116876229967, 40.6127679111111]]}, "properties": {"street": "86 STREET", "from": "14 AVENUE", "to": "13 AVENUE", "side": "N", "zone": "OTHER", "zone_label": "Other", "schedules": ["WED 8:30AM-10AM"], "all_days": ["WED"], "color": "#898781"}}, {"type": "Feature", "geometry": {"type": "LineString", "coordinates": [[-74.02912889561134, 40.640763772929326], [-74.02936238003088, 40.640537206097946], [-74.02968185159843, 40.640227192632], [-74.03029100917902, 40.639636077152055]]}, "properties": {"street": "COLONIAL ROAD", "from": "67 STREET", "to": "WAKEMAN PLACE", "side": "E", "zone": "MON_TUE", "zone_label": "Mon/Tue", "schedules": ["TUE 9:30AM-11AM"], "all_days": ["TUE"], "color": "#2a78d6"}}, {"type": "Feature", "geometry": {"type": "LineString", "coordinates": [[-74.0096056398354, 40.62166724467424], [-74.0074021741664, 40.62033646615824]]}, "properties": {"street": "BAY RIDGE PARKWAY", "from": "13 AVENUE", "to": "12 AVENUE", "side": "N", "zone": "WED_FRI", "zone_label": "Wed/Fri", "schedules": ["WED 8:30AM-10AM"], "all_days": ["WED"], "color": "#eb6834"}}, {"type": "Feature", "geometry": {"type": "LineString", "coordinates": [[-74.01301624105527, 40.62183569429427], [-74.01081396636327, 40.62050579072127]]}, "properties": {"street": "77 STREET", "from": "11 AVENUE", "to": "12 AVENUE", "side": "N", "zone": "WED_FRI", "zone_label": "Wed/Fri", "schedules": ["WED 9:30AM-11AM"], "all_days": ["WED"], "color": "#eb6834"}}, {"type": "Feature", "geometry": {"type": "LineString", "coordinates": [[-74.01737780436832, 40.63074606923915], [-74.01760055902231, 40.63014834212215]]}, "properties": {"street": "7 AVENUE", "from": "OVINGTON AVENUE", "to": "71 STREET", "side": "W", "zone": "OTHER", "zone_label": "Other", "schedules": ["MON 11:30AM-1PM"], "all_days": ["MON"], "color": "#898781"}}, {"type": "Feature", "geometry": {"type": "LineString", "coordinates": [[-74.02597194922348, 40.62862550417587], [-74.0258609314482, 40.62860095180186], [-74.02358385234473, 40.6272261411079]]}, "properties": {"street": "78 STREET", "from": "5 AVENUE", "to": "4 AVENUE", "side": "S", "zone": "THU_FRI", "zone_label": "Thu/Fri", "schedules": ["FRI 8:30AM-10AM"], "all_days": ["FRI"], "color": "#4a3aa7"}}, {"type": "Feature", "geometry": {"type": "LineString", "coordinates": [[-74.00802926556801, 40.619733096904234], [-74.00582869616902, 40.618403296120235]]}, "properties": {"street": "76 STREET", "from": "14 AVENUE", "to": "13 AVENUE", "side": "N", "zone": "WED_FRI", "zone_label": "Wed/Fri", "schedules": ["WED 8:30AM-10AM"], "all_days": ["WED"], "color": "#eb6834"}}, {"type": "Feature", "geometry": {"type": "LineString", "coordinates": [[-74.01967267598096, 40.636069098883844], [-74.02009543134895, 40.63566253353185]]}, "properties": {"street": "5 AVENUE", "from": "66 STREET", "to": "65 STREET", "side": "E", "zone": "MON_TUE", "zone_label": "Mon/Tue", "schedules": ["TUE 8:30AM-10AM"], "all_days": ["TUE"], "color": "#2a78d6"}}, {"type": "Feature", "geometry": {"type": "LineString", "coordinates": [[-74.01800464937307, 40.62482004401348], [-74.01864341418707, 40.62440119751548]]}, "properties": {"street": "FORT HAMILTON PARKWAY", "from": "78 STREET", "to": "77 STREET", "side": "E", "zone": "OTHER", "zone_label": "Other", "schedules": ["FRI 11:30AM-1PM"], "all_days": ["FRI"], "color": "#898781"}}, {"type": "Feature", "geometry": {"type": "LineString", "coordinates": [[-74.01274412241993, 40.639284408837185], [-74.01332543390292, 40.63872408510118]]}, "properties": {"street": "6 AVENUE", "from": "59 STREET", "to": "58 STREET", "side": "E", "zone": "THU_FRI", "zone_label": "Thu/Fri", "schedules": ["FRI 11:30AM-1PM"], "all_days": ["FRI"], "color": "#4a3aa7"}}, {"type": "Feature", "geometry": {"type": "LineString", "coordinates": [[-74.00081181738044, 40.60098886787925], [-74.00013633943445, 40.60052344485625]]}, "properties": {"street": "BATH AVENUE", "from": "21 AVENUE", "to": "BAY   26 STREET", "side": "N", "zone": "OTHER", "zone_label": "Other", "schedules": ["MON 7:30AM-8AM"], "all_days": ["MON"], "color": "#898781"}}, {"type": "Feature", "geometry": {"type": "LineString", "coordinates": [[-74.00757355214603, 40.61672727014864], [-74.00537225163703, 40.61539568613863]]}, "properties": {"street": "79 STREET", "from": "14 AVENUE", "to": "15 AVENUE", "side": "N", "zone": "THU_FRI", "zone_label": "Thu/Fri", "schedules": ["THU 11:30AM-1PM"], "all_days": ["THU"], "color": "#4a3aa7"}}, {"type": "Feature", "geometry": {"type": "LineString", "coordinates": [[-74.00905395385595, 40.60841068622746], [-74.00822817209496, 40.607913921892454]]}, "properties": {"street": "BENSON AVENUE", "from": "BAY   13 STREET", "to": "16 AVENUE", "side": "N", "zone": "MON_TUE", "zone_label": "Mon/Tue", "schedules": ["MON 11:30AM-1PM"], "all_days": ["MON"], "color": "#2a78d6"}}, {"type": "Feature", "geometry": {"type": "LineString", "coordinates": [[-74.02630404658605, 40.62793743680042], [-74.02660152074705, 40.62720466038142]]}, "properties": {"street": "4 AVENUE", "from": "79 STREET", "to": "80 STREET", "side": "W", "zone": "THU_FRI", "zone_label": "Thu/Fri", "schedules": ["THU 8:30AM-10AM"], "all_days": ["THU"], "color": "#4a3aa7"}}, {"type": "Feature", "geometry": {"type": "LineString", "coordinates": [[-74.02543367770438, 40.637138996244765], [-74.02562790400938, 40.63666664001277]]}, "properties": {"street": "3 AVENUE", "from": "68 STREET", "to": "SENATOR STREET", "side": "E", "zone": "MON_TUE", "zone_label": "Mon/Tue", "schedules": ["TUE 8:30AM-10AM"], "all_days": ["TUE"], "color": "#2a78d6"}}, {"type": "Feature", "geometry": {"type": "LineString", "coordinates": [[-74.02773953704406, 40.63992208451827], [-74.0279301877507, 40.6397383954059], [-74.02857327152604, 40.63911880740428]]}, "properties": {"street": "BERGEN PLACE", "from": "WAKEMAN PLACE", "to": "67 STREET", "side": "W", "zone": "MON_TUE", "zone_label": "Mon/Tue", "schedules": ["MON 9:30AM-11AM"], "all_days": ["MON"], "color": "#2a78d6"}}, {"type": "Feature", "geometry": {"type": "LineString", "coordinates": [[-74.00738343970978, 40.63414723641154], [-74.00559197636379, 40.63306678593554]]}, "properties": {"street": "60 STREET", "from": "9 AVENUE", "to": "FT HAMILTON PARKWAY", "side": "S", "zone": "MON_THU", "zone_label": "Mon/Thu", "schedules": ["THU 9:30AM-11AM"], "all_days": ["THU"], "color": "#eda100"}}, {"type": "Feature", "geometry": {"type": "LineString", "coordinates": [[-74.01035812031819, 40.61749656500851], [-74.0081524023742, 40.61616601628751]]}, "properties": {"street": "80 STREET", "from": "14 AVENUE", "to": "13 AVENUE", "side": "N", "zone": "WED_FRI", "zone_label": "Wed/Fri", "schedules": ["WED 8:30AM-10AM"], "all_days": ["WED"], "color": "#eb6834"}}, {"type": "Feature", "geometry": {"type": "LineString", "coordinates": [[-74.03030767786422, 40.63968445597331], [-74.0293951573482, 40.639395194223304]]}, "properties": {"street": "67 STREET", "from": "SEDGWICK PLACE", "to": "COLONIAL ROAD", "side": "N", "zone": "OTHER", "zone_label": "Other", "schedules": ["MON 9:30AM-11AM"], "all_days": ["MON"], "color": "#898781"}}, {"type": "Feature", "geometry": {"type": "LineString", "coordinates": [[-74.02419947546541, 40.63285784814363], [-74.02448186716441, 40.63216627938663]]}, "properties": {"street": "4 AVENUE", "from": "73 STREET", "to": "72 STREET", "side": "E", "zone": "MON_TUE", "zone_label": "Mon/Tue", "schedules": ["TUE 8:30AM-10AM"], "all_days": ["TUE"], "color": "#2a78d6"}}, {"type": "Feature", "geometry": {"type": "LineString", "coordinates": [[-74.0027050150763, 40.624854309905125], [-74.0005053397663, 40.62352274183712]]}, "properties": {"street": "67 STREET", "from": "14 AVENUE", "to": "15 AVENUE", "side": "N", "zone": "THU_FRI", "zone_label": "Thu/Fri", "schedules": ["THU 11:30AM-1PM"], "all_days": ["THU"], "color": "#4a3aa7"}}, {"type": "Feature", "geometry": {"type": "LineString", "coordinates": [[-74.00549053626258, 40.61178664133596], [-74.00574943744326, 40.61153886575475], [-74.00598315578576, 40.611313834566715]]}, "properties": {"street": "16 AVENUE", "from": "84 STREET", "to": "83 STREET", "side": "E", "zone": "MON_TUE", "zone_label": "Mon/Tue", "schedules": ["MON 11:30AM-1PM"], "all_days": ["MON"], "color": "#2a78d6"}}, {"type": "Feature", "geometry": {"type": "LineString", "coordinates": [[-74.00827928667455, 40.61260078908174], [-74.00787696434203, 40.61235688959615], [-74.00708186542315, 40.61192533924647], [-74.00599228735221, 40.611359247205655]]}, "properties": {"street": "84 STREET", "from": "16 AVENUE", "to": "15 AVENUE", "side": "N", "zone": "MON_TUE", "zone_label": "Mon/Tue", "schedules": ["MON 11:30AM-1PM"], "all_days": ["MON"], "color": "#2a78d6"}}, {"type": "Feature", "geometry": {"type": "LineString", "coordinates": [[-74.01280281931678, 40.62548856256946], [-74.01059961367977, 40.62415834104146]]}, "properties": {"street": "73 STREET", "from": "10 AVENUE", "to": "11 AVENUE", "side": "N", "zone": "WED_THU", "zone_label": "Wed/Thu", "schedules": ["WED 9:30AM-11AM"], "all_days": ["WED"], "color": "#e34948"}}, {"type": "Feature", "geometry": {"type": "LineString", "coordinates": [[-74.03468087836313, 40.62912312137127], [-74.03497846816914, 40.62839250269327]]}, "properties": {"street": "COLONIAL ROAD", "from": "80 STREET", "to": "81 STREET", "side": "W", "zone": "MON_TUE", "zone_label": "Mon/Tue", "schedules": ["MON 9:30AM-11AM"], "all_days": ["MON"], "color": "#2a78d6"}}, {"type": "Feature", "geometry": {"type": "LineString", "coordinates": [[-74.01249216389056, 40.62238975831074], [-74.01307452551555, 40.62183058795774]]}, "properties": {"street": "11 AVENUE", "from": "76 STREET", "to": "77 STREET", "side": "W", "zone": "WED_FRI", "zone_label": "Wed/Fri", "schedules": ["WED 9:30AM-11AM"], "all_days": ["WED"], "color": "#eb6834"}}, {"type": "Feature", "geometry": {"type": "LineString", "coordinates": [[-74.00519543896051, 40.61896189796794], [-74.00582197855252, 40.61835922156394]]}, "properties": {"street": "14 AVENUE", "from": "76 STREET", "to": "BAY RIDGE PARKWAY", "side": "E", "zone": "WED_FRI", "zone_label": "Wed/Fri", "schedules": ["FRI 8:30AM-10AM"], "all_days": ["FRI"], "color": "#eb6834"}}, {"type": "Feature", "geometry": {"type": "LineString", "coordinates": [[-74.02333936335894, 40.64287707619174], [-74.02392444792893, 40.64231552746573]]}, "properties": {"street": "2 AVENUE", "from": "62 STREET", "to": "61 STREET", "side": "E", "zone": "OTHER", "zone_label": "Other", "schedules": ["MON 9:30AM-11AM"], "all_days": ["MON"], "color": "#898781"}}, {"type": "Feature", "geometry": {"type": "LineString", "coordinates": [[-74.0003583914148, 40.61416696494699], [-74.0005877629078, 40.61339593811099]]}, "properties": {"street": "NEW UTRECHT AVENUE", "from": "78 STREET", "to": "77 STREET", "side": "E", "zone": "DAILY", "zone_label": "Daily (except Sun)", "schedules": ["MON/TUE/WED/THU/FRI/SAT 6:30AM-7AM"], "all_days": ["MON", "TUE", "WED", "THU", "FRI", "SAT"], "color": "#e87ba4"}}, {"type": "Feature", "geometry": {"type": "LineString", "coordinates": [[-74.03107440884871, 40.630639237494805], [-74.0283937432267, 40.630000966661804]]}, "properties": {"street": "77 STREET", "from": "RIDGE BOULEVARD", "to": "3 AVENUE", "side": "S", "zone": "THU_FRI", "zone_label": "Thu/Fri", "schedules": ["FRI 8:30AM-10AM"], "all_days": ["FRI"], "color": "#4a3aa7"}}, {"type": "Feature", "geometry": {"type": "LineString", "coordinates": [[-74.02116816495082, 40.62307717823167], [-74.02168621128482, 40.62247403899667]]}, "properties": {"street": "7 AVENUE", "from": "81 STREET", "to": "82 STREET", "side": "W", "zone": "THU_FRI", "zone_label": "Thu/Fri", "schedules": ["THU 11:30AM-1PM"], "all_days": ["THU"], "color": "#4a3aa7"}}, {"type": "Feature", "geometry": {"type": "LineString", "coordinates": [[-74.02278093077344, 40.61647856670112], [-74.02392632576844, 40.615151758304116]]}, "properties": {"street": "PARROTT PLACE", "from": "90 STREET", "to": "92 STREET", "side": "E", "zone": "MON_TUE", "zone_label": "Mon/Tue", "schedules": ["TUE 11:30AM-1PM"], "all_days": ["TUE"], "color": "#2a78d6"}}, {"type": "Feature", "geometry": {"type": "LineString", "coordinates": [[-74.00146200657038, 40.59923337303175], [-74.00075048401438, 40.59874988898675]]}, "properties": {"street": "CROPSEY AVENUE", "from": "BAY   25 STREET", "to": "21 AVENUE", "side": "S", "zone": "OTHER", "zone_label": "Other", "schedules": ["FRI 9:30AM-11AM"], "all_days": ["FRI"], "color": "#898781"}}, {"type": "Feature", "geometry": {"type": "LineString", "coordinates": [[-74.01159987734003, 40.607176501416895], [-74.01318985358003, 40.605649378821894]]}, "properties": {"street": "BAY   11 STREET", "from": "CROPSEY AVENUE", "to": "BATH AVENUE", "side": "W", "zone": "MON_TUE", "zone_label": "Mon/Tue", "schedules": ["MON 11:30AM-1PM"], "all_days": ["MON"], "color": "#2a78d6"}}, {"type": "Feature", "geometry": {"type": "LineString", "coordinates": [[-74.00879978640732, 40.61098393195754], [-74.0091489855536, 40.61064912651296], [-74.00968727447545, 40.61013302097925], [-74.01025003525946, 40.60959345128905], [-74.01057079547004, 40.609285893949995]]}, "properties": {"street": "BAY   10 STREET", "from": "86 STREET", "to": "BENSON AVENUE", "side": "W", "zone": "WED_FRI", "zone_label": "Wed/Fri", "schedules": ["WED 11:30AM-1PM"], "all_days": ["WED"], "color": "#eb6834"}}, {"type": "Feature", "geometry": {"type": "LineString", "coordinates": [[-74.0145157417384, 40.60893815191342], [-74.0162700962264, 40.60726103768942]]}, "properties": {"street": "BAY    7 STREET", "from": "CROPSEY AVENUE", "to": "BATH AVENUE", "side": "W", "zone": "WED_FRI", "zone_label": "Wed/Fri", "schedules": ["WED 11:30AM-1PM"], "all_days": ["WED"], "color": "#eb6834"}}, {"type": "Feature", "geometry": {"type": "LineString", "coordinates": [[-74.0143559649975, 40.63093901474611], [-74.01493699073751, 40.63038035749111]]}, "properties": {"street": "8 AVENUE", "from": "68 STREET", "to": "BAY RIDGE AVENUE", "side": "W", "zone": "WED_THU", "zone_label": "Wed/Thu", "schedules": ["WED 11:30AM-1PM"], "all_days": ["WED"], "color": "#e34948"}}, {"type": "Feature", "geometry": {"type": "LineString", "coordinates": [[-74.01325912012038, 40.64228880086158], [-74.01105594117237, 40.64095951722058]]}, "properties": {"street": "55 STREET", "from": "6 AVENUE", "to": "5 AVENUE", "side": "S", "zone": "DAILY", "zone_label": "Daily (except Sun)", "schedules": ["MON/TUE/WED/THU/FRI/SAT 8:30AM-9AM", "WED 8:30AM-10AM"], "all_days": ["MON", "TUE", "WED", "THU", "FRI", "SAT"], "color": "#e87ba4"}}, {"type": "Feature", "geometry": {"type": "LineString", "coordinates": [[-74.00821692195157, 40.64023784467712], [-74.00758234353222, 40.63985487025794], [-74.00601703173962, 40.63891016580457]]}, "properties": {"street": "54 STREET", "from": "7 AVENUE", "to": "8 AVENUE", "side": "N", "zone": "DAILY", "zone_label": "Daily (except Sun)", "schedules": ["MON/TUE/WED/THU/FRI/SAT 9AM-9:30AM", "THU 11:30AM-1PM"], "all_days": ["MON", "TUE", "WED", "THU", "FRI", "SAT"], "color": "#e87ba4"}}, {"type": "Feature", "geometry": {"type": "LineString", "coordinates": [[-74.00042605018976, 40.60592320668654], [-74.00259949943076, 40.60383517275354]]}, "properties": {"street": "19 AVENUE", "from": "BENSON AVENUE", "to": "86 STREET", "side": "E", "zone": "OTHER", "zone_label": "Other", "schedules": ["WED 8:30AM-10AM"], "all_days": ["WED"], "color": "#898781"}}, {"type": "Feature", "geometry": {"type": "LineString", "coordinates": [[-74.00938404033496, 40.63911756673019], [-74.00846637133573, 40.638563404705636], [-74.00819055924357, 40.63839683764061], [-74.00809664518465, 40.63834012086029], [-74.00718140913315, 40.63778740702238]]}, "properties": {"street": "56 STREET", "from": "7 AVENUE", "to": "8 AVENUE", "side": "N", "zone": "DAILY", "zone_label": "Daily (except Sun)", "schedules": ["MON/TUE/WED/THU/FRI/SAT 9AM-9:30AM", "THU 11:30AM-1PM"], "all_days": ["MON", "TUE", "WED", "THU", "FRI", "SAT"], "color": "#e87ba4"}}, {"type": "Feature", "geometry": {"type": "LineString", "coordinates": [[-74.01199665835291, 40.610189592881774], [-74.01125396615592, 40.60973892134077]]}, "properties": {"street": "BENSON AVENUE", "from": "15 AVENUE", "to": "BAY    8 STREET", "side": "N", "zone": "WED_FRI", "zone_label": "Wed/Fri", "schedules": ["WED 11:30AM-1PM"], "all_days": ["WED"], "color": "#eb6834"}}, {"type": "Feature", "geometry": {"type": "LineString", "coordinates": [[-74.0027633593573, 40.624849209521585], [-74.0034900160153, 40.62415048514858]]}, "properties": {"street": "13 AVENUE", "from": "67 STREET", "to": "OVINGTON AVENUE", "side": "W", "zone": "WED_THU", "zone_label": "Wed/Thu", "schedules": ["WED 8:30AM-10AM"], "all_days": ["WED"], "color": "#e34948"}}, {"type": "Feature", "geometry": {"type": "LineString", "coordinates": [[-74.00485009507801, 40.63361185538597], [-74.00559358010301, 40.63311499646797]]}, "properties": {"street": "FORT HAMILTON PARKWAY", "from": "59 STREET", "to": "60 STREET", "side": "W", "zone": "OTHER", "zone_label": "Other", "schedules": ["MON/TUE/WED/THU/FRI 8:30AM-9AM"], "all_days": ["MON", "TUE", "WED", "THU", "FRI"], "color": "#898781"}}, {"type": "Feature", "geometry": {"type": "LineString", "coordinates": [[-74.00485009507801, 40.63361185538597], [-74.00559358010301, 40.63311499646797]]}, "properties": {"street": "FORT HAMILTON PARKWAY", "from": "60 STREET", "to": "59 STREET", "side": "E", "zone": "OTHER", "zone_label": "Other", "schedules": ["MON/TUE/WED/THU/FRI 8:30AM-9AM"], "all_days": ["MON", "TUE", "WED", "THU", "FRI"], "color": "#898781"}}, {"type": "Feature", "geometry": {"type": "LineString", "coordinates": [[-74.00055378426462, 40.63648749299066], [-74.00126922311362, 40.636009393179656]]}, "properties": {"street": "FORT HAMILTON PARKWAY", "from": "54 STREET", "to": "53 STREET", "side": "E", "zone": "MON_THU", "zone_label": "Mon/Thu", "schedules": ["THU 8:30AM-10AM"], "all_days": ["THU"], "color": "#eda100"}}, {"type": "Feature", "geometry": {"type": "LineString", "coordinates": [[-74.01714348712733, 40.641939852887674], [-74.01771094505432, 40.64138960330367]]}, "properties": {"street": "4 AVENUE", "from": "59 STREET", "to": "58 STREET", "side": "E", "zone": "OTHER", "zone_label": "Other", "schedules": ["FRI 9:30AM-11AM"], "all_days": ["FRI"], "color": "#898781"}}, {"type": "Feature", "geometry": {"type": "LineString", "coordinates": [[-74.0082102005563, 40.6401937474257], [-74.00879360329031, 40.639633365258696]]}, "properties": {"street": "7 AVENUE", "from": "55 STREET", "to": "54 STREET", "side": "E", "zone": "THU_FRI", "zone_label": "Thu/Fri", "schedules": ["THU 11:30AM-1PM"], "all_days": ["THU"], "color": "#4a3aa7"}}, {"type": "Feature", "geometry": {"type": "LineString", "coordinates": [[-74.0062057070684, 40.603914231995546], [-74.0074932648054, 40.602673308643546]]}, "properties": {"street": "18 AVENUE", "from": "BATH AVENUE", "to": "CROPSEY AVENUE", "side": "W", "zone": "OTHER", "zone_label": "Other", "schedules": ["MON 8AM-8:30AM", "SAT 8AM-8:30AM"], "all_days": ["MON", "SAT"], "color": "#898781"}}, {"type": "Feature", "geometry": {"type": "LineString", "coordinates": [[-74.00049103116825, 40.605962195685464], [-74.00266448040925, 40.603874161752465]]}, "properties": {"street": "19 AVENUE", "from": "86 STREET", "to": "BENSON AVENUE", "side": "W", "zone": "OTHER", "zone_label": "Other", "schedules": ["TUE 8:30AM-10AM"], "all_days": ["TUE"], "color": "#898781"}}, {"type": "Feature", "geometry": {"type": "LineString", "coordinates": [[-74.0026983287287, 40.62481024928242], [-74.0034249853867, 40.62411152490942]]}, "properties": {"street": "13 AVENUE", "from": "OVINGTON AVENUE", "to": "67 STREET", "side": "E", "zone": "WED_THU", "zone_label": "Wed/Thu", "schedules": ["THU 8:30AM-10AM"], "all_days": ["THU"], "color": "#e34948"}}, {"type": "Feature", "geometry": {"type": "LineString", "coordinates": [[-74.0038313949664, 40.60270209974466], [-74.0030452238244, 40.60229437563366]]}, "properties": {"street": "BATH AVENUE", "from": "BAY   22 STREET", "to": "19 AVENUE", "side": "N", "zone": "OTHER", "zone_label": "Other", "schedules": ["MON/TUE/THU/FRI 7:30AM-8AM"], "all_days": ["MON", "TUE", "THU", "FRI"], "color": "#898781"}}, {"type": "Feature", "geometry": {"type": "LineString", "coordinates": [[-74.02692798325974, 40.6394789097457], [-74.02472991118874, 40.6381542636087]]}, "properties": {"street": "WAKEMAN PLACE", "from": "RIDGE BOULEVARD", "to": "3 AVENUE", "side": "N", "zone": "MON_TUE", "zone_label": "Mon/Tue", "schedules": ["MON 8:30AM-10AM"], "all_days": ["MON"], "color": "#2a78d6"}}, {"type": "Feature", "geometry": {"type": "LineString", "coordinates": [[-74.00879362154012, 40.639633348003215], [-74.00937734596512, 40.639073457861215]]}, "properties": {"street": "7 AVENUE", "from": "56 STREET", "to": "55 STREET", "side": "E", "zone": "THU_FRI", "zone_label": "Thu/Fri", "schedules": ["THU 11:30AM-1PM"], "all_days": ["THU"], "color": "#4a3aa7"}}, {"type": "Feature", "geometry": {"type": "LineString", "coordinates": [[-74.0148845062026, 40.61659071204746], [-74.0126836907706, 40.615260843900465]]}, "properties": {"street": "84 STREET", "from": "13 AVENUE", "to": "12 AVENUE", "side": "N", "zone": "WED_FRI", "zone_label": "Wed/Fri", "schedules": ["WED 8:30AM-10AM"], "all_days": ["WED"], "color": "#eb6834"}}, {"type": "Feature", "geometry": {"type": "LineString", "coordinates": [[-74.00885191519438, 40.63962825326115], [-74.00809370190825, 40.63917041351838], [-74.00664969189874, 40.63829842495717]]}, "properties": {"street": "55 STREET", "from": "8 AVENUE", "to": "7 AVENUE", "side": "S", "zone": "DAILY", "zone_label": "Daily (except Sun)", "schedules": ["FRI 11:30AM-1PM", "MON/TUE/WED/THU/FRI/SAT 8:30AM-9AM"], "all_days": ["MON", "TUE", "WED", "THU", "FRI", "SAT"], "color": "#e87ba4"}}, {"type": "Feature", "geometry": {"type": "LineString", "coordinates": [[-74.01054112303564, 40.63795341734552], [-74.01112351746464, 40.63739312265353]]}, "properties": {"street": "7 AVENUE", "from": "59 STREET", "to": "58 STREET", "side": "E", "zone": "THU_FRI", "zone_label": "Thu/Fri", "schedules": ["THU 11:30AM-1PM"], "all_days": ["THU"], "color": "#4a3aa7"}}, {"type": "Feature", "geometry": {"type": "LineString", "coordinates": [[-74.00416434985571, 40.63034757375058], [-74.00371304202451, 40.63007538903855], [-74.00308861019946, 40.62969878368721], [-74.00195718410917, 40.629016376202095]]}, "properties": {"street": "62 STREET", "from": "11 AVENUE", "to": "12 AVENUE", "side": "S", "zone": "WED_THU", "zone_label": "Wed/Thu", "schedules": ["THU 9:30AM-11AM"], "all_days": ["THU"], "color": "#e34948"}}, {"type": "Feature", "geometry": {"type": "LineString", "coordinates": [[-74.00229202058797, 40.60189932206659], [-74.00152240797397, 40.601475666213595]]}, "properties": {"street": "BATH AVENUE", "from": "20 AVENUE", "to": "BAY   23 STREET", "side": "N", "zone": "OTHER", "zone_label": "Other", "schedules": ["MON/TUE/THU/FRI 7:30AM-8AM"], "all_days": ["MON", "TUE", "THU", "FRI"], "color": "#898781"}}, {"type": "Feature", "geometry": {"type": "LineString", "coordinates": [[-74.00490330233082, 40.60506312061106], [-74.00614069658081, 40.60387527195306]]}, "properties": {"street": "18 AVENUE", "from": "BATH AVENUE", "to": "BENSON AVENUE", "side": "E", "zone": "DAILY", "zone_label": "Daily (except Sun)", "schedules": ["MON/TUE/WED/THU/FRI/SAT 8AM-8:30AM", "TUE 8AM-8:30AM"], "all_days": ["MON", "TUE", "WED", "THU", "FRI", "SAT"], "color": "#e87ba4"}}, {"type": "Feature", "geometry": {"type": "LineString", "coordinates": [[-74.00549719000936, 40.61183077897321], [-74.00304414969436, 40.610348351610206]]}, "properties": {"street": "83 STREET", "from": "16 AVENUE", "to": "17 AVENUE", "side": "N", "zone": "MON_TUE", "zone_label": "Mon/Tue", "schedules": ["MON 11:30AM-1PM"], "all_days": ["MON"], "color": "#2a78d6"}}, {"type": "Feature", "geometry": {"type": "LineString", "coordinates": [[-74.03403054180036, 40.63060326869356], [-74.03134887277037, 40.62996875107256]]}, "properties": {"street": "78 STREET", "from": "RIDGE BOULEVARD", "to": "COLONIAL ROAD", "side": "N", "zone": "THU_FRI", "zone_label": "Thu/Fri", "schedules": ["THU 9:30AM-11AM"], "all_days": ["THU"], "color": "#4a3aa7"}}, {"type": "Feature", "geometry": {"type": "LineString", "coordinates": [[-74.02796583261642, 40.63814318196664], [-74.02824132276841, 40.63746658159364]]}, "properties": {"street": "RIDGE BOULEVARD", "from": "68 STREET", "to": "SENATOR STREET", "side": "E", "zone": "MON_TUE", "zone_label": "Mon/Tue", "schedules": ["TUE 9:30AM-11AM"], "all_days": ["TUE"], "color": "#2a78d6"}}, {"type": "Feature", "geometry": {"type": "LineString", "coordinates": [[-74.01193531468115, 40.63321801583511], [-74.00973125517316, 40.63188846186512]]}, "properties": {"street": "64 STREET", "from": "8 AVENUE", "to": "9 AVENUE", "side": "S", "zone": "WED_THU", "zone_label": "Wed/Thu", "schedules": ["THU 11:30AM-1PM"], "all_days": ["THU"], "color": "#e34948"}}, {"type": "Feature", "geometry": {"type": "LineString", "coordinates": [[-74.00563024099561, 40.6254876741209], [-74.00343165723262, 40.6241555768979]]}, "properties": {"street": "OVINGTON AVENUE", "from": "13 AVENUE", "to": "12 AVENUE", "side": "N", "zone": "WED_THU", "zone_label": "Wed/Thu", "schedules": ["WED 8:30AM-10AM"], "all_days": ["WED"], "color": "#e34948"}}, {"type": "Feature", "geometry": {"type": "LineString", "coordinates": [[-74.02507957996026, 40.63080928455095], [-74.02493852963737, 40.630840672255296], [-74.02266499373674, 40.62946988589957]]}, "properties": {"street": "BAY RIDGE PARKWAY", "from": "4 AVENUE", "to": "5 AVENUE", "side": "S", "zone": "THU_FRI", "zone_label": "Thu/Fri", "schedules": ["FRI 8:30AM-10AM"], "all_days": ["FRI"], "color": "#4a3aa7"}}, {"type": "Feature", "geometry": {"type": "LineString", "coordinates": [[-74.03408416267077, 40.62338076102446], [-74.03436347581177, 40.622699776291455]]}, "properties": {"street": "RIDGE BOULEVARD", "from": "87 STREET", "to": "88 STREET", "side": "W", "zone": "THU_FRI", "zone_label": "Thu/Fri", "schedules": ["FRI 8:30AM-10AM"], "all_days": ["FRI"], "color": "#4a3aa7"}}, {"type": "Feature", "geometry": {"type": "LineString", "coordinates": [[-74.0280691314587, 40.630792388857586], [-74.02534992010969, 40.63014758240858]]}, "properties": {"street": "76 STREET", "from": "4 AVENUE", "to": "3 AVENUE", "side": "N", "zone": "THU_FRI", "zone_label": "Thu/Fri", "schedules": ["THU 8:30AM-10AM"], "all_days": ["THU"], "color": "#4a3aa7"}}, {"type": "Feature", "geometry": {"type": "LineString", "coordinates": [[-74.01573675538506, 40.626326892987116], [-74.01651629731606, 40.62580715643611]]}, "properties": {"street": "FORT HAMILTON PARKWAY", "from": "BAY RIDGE PARKWAY", "to": "74 STREET", "side": "E", "zone": "OTHER", "zone_label": "Other", "schedules": ["THU 11:30AM-1PM"], "all_days": ["THU"], "color": "#898781"}}, {"type": "Feature", "geometry": {"type": "LineString", "coordinates": [[-74.02283747287865, 40.614597146143595], [-74.0230258182659, 40.61413672676159], [-74.02389266725234, 40.61201758343431], [-74.02461940948719, 40.61024084438553]]}, "properties": {"street": "7 AVENUE", "from": "92 STREET", "to": "POLY PLACE", "side": "W", "zone": "OTHER", "zone_label": "Other", "schedules": ["MON 11:30AM-1PM"], "all_days": ["MON"], "color": "#898781"}}, {"type": "Feature", "geometry": {"type": "LineString", "coordinates": [[-74.03072143618957, 40.62430647401995], [-74.02800397396057, 40.62366071184195]]}, "properties": {"street": "85 STREET", "from": "3 AVENUE", "to": "4 AVENUE", "side": "S", "zone": "MON_TUE", "zone_label": "Mon/Tue", "schedules": ["TUE 8:30AM-10AM"], "all_days": ["TUE"], "color": "#2a78d6"}}, {"type": "Feature", "geometry": {"type": "LineString", "coordinates": [[-74.02632692305394, 40.6182444839847], [-74.02745552760395, 40.61697487857669]]}, "properties": {"street": "FORT HAMILTON PARKWAY", "from": "92 STREET", "to": "90 STREET", "side": "E", "zone": "THU_FRI", "zone_label": "Thu/Fri", "schedules": ["THU 11:30AM-1PM"], "all_days": ["THU"], "color": "#4a3aa7"}}, {"type": "Feature", "geometry": {"type": "LineString", "coordinates": [[-74.02443327246287, 40.6204275384973], [-74.02480566742256, 40.62000334037875], [-74.02490620792938, 40.61988881710914], [-74.02499897462356, 40.619783148052576], [-74.02509751692604, 40.619670895041374], [-74.02533999894527, 40.619394670193905]]}, "properties": {"street": "FORT HAMILTON PARKWAY", "from": "88 STREET", "to": "86 STREET", "side": "E", "zone": "THU_FRI", "zone_label": "Thu/Fri", "schedules": ["THU 11:30AM-1PM"], "all_days": ["THU"], "color": "#4a3aa7"}}, {"type": "Feature", "geometry": {"type": "LineString", "coordinates": [[-74.02770946486245, 40.624334233402124], [-74.02715999385703, 40.62400259484007], [-74.02532038240192, 40.62289222320294]]}, "properties": {"street": "84 STREET", "from": "5 AVENUE", "to": "4 AVENUE", "side": "N", "zone": "MON_TUE", "zone_label": "Mon/Tue", "schedules": ["MON 8:30AM-10AM"], "all_days": ["MON"], "color": "#2a78d6"}}, {"type": "Feature", "geometry": {"type": "LineString", "coordinates": [[-74.00348231718434, 40.62410583094131], [-74.00122833414834, 40.62282575986231]]}, "properties": {"street": "OVINGTON AVENUE", "from": "14 AVENUE", "to": "13 AVENUE", "side": "S", "zone": "WED_THU", "zone_label": "Wed/Thu", "schedules": ["THU 8:30AM-10AM"], "all_days": ["THU"], "color": "#e34948"}}, {"type": "Feature", "geometry": {"type": "LineString", "coordinates": [[-74.00931318071525, 40.62884506389553], [-74.00711071388226, 40.62751396558053]]}, "properties": {"street": "67 STREET", "from": "10 AVENUE", "to": "11 AVENUE", "side": "N", "zone": "WED_THU", "zone_label": "Wed/Thu", "schedules": ["WED 9:30AM-11AM"], "all_days": ["WED"], "color": "#e34948"}}, {"type": "Feature", "geometry": {"type": "LineString", "coordinates": [[-74.00839071387287, 40.62278421721858], [-74.00897072527488, 40.62222435552858]]}, "properties": {"street": "12 AVENUE", "from": "74 STREET", "to": "73 STREET", "side": "E", "zone": "WED_THU", "zone_label": "Wed/Thu", "schedules": ["THU 8:30AM-10AM"], "all_days": ["THU"], "color": "#e34948"}}, {"type": "Feature", "geometry": {"type": "LineString", "coordinates": [[-74.0039945622678, 40.620169006038104], [-74.00179395246779, 40.6188389387761]]}, "properties": {"street": "73 STREET", "from": "15 AVENUE", "to": "16 AVENUE", "side": "N", "zone": "THU_FRI", "zone_label": "Thu/Fri", "schedules": ["THU 11:30AM-1PM"], "all_days": ["THU"], "color": "#4a3aa7"}}, {"type": "Feature", "geometry": {"type": "LineString", "coordinates": [[-74.01053111603827, 40.61388022542819], [-74.01022566817352, 40.613695781474654], [-74.00833091384884, 40.612551614495615]]}, "properties": {"street": "84 STREET", "from": "15 AVENUE", "to": "14 AVENUE", "side": "S", "zone": "MON_TUE", "zone_label": "Mon/Tue", "schedules": ["TUE 11:30AM-1PM"], "all_days": ["TUE"], "color": "#2a78d6"}}, {"type": "Feature", "geometry": {"type": "LineString", "coordinates": [[-74.00833097294345, 40.61255165067426], [-74.00792636900998, 40.61230641679786], [-74.00712924443286, 40.611873759357536], [-74.00603907083978, 40.61130735500234]]}, "properties": {"street": "84 STREET", "from": "16 AVENUE", "to": "15 AVENUE", "side": "S", "zone": "MON_TUE", "zone_label": "Mon/Tue", "schedules": ["TUE 11:30AM-1PM"], "all_days": ["TUE"], "color": "#2a78d6"}}, {"type": "Feature", "geometry": {"type": "LineString", "coordinates": [[-74.03051392601782, 40.63211655359494], [-74.03067936472064, 40.63171408585724], [-74.03080481172537, 40.63140892996434]]}, "properties": {"street": "RIDGE BOULEVARD", "from": "BAY RIDGE PARKWAY", "to": "76 STREET", "side": "W", "zone": "THU_FRI", "zone_label": "Thu/Fri", "schedules": ["THU 9:30AM-11AM"], "all_days": ["THU"], "color": "#4a3aa7"}}, {"type": "Feature", "geometry": {"type": "LineString", "coordinates": [[-74.02869864688931, 40.63656353757798], [-74.02882379552794, 40.63625701848137], [-74.02898287112973, 40.63588473255858]]}, "properties": {"street": "RIDGE BOULEVARD", "from": "BAY RIDGE AVENUE", "to": "70 STREET", "side": "W", "zone": "OTHER", "zone_label": "Other", "schedules": ["MON 9:30AM-11AM"], "all_days": ["MON"], "color": "#898781"}}, {"type": "Feature", "geometry": {"type": "LineString", "coordinates": [[-74.02693985851246, 40.63355419749848], [-74.02602808062547, 40.633340642305484]]}, "properties": {"street": "72 STREET", "from": "THIRD AVENUE", "to": "RIDGE COURT", "side": "N", "zone": "OTHER", "zone_label": "Other", "schedules": ["MON 8:30AM-10AM"], "all_days": ["MON"], "color": "#898781"}}, {"type": "Feature", "geometry": {"type": "LineString", "coordinates": [[-74.00582870723923, 40.61840330249775], [-74.00362750467023, 40.61707398161875]]}, "properties": {"street": "76 STREET", "from": "15 AVENUE", "to": "14 AVENUE", "side": "N", "zone": "OTHER", "zone_label": "Other", "schedules": ["MON 11:30AM-1PM"], "all_days": ["MON"], "color": "#898781"}}, {"type": "Feature", "geometry": {"type": "LineString", "coordinates": [[-74.01248546538397, 40.62234566123776], [-74.01180299830565, 40.62193333115229], [-74.0116029406148, 40.62181245686191], [-74.01140293083186, 40.62169160886907], [-74.01120355958916, 40.62157114821659], [-74.0102845331446, 40.62101585602414]]}, "properties": {"street": "76 STREET", "from": "12 AVENUE", "to": "11 AVENUE", "side": "S", "zone": "WED_FRI", "zone_label": "Wed/Fri", "schedules": ["FRI 9:30AM-11AM"], "all_days": ["FRI"], "color": "#eb6834"}}, {"type": "Feature", "geometry": {"type": "LineString", "coordinates": [[-74.01197796761583, 40.61938580894312], [-74.00977537771584, 40.618056646262126]]}, "properties": {"street": "79 STREET", "from": "12 AVENUE", "to": "13 AVENUE", "side": "N", "zone": "WED_FRI", "zone_label": "Wed/Fri", "schedules": ["WED 8:30AM-10AM"], "all_days": ["WED"], "color": "#eb6834"}}, {"type": "Feature", "geometry": {"type": "LineString", "coordinates": [[-74.00491675197195, 40.61238914605484], [-74.00246323154795, 40.61091054247584]]}, "properties": {"street": "82 STREET", "from": "17 AVENUE", "to": "16 AVENUE", "side": "N", "zone": "MON_TUE", "zone_label": "Mon/Tue", "schedules": ["MON 11:30AM-1PM"], "all_days": ["MON"], "color": "#2a78d6"}}, {"type": "Feature", "geometry": {"type": "LineString", "coordinates": [[-74.03041622481288, 40.62504816740259], [-74.02780083329067, 40.62442787895279], [-74.02776952687421, 40.6242919725867]]}, "properties": {"street": "84 STREET", "from": "4 AVENUE", "to": "3 AVENUE", "side": "N", "zone": "MON_TUE", "zone_label": "Mon/Tue", "schedules": ["MON 8:30AM-10AM"], "all_days": ["MON"], "color": "#2a78d6"}}, {"type": "Feature", "geometry": {"type": "LineString", "coordinates": [[-74.00512203800567, 40.632821664125395], [-74.00572847349567, 40.632242223727395]]}, "properties": {"street": "10 AVENUE", "from": "61 STREET", "to": "60 STREET", "side": "E", "zone": "MON_THU", "zone_label": "Mon/Thu", "schedules": ["THU 8:30AM-10AM"], "all_days": ["THU"], "color": "#eda100"}}, {"type": "Feature", "geometry": {"type": "LineString", "coordinates": [[-74.03451715618336, 40.61497359417536], [-74.03379653690833, 40.61462144322368], [-74.03261608702634, 40.61404456847039]]}, "properties": {"street": "MARINE AVENUE", "from": "4 AVENUE", "to": "3 AVENUE", "side": "N", "zone": "MON_TUE", "zone_label": "Mon/Tue", "schedules": ["MON 9:30AM-11AM"], "all_days": ["MON"], "color": "#2a78d6"}}, {"type": "Feature", "geometry": {"type": "LineString", "coordinates": [[-74.00508494676438, 40.62256679781532], [-74.00288410589238, 40.62123726408932]]}, "properties": {"street": "71 STREET", "from": "13 AVENUE", "to": "14 AVENUE", "side": "S", "zone": "WED_THU", "zone_label": "Wed/Thu", "schedules": ["THU 8:30AM-10AM"], "all_days": ["THU"], "color": "#e34948"}}, {"type": "Feature", "geometry": {"type": "LineString", "coordinates": [[-74.03028413044947, 40.63964599617567], [-74.03043440479067, 40.63928408314626], [-74.0305680991964, 40.638962102724214]]}, "properties": {"street": "COLONIAL ROAD", "from": "SENATOR STREET", "to": "67 STREET", "side": "E", "zone": "MON_TUE", "zone_label": "Mon/Tue", "schedules": ["TUE 9:30AM-11AM"], "all_days": ["TUE"], "color": "#2a78d6"}}, {"type": "Feature", "geometry": {"type": "LineString", "coordinates": [[-74.0106756371044, 40.62967896626933], [-74.0093129804214, 40.62884494239034]]}, "properties": {"street": "67 STREET", "from": "FT HAMILTON PARKWAY", "to": "10 AVENUE", "side": "N", "zone": "WED_THU", "zone_label": "Wed/Thu", "schedules": ["WED 9:30AM-11AM"], "all_days": ["WED"], "color": "#e34948"}}, {"type": "Feature", "geometry": {"type": "LineString", "coordinates": [[-74.02135447020287, 40.63261374794855], [-74.02060082390217, 40.63226884225442], [-74.01887412453115, 40.6314785815506]]}, "properties": {"street": "OVINGTON AVENUE", "from": "6 AVENUE", "to": "FIFTH AVENUE", "side": "N", "zone": "MON_TUE", "zone_label": "Mon/Tue", "schedules": ["MON 11:30AM-1PM"], "all_days": ["MON"], "color": "#2a78d6"}}, {"type": "Feature", "geometry": {"type": "LineString", "coordinates": [[-74.02168149238808, 40.62247856317903], [-74.02234918568209, 40.62194696644403]]}, "properties": {"street": "FORT HAMILTON PARKWAY", "from": "82 STREET", "to": "83 STREET", "side": "W", "zone": "OTHER", "zone_label": "Other", "schedules": ["THU 11:30AM-1PM"], "all_days": ["THU"], "color": "#898781"}}, {"type": "Feature", "geometry": {"type": "LineString", "coordinates": [[-74.02628192776731, 40.61986280299785], [-74.02726824592033, 40.618713598436855]]}, "properties": {"street": "GELSTON AVENUE", "from": "88 STREET", "to": "90 STREET", "side": "E", "zone": "THU_FRI", "zone_label": "Thu/Fri", "schedules": ["THU 11:30AM-1PM"], "all_days": ["THU"], "color": "#4a3aa7"}}, {"type": "Feature", "geometry": {"type": "LineString", "coordinates": [[-74.02533976126485, 40.61939494496459], [-74.02632654942184, 40.61824491101759]]}, "properties": {"street": "FORT HAMILTON PARKWAY", "from": "90 STREET", "to": "88 STREET", "side": "E", "zone": "THU_FRI", "zone_label": "Thu/Fri", "schedules": ["THU 11:30AM-1PM"], "all_days": ["THU"], "color": "#4a3aa7"}}, {"type": "Feature", "geometry": {"type": "LineString", "coordinates": [[-74.00983888764704, 40.64212968489953], [-74.00763490754704, 40.64079791412053]]}, "properties": {"street": "53 STREET", "from": "6 AVENUE", "to": "5 AVENUE", "side": "N", "zone": "WED_THU", "zone_label": "Wed/Thu", "schedules": ["THU 8:30AM-10AM"], "all_days": ["THU"], "color": "#e34948"}}, {"type": "Feature", "geometry": {"type": "LineString", "coordinates": [[-74.00420870523433, 40.616514705018304], [-74.00200708915833, 40.6151855423443]]}, "properties": {"street": "77 STREET", "from": "15 AVENUE", "to": "16 AVENUE", "side": "N", "zone": "OTHER", "zone_label": "Other", "schedules": ["MON 11:30AM-1PM"], "all_days": ["MON"], "color": "#898781"}}, {"type": "Feature", "geometry": {"type": "LineString", "coordinates": [[-74.01776959056816, 40.641384507630896], [-74.01558998096617, 40.6400503901129]]}, "properties": {"street": "59 STREET", "from": "5 AVENUE", "to": "4 AVENUE", "side": "S", "zone": "WED_THU", "zone_label": "Wed/Thu", "schedules": ["WED 9:30AM-11AM"], "all_days": ["WED"], "color": "#e34948"}}, {"type": "Feature", "geometry": {"type": "LineString", "coordinates": [[-74.01255276634882, 40.618782866887], [-74.01313259017482, 40.618224920613]]}, "properties": {"street": "12 AVENUE", "from": "81 STREET", "to": "80 STREET", "side": "E", "zone": "WED_FRI", "zone_label": "Wed/Fri", "schedules": ["FRI 8:30AM-10AM"], "all_days": ["FRI"], "color": "#eb6834"}}, {"type": "Feature", "geometry": {"type": "LineString", "coordinates": [[-74.00601701561402, 40.63891015553578], [-74.00381341893402, 40.637578752469786]]}, "properties": {"street": "54 STREET", "from": "8 AVENUE", "to": "9 AVENUE", "side": "N", "zone": "MON_THU", "zone_label": "Mon/Thu", "schedules": ["MON 9:30AM-11AM"], "all_days": ["MON"], "color": "#eda100"}}, {"type": "Feature", "geometry": {"type": "LineString", "coordinates": [[-74.02361204751499, 40.6185721381517], [-74.02271145418298, 40.6181225997877]]}, "properties": {"street": "88 STREET", "from": "DAHLGREEN PLACE", "to": "BATTERY AVENUE", "side": "N", "zone": "MON_TUE", "zone_label": "Mon/Tue", "schedules": ["MON 11:30AM-1PM"], "all_days": ["MON"], "color": "#2a78d6"}}, {"type": "Feature", "geometry": {"type": "LineString", "coordinates": [[-74.01468840004189, 40.623675425595835], [-74.01278303843327, 40.62252529209116], [-74.01248545224809, 40.6223456531104]]}, "properties": {"street": "76 STREET", "from": "11 AVENUE", "to": "10 AVENUE", "side": "S", "zone": "WED_FRI", "zone_label": "Wed/Fri", "schedules": ["FRI 9:30AM-11AM"], "all_days": ["FRI"], "color": "#eb6834"}}, {"type": "Feature", "geometry": {"type": "LineString", "coordinates": [[-74.00594614312269, 40.64247270389485], [-74.00653077918368, 40.641912018661856]]}, "properties": {"street": "7 AVENUE", "from": "50 STREET", "to": "51 STREET", "side": "W", "zone": "OTHER", "zone_label": "Other", "schedules": ["TUE 11:30AM-1PM"], "all_days": ["TUE"], "color": "#898781"}}, {"type": "Feature", "geometry": {"type": "LineString", "coordinates": [[-74.03370421901955, 40.63129550700735], [-74.03400330494355, 40.630563935808354]]}, "properties": {"street": "COLONIAL ROAD", "from": "78 STREET", "to": "77 STREET", "side": "E", "zone": "THU_FRI", "zone_label": "Thu/Fri", "schedules": ["FRI 9:30AM-11AM"], "all_days": ["FRI"], "color": "#4a3aa7"}}, {"type": "Feature", "geometry": {"type": "LineString", "coordinates": [[-74.03378335400244, 40.63131414093465], [-74.03408243992644, 40.63058256973565]]}, "properties": {"street": "COLONIAL ROAD", "from": "77 STREET", "to": "78 STREET", "side": "W", "zone": "THU_FRI", "zone_label": "Thu/Fri", "schedules": ["THU 9:30AM-11AM"], "all_days": ["THU"], "color": "#4a3aa7"}}, {"type": "Feature", "geometry": {"type": "LineString", "coordinates": [[-74.00705173186672, 40.63214179454783], [-74.00776839036273, 40.63166188874683]]}, "properties": {"street": "FORT HAMILTON PARKWAY", "from": "62 STREET", "to": "63 STREET", "side": "W", "zone": "WED_THU", "zone_label": "Wed/Thu", "schedules": ["WED 11:30AM-1PM"], "all_days": ["WED"], "color": "#e34948"}}, {"type": "Feature", "geometry": {"type": "LineString", "coordinates": [[-74.0077564580037, 40.61315587444288], [-74.0080065788463, 40.612914796812774], [-74.00833766735846, 40.61259567332504]]}, "properties": {"street": "15 AVENUE", "from": "83 STREET", "to": "84 STREET", "side": "W", "zone": "MON_TUE", "zone_label": "Mon/Tue", "schedules": ["MON 11:30AM-1PM"], "all_days": ["MON"], "color": "#2a78d6"}}, {"type": "Feature", "geometry": {"type": "LineString", "coordinates": [[-74.01131231516356, 40.60973385826033], [-74.01305696437656, 40.60805813575133]]}, "properties": {"street": "15 AVENUE", "from": "BENSON AVENUE", "to": "BATH AVENUE", "side": "W", "zone": "WED_FRI", "zone_label": "Wed/Fri", "schedules": ["WED 11:30AM-1PM"], "all_days": ["WED"], "color": "#eb6834"}}, {"type": "Feature", "geometry": {"type": "LineString", "coordinates": [[-74.00068856533198, 40.61995213968863], [-74.00127036521498, 40.619392326215625]]}, "properties": {"street": "15 AVENUE", "from": "71 STREET", "to": "72 STREET", "side": "W", "zone": "THU_FRI", "zone_label": "Thu/Fri", "schedules": ["THU 11:30AM-1PM"], "all_days": ["THU"], "color": "#4a3aa7"}}, {"type": "Feature", "geometry": {"type": "LineString", "coordinates": [[-74.00185228724162, 40.61883380289571], [-74.00243261465363, 40.61827480321671]]}, "properties": {"street": "15 AVENUE", "from": "73 STREET", "to": "74 STREET", "side": "W", "zone": "THU_FRI", "zone_label": "Thu/Fri", "schedules": ["THU 11:30AM-1PM"], "all_days": ["THU"], "color": "#4a3aa7"}}, {"type": "Feature", "geometry": {"type": "LineString", "coordinates": [[-74.00010605422803, 40.620510862692235], [-74.00068852608503, 40.619952177654234]]}, "properties": {"street": "15 AVENUE", "from": "70 STREET", "to": "71 STREET", "side": "W", "zone": "THU_FRI", "zone_label": "Thu/Fri", "schedules": ["THU 11:30AM-1PM"], "all_days": ["THU"], "color": "#4a3aa7"}}, {"type": "Feature", "geometry": {"type": "LineString", "coordinates": [[-74.00931713338542, 40.61504790692376], [-74.00903816626563, 40.6148791979752], [-74.007491879019, 40.613944001065605], [-74.00711797945739, 40.61371785858842]]}, "properties": {"street": "82 STREET", "from": "15 AVENUE", "to": "14 AVENUE", "side": "N", "zone": "MON_TUE", "zone_label": "Mon/Tue", "schedules": ["MON 11:30AM-1PM"], "all_days": ["MON"], "color": "#2a78d6"}}, {"type": "Feature", "geometry": {"type": "LineString", "coordinates": [[-74.00665405123863, 40.62450583165726], [-74.00445156751263, 40.62317702318426]]}, "properties": {"street": "70 STREET", "from": "13 AVENUE", "to": "12 AVENUE", "side": "N", "zone": "WED_THU", "zone_label": "Wed/Thu", "schedules": ["WED 8:30AM-10AM"], "all_days": ["WED"], "color": "#e34948"}}, {"type": "Feature", "geometry": {"type": "LineString", "coordinates": [[-74.0043187903348, 40.626699112246975], [-74.0049007958328, 40.62613948752898]]}, "properties": {"street": "12 AVENUE", "from": "67 STREET", "to": "66 STREET", "side": "E", "zone": "WED_THU", "zone_label": "Wed/Thu", "schedules": ["THU 8:30AM-10AM"], "all_days": ["THU"], "color": "#e34948"}}, {"type": "Feature", "geometry": {"type": "LineString", "coordinates": [[-74.00890637584865, 40.62578610610135], [-74.00670562423865, 40.62445661916135]]}, "properties": {"street": "70 STREET", "from": "12 AVENUE", "to": "11 AVENUE", "side": "S", "zone": "WED_THU", "zone_label": "Wed/Thu", "schedules": ["THU 9:30AM-11AM"], "all_days": ["THU"], "color": "#e34948"}}, {"type": "Feature", "geometry": {"type": "LineString", "coordinates": [[-74.0217965781805, 40.61763461680827], [-74.02278078780549, 40.61647873265027]]}, "properties": {"street": "PARROTT PLACE", "from": "88 STREET", "to": "90 STREET", "side": "E", "zone": "MON_TUE", "zone_label": "Mon/Tue", "schedules": ["TUE 11:30AM-1PM"], "all_days": ["TUE"], "color": "#2a78d6"}}, {"type": "Feature", "geometry": {"type": "LineString", "coordinates": [[-74.00723518850333, 40.62394766701459], [-74.00503333758134, 40.622615987572594]]}, "properties": {"street": "71 STREET", "from": "12 AVENUE", "to": "13 AVENUE", "side": "N", "zone": "WED_THU", "zone_label": "Wed/Thu", "schedules": ["WED 8:30AM-10AM"], "all_days": ["WED"], "color": "#e34948"}}, {"type": "Feature", "geometry": {"type": "LineString", "coordinates": [[-74.0028325307977, 40.62128647382172], [-74.00063026477571, 40.61995727606672]]}, "properties": {"street": "71 STREET", "from": "14 AVENUE", "to": "15 AVENUE", "side": "N", "zone": "THU_FRI", "zone_label": "Thu/Fri", "schedules": ["THU 11:30AM-1PM"], "all_days": ["THU"], "color": "#4a3aa7"}}, {"type": "Feature", "geometry": {"type": "LineString", "coordinates": [[-74.00943745582725, 40.62527566672046], [-74.00723523436525, 40.62394769502146]]}, "properties": {"street": "71 STREET", "from": "11 AVENUE", "to": "12 AVENUE", "side": "N", "zone": "WED_THU", "zone_label": "Wed/Thu", "schedules": ["WED 9:30AM-11AM"], "all_days": ["WED"], "color": "#e34948"}}, {"type": "Feature", "geometry": {"type": "LineString", "coordinates": [[-74.01086556019517, 40.620456592671935], [-74.00866422486517, 40.619125800810934]]}, "properties": {"street": "77 STREET", "from": "12 AVENUE", "to": "13 AVENUE", "side": "S", "zone": "WED_FRI", "zone_label": "Wed/Fri", "schedules": ["FRI 8:30AM-10AM"], "all_days": ["FRI"], "color": "#eb6834"}}, {"type": "Feature", "geometry": {"type": "LineString", "coordinates": [[-74.01344261127008, 40.62492355617414], [-74.01406733595508, 40.62432161913613]]}, "properties": {"street": "10 AVENUE", "from": "74 STREET", "to": "BAY RIDGE PARKWAY", "side": "W", "zone": "WED_FRI", "zone_label": "Wed/Fri", "schedules": ["WED 11:30AM-1PM"], "all_days": ["WED"], "color": "#eb6834"}}, {"type": "Feature", "geometry": {"type": "LineString", "coordinates": [[-74.01306781843472, 40.62178648599373], [-74.01086554374272, 40.62045658242073]]}, "properties": {"street": "77 STREET", "from": "11 AVENUE", "to": "12 AVENUE", "side": "S", "zone": "WED_FRI", "zone_label": "Wed/Fri", "schedules": ["FRI 9:30AM-11AM"], "all_days": ["FRI"], "color": "#eb6834"}}, {"type": "Feature", "geometry": {"type": "LineString", "coordinates": [[-74.01286113982125, 40.625483421193216], [-74.01344260284526, 40.62492356457122]]}, "properties": {"street": "10 AVENUE", "from": "73 STREET", "to": "74 STREET", "side": "W", "zone": "WED_THU", "zone_label": "Wed/Thu", "schedules": ["WED 9:30AM-11AM"], "all_days": ["WED"], "color": "#e34948"}}, {"type": "Feature", "geometry": {"type": "LineString", "coordinates": [[-74.02414004632385, 40.638657811803284], [-74.02421723744868, 40.63858546010457], [-74.02437840660681, 40.63843439504926], [-74.02450751824873, 40.638313377485396]]}, "properties": {"street": "3 AVENUE", "from": "67 STREET", "to": "65 STREET", "side": "E", "zone": "MON_TUE", "zone_label": "Mon/Tue", "schedules": ["TUE 8:30AM-10AM"], "all_days": ["TUE"], "color": "#2a78d6"}}, {"type": "Feature", "geometry": {"type": "LineString", "coordinates": [[-74.03464138811472, 40.622018503558216], [-74.03492727242472, 40.62133736225521]]}, "properties": {"street": "RIDGE BOULEVARD", "from": "89 STREET", "to": "91 STREET", "side": "W", "zone": "OTHER", "zone_label": "Other", "schedules": ["FRI 8:30AM-10AM"], "all_days": ["FRI"], "color": "#898781"}}, {"type": "Feature", "geometry": {"type": "LineString", "coordinates": [[-74.01417835826042, 40.62071754810271], [-74.01197792043942, 40.61938578074271]]}, "properties": {"street": "79 STREET", "from": "11 AVENUE", "to": "12 AVENUE", "side": "N", "zone": "WED_FRI", "zone_label": "Wed/Fri", "schedules": ["WED 9:30AM-11AM"], "all_days": ["WED"], "color": "#eb6834"}}, {"type": "Feature", "geometry": {"type": "LineString", "coordinates": [[-74.02802415306361, 40.63812442036071], [-74.02675712657745, 40.63763700078213], [-74.02584781717785, 40.63728718634059]]}, "properties": {"street": "SENATOR STREET", "from": "RIDGE BOULEVARD", "to": "3 AVENUE", "side": "S", "zone": "MON_TUE", "zone_label": "Mon/Tue", "schedules": ["TUE 8:30AM-10AM"], "all_days": ["TUE"], "color": "#2a78d6"}}, {"type": "Feature", "geometry": {"type": "LineString", "coordinates": [[-74.02826522139715, 40.63750496329487], [-74.02773405451828, 40.63734007273508], [-74.027338483471, 40.63721727358778]]}, "properties": {"street": "68 STREET", "from": "3 AVENUE", "to": "RIDGE BOULEVARD", "side": "N", "zone": "OTHER", "zone_label": "Other", "schedules": ["MON 8:30AM-10AM"], "all_days": ["MON"], "color": "#898781"}}, {"type": "Feature", "geometry": {"type": "LineString", "coordinates": [[-74.02869169127045, 40.629272549797335], [-74.02823809150601, 40.62916464492514], [-74.02724454444427, 40.62892827333238], [-74.02716490846403, 40.62890932734844], [-74.02650771386693, 40.628752970031705], [-74.0259718843257, 40.62862548867737]]}, "properties": {"street": "78 STREET", "from": "4 AVENUE", "to": "3 AVENUE", "side": "S", "zone": "THU_FRI", "zone_label": "Thu/Fri", "schedules": ["FRI 8:30AM-10AM"], "all_days": ["FRI"], "color": "#4a3aa7"}}, {"type": "Feature", "geometry": {"type": "LineString", "coordinates": [[-74.01660958646639, 40.628669201599095], [-74.0171912298804, 40.6280898565051]]}, "properties": {"street": "8 AVENUE", "from": "73 STREET", "to": "72 STREET", "side": "E", "zone": "OTHER", "zone_label": "Other", "schedules": ["THU 11:30AM-1PM"], "all_days": ["THU"], "color": "#898781"}}, {"type": "Feature", "geometry": {"type": "LineString", "coordinates": [[-74.02861949553069, 40.636544927270016], [-74.02874482273005, 40.63623797634263], [-74.02890404782627, 40.63586533700342]]}, "properties": {"street": "RIDGE BOULEVARD", "from": "OVINGTON AVENUE", "to": "BAY RIDGE AVENUE", "side": "E", "zone": "MON_TUE", "zone_label": "Mon/Tue", "schedules": ["TUE 9:30AM-11AM"], "all_days": ["TUE"], "color": "#2a78d6"}}, {"type": "Feature", "geometry": {"type": "LineString", "coordinates": [[-74.01517283524642, 40.63699822453678], [-74.01297090394041, 40.63566957943278]]}, "properties": {"street": "62 STREET", "from": "6 AVENUE", "to": "7 AVENUE", "side": "S", "zone": "THU_FRI", "zone_label": "Thu/Fri", "schedules": ["FRI 11:30AM-1PM"], "all_days": ["FRI"], "color": "#4a3aa7"}}, {"type": "Feature", "geometry": {"type": "LineString", "coordinates": [[-74.01644858798156, 40.633075980283486], [-74.01645935351677, 40.633022329775905], [-74.01653280551528, 40.63283625081202], [-74.01673011090931, 40.632321955112644]]}, "properties": {"street": "7 AVENUE", "from": "67 STREET", "to": "68 STREET", "side": "W", "zone": "MON_THU", "zone_label": "Mon/Thu", "schedules": ["MON 11:30AM-1PM"], "all_days": ["MON"], "color": "#eda100"}}, {"type": "Feature", "geometry": {"type": "LineString", "coordinates": [[-74.0167372015511, 40.6426051941526], [-74.01732552077809, 40.6420496316386]]}, "properties": {"street": "4 AVENUE", "from": "57 STREET", "to": "58 STREET", "side": "W", "zone": "OTHER", "zone_label": "Other", "schedules": ["MON 9:30AM-11AM"], "all_days": ["MON"], "color": "#898781"}}, {"type": "Feature", "geometry": {"type": "LineString", "coordinates": [[-74.00908821157158, 40.63245258959624], [-74.00967302880959, 40.63189352585224]]}, "properties": {"street": "9 AVENUE", "from": "63 STREET", "to": "64 STREET", "side": "E", "zone": "WED_THU", "zone_label": "Wed/Thu", "schedules": ["THU 11:30AM-1PM"], "all_days": ["THU"], "color": "#e34948"}}, {"type": "Feature", "geometry": {"type": "LineString", "coordinates": [[-74.00310062572302, 40.64170736663753], [-74.00090090822103, 40.640378726392534]]}, "properties": {"street": "49 STREET", "from": "10 AVENUE", "to": "9 AVENUE", "side": "N", "zone": "MON_THU", "zone_label": "Mon/Thu", "schedules": ["MON 8:30AM-10AM"], "all_days": ["MON"], "color": "#eda100"}}, {"type": "Feature", "geometry": {"type": "LineString", "coordinates": [[-74.03056810432949, 40.63896209180369], [-74.03085268161949, 40.63827759489769]]}, "properties": {"street": "COLONIAL ROAD", "from": "68 STREET", "to": "SENATOR STREET", "side": "E", "zone": "MON_TUE", "zone_label": "Mon/Tue", "schedules": ["TUE 9:30AM-11AM"], "all_days": ["TUE"], "color": "#2a78d6"}}, {"type": "Feature", "geometry": {"type": "LineString", "coordinates": [[-74.02296160723165, 40.61948940315073], [-74.02290489124265, 40.619450925872734]]}, "properties": {"street": "86 STREET", "from": "GATLING PLACE", "to": "DAHLGREEN PLACE", "side": "S", "zone": "MON_TUE", "zone_label": "Mon/Tue", "schedules": ["TUE 11:30AM-1PM"], "all_days": ["TUE"], "color": "#2a78d6"}}, {"type": "Feature", "geometry": {"type": "LineString", "coordinates": [[-74.02076275509694, 40.6341866638916], [-74.02105304671893, 40.6334860341086]]}, "properties": {"street": "5 AVENUE", "from": "68 STREET", "to": "BAYRIDGE AVENUE", "side": "W", "zone": "DAILY", "zone_label": "Daily (except Sun)", "schedules": ["MON/TUE/WED/THU/FRI/SAT 8AM-8:30AM", "SAT 8AM-8:30AM"], "all_days": ["MON", "TUE", "WED", "THU", "FRI", "SAT"], "color": "#e87ba4"}}, {"type": "Feature", "geometry": {"type": "LineString", "coordinates": [[-74.03462896718631, 40.629143851111714], [-74.03194569579131, 40.62850883450171]]}, "properties": {"street": "80 STREET", "from": "RIDGE BOULEVARD", "to": "COLONIAL ROAD", "side": "N", "zone": "MON_TUE", "zone_label": "Mon/Tue", "schedules": ["MON 9:30AM-11AM"], "all_days": ["MON"], "color": "#2a78d6"}}, {"type": "Feature", "geometry": {"type": "LineString", "coordinates": [[-74.00599216027312, 40.611359180562985], [-74.00340316435113, 40.61000319186899]]}, "properties": {"street": "84 STREET", "from": "17 AVENUE", "to": "16 AVENUE", "side": "N", "zone": "MON_TUE", "zone_label": "Mon/Tue", "schedules": ["MON 11:30AM-1PM"], "all_days": ["MON"], "color": "#2a78d6"}}, {"type": "Feature", "geometry": {"type": "LineString", "coordinates": [[-74.01188375696483, 40.633267241330884], [-74.00967969745685, 40.63193768736089]]}, "properties": {"street": "64 STREET", "from": "8 AVENUE", "to": "9 AVENUE", "side": "N", "zone": "WED_THU", "zone_label": "Wed/Thu", "schedules": ["WED 11:30AM-1PM"], "all_days": ["WED"], "color": "#e34948"}}, {"type": "Feature", "geometry": {"type": "LineString", "coordinates": [[-74.00497897621291, 40.63645806958148], [-74.00264805149892, 40.63505160890348]]}, "properties": {"street": "56 STREET", "from": "9 AVENUE", "to": "FT HAMILTON PARKWAY", "side": "N", "zone": "MON_THU", "zone_label": "Mon/Thu", "schedules": ["MON 9:30AM-11AM"], "all_days": ["MON"], "color": "#eda100"}}, {"type": "Feature", "geometry": {"type": "LineString", "coordinates": [[-74.00258235494488, 40.61458337034249], [-74.00316451779487, 40.61402398807549]]}, "properties": {"street": "16 AVENUE", "from": "79 STREET", "to": "78 STREET", "side": "E", "zone": "THU_FRI", "zone_label": "Thu/Fri", "schedules": ["THU 11:30AM-1PM"], "all_days": ["THU"], "color": "#4a3aa7"}}, {"type": "Feature", "geometry": {"type": "LineString", "coordinates": [[-74.00979796953605, 40.608859420721124], [-74.00937121611528, 40.608602036778954], [-74.00905391248112, 40.60841066146504]]}, "properties": {"street": "BENSON AVENUE", "from": "16 AVENUE", "to": "BAY   11 STREET", "side": "N", "zone": "MON_TUE", "zone_label": "Mon/Tue", "schedules": ["MON 11:30AM-1PM"], "all_days": ["MON"], "color": "#2a78d6"}}, {"type": "Feature", "geometry": {"type": "LineString", "coordinates": [[-74.01154162529373, 40.6071816205627], [-74.01079893533273, 40.6067336022887]]}, "properties": {"street": "BATH AVENUE", "from": "16 AVENUE", "to": "BAY   11 STREET", "side": "N", "zone": "MON_TUE", "zone_label": "Mon/Tue", "schedules": ["TUE 11:30AM-1PM"], "all_days": ["TUE"], "color": "#2a78d6"}}, {"type": "Feature", "geometry": {"type": "LineString", "coordinates": [[-74.02065367482115, 40.64215834054216], [-74.02058796956113, 40.64212354744116]]}, "properties": {"street": "60 STREET", "from": "2 AVENUE", "to": "3 AVENUE", "side": "S", "zone": "OTHER", "zone_label": "Other", "schedules": ["WED 9:30AM-11AM"], "all_days": ["WED"], "color": "#898781"}}, {"type": "Feature", "geometry": {"type": "LineString", "coordinates": [[-74.0036879603754, 40.64114868219579], [-74.0014832128964, 40.63981779254079]]}, "properties": {"street": "50 STREET", "from": "9 AVENUE", "to": "10 AVENUE", "side": "N", "zone": "MON_THU", "zone_label": "Mon/Thu", "schedules": ["MON 8:30AM-10AM"], "all_days": ["MON"], "color": "#eda100"}}, {"type": "Feature", "geometry": {"type": "LineString", "coordinates": [[-74.0037395497726, 40.641099472144205], [-74.0015348022936, 40.639768582489204]]}, "properties": {"street": "50 STREET", "from": "9 AVENUE", "to": "10 AVENUE", "side": "S", "zone": "MON_THU", "zone_label": "Mon/Thu", "schedules": ["THU 8:30AM-10AM"], "all_days": ["THU"], "color": "#eda100"}}, {"type": "Feature", "geometry": {"type": "LineString", "coordinates": [[-74.02839369788398, 40.630000955915605], [-74.025673769249, 40.629355922971605]]}, "properties": {"street": "77 STREET", "from": "3 AVENUE", "to": "4 AVENUE", "side": "S", "zone": "THU_FRI", "zone_label": "Thu/Fri", "schedules": ["FRI 8:30AM-10AM"], "all_days": ["FRI"], "color": "#4a3aa7"}}, {"type": "Feature", "geometry": {"type": "LineString", "coordinates": [[-74.03019032494171, 40.62570846733063], [-74.03046815084372, 40.62502745711563]]}, "properties": {"street": "3 AVENUE", "from": "83 STREET", "to": "84 STREET", "side": "W", "zone": "MON_TUE", "zone_label": "Mon/Tue", "schedules": ["MON 8:30AM-10AM"], "all_days": ["MON"], "color": "#2a78d6"}}, {"type": "Feature", "geometry": {"type": "LineString", "coordinates": [[-74.00718141888605, 40.6377874124583], [-74.00497897050104, 40.636458066462296]]}, "properties": {"street": "56 STREET", "from": "8 AVENUE", "to": "9 AVENUE", "side": "N", "zone": "MON_THU", "zone_label": "Mon/Thu", "schedules": ["MON 9:30AM-11AM"], "all_days": ["MON"], "color": "#eda100"}}, {"type": "Feature", "geometry": {"type": "LineString", "coordinates": [[-74.0032227744669, 40.6140188572797], [-74.00086904805592, 40.612599893338704]]}, "properties": {"street": "79 STREET", "from": "16 AVENUE", "to": "NEW UTRECHT AVENUE", "side": "S", "zone": "THU_FRI", "zone_label": "Thu/Fri", "schedules": ["FRI 11:30AM-1PM"], "all_days": ["FRI"], "color": "#4a3aa7"}}, {"type": "Feature", "geometry": {"type": "LineString", "coordinates": [[-74.02477750383399, 40.62430436059189], [-74.02241586288699, 40.62287961842489]]}, "properties": {"street": "82 STREET", "from": "6 AVENUE", "to": "5 AVENUE", "side": "S", "zone": "THU_FRI", "zone_label": "Thu/Fri", "schedules": ["FRI 11:30AM-1PM"], "all_days": ["FRI"], "color": "#4a3aa7"}}, {"type": "Feature", "geometry": {"type": "LineString", "coordinates": [[-74.0019312858771, 40.61141552225059], [-74.00132941831009, 40.611052395347585]]}, "properties": {"street": "81 STREET", "from": "NEW UTRECHT AVENUE", "to": "18 AVENUE", "side": "S", "zone": "THU_FRI", "zone_label": "Thu/Fri", "schedules": ["FRI 11:30AM-1PM"], "all_days": ["FRI"], "color": "#4a3aa7"}}, {"type": "Feature", "geometry": {"type": "LineString", "coordinates": [[-74.03314129533359, 40.61343654055305], [-74.0313565942586, 40.61254324715705]]}, "properties": {"street": "99 STREET", "from": "FT HAMILTON PARKWAY", "to": "4 AVENUE", "side": "N", "zone": "THU_FRI", "zone_label": "Thu/Fri", "schedules": ["FRI 11:30AM-1PM"], "all_days": ["FRI"], "color": "#4a3aa7"}}, {"type": "Feature", "geometry": {"type": "LineString", "coordinates": [[-74.01585248377542, 40.62255722101206], [-74.01364954907041, 40.621227434789056]]}, "properties": {"street": "78 STREET", "from": "7 AVENUE", "to": "10 AVENUE", "side": "S", "zone": "OTHER", "zone_label": "Other", "schedules": ["FRI 11:30AM-1PM"], "all_days": ["FRI"], "color": "#898781"}}, {"type": "Feature", "geometry": {"type": "LineString", "coordinates": [[-74.018120397522, 40.620325192115864], [-74.018701723717, 40.61976578589886]]}, "properties": {"street": "10 AVENUE", "from": "83 STREET", "to": "82 STREET", "side": "E", "zone": "WED_FRI", "zone_label": "Wed/Fri", "schedules": ["FRI 11:30AM-1PM"], "all_days": ["FRI"], "color": "#eb6834"}}, {"type": "Feature", "geometry": {"type": "LineString", "coordinates": [[-74.00768652480583, 40.64074872074788], [-74.00548492572584, 40.639418762466875]]}, "properties": {"street": "53 STREET", "from": "8 AVENUE", "to": "7 AVENUE", "side": "S", "zone": "DAILY", "zone_label": "Daily (except Sun)", "schedules": ["FRI 11:30AM-1PM", "MON/TUE/WED/THU/FRI/SAT 8:30AM-9AM"], "all_days": ["MON", "TUE", "WED", "THU", "FRI", "SAT"], "color": "#e87ba4"}}, {"type": "Feature", "geometry": {"type": "LineString", "coordinates": [[-74.01387927123308, 40.606004634215005], [-74.01606739347409, 40.603909302724]]}, "properties": {"street": "BAY   10 STREET", "from": "CROPSEY AVENUE", "to": "INDEPENDENCE AVENUE", "side": "E", "zone": "WED_FRI", "zone_label": "Wed/Fri", "schedules": ["FRI 11:30AM-1PM"], "all_days": ["FRI"], "color": "#eb6834"}}, {"type": "Feature", "geometry": {"type": "LineString", "coordinates": [[-74.00948030464518, 40.61139489641275], [-74.01036615880048, 40.610542638295165], [-74.01092439160556, 40.61000556971983], [-74.01124731166009, 40.60969488607811]]}, "properties": {"street": "15 AVENUE", "from": "BENSON AVENUE", "to": "86 STREET", "side": "E", "zone": "WED_FRI", "zone_label": "Wed/Fri", "schedules": ["FRI 11:30AM-1PM"], "all_days": ["FRI"], "color": "#eb6834"}}, {"type": "Feature", "geometry": {"type": "LineString", "coordinates": [[-74.01059947178713, 40.63794829876383], [-74.00840286297313, 40.63662019205984]]}, "properties": {"street": "58 STREET", "from": "7 AVENUE", "to": "8 AVENUE", "side": "S", "zone": "DAILY", "zone_label": "Daily (except Sun)", "schedules": ["FRI 11:30AM-1PM", "MON/TUE/WED/THU/FRI/SAT 8:30AM-9AM"], "all_days": ["MON", "TUE", "WED", "THU", "FRI", "SAT"], "color": "#e87ba4"}}, {"type": "Feature", "geometry": {"type": "LineString", "coordinates": [[-74.01907998496864, 40.623584569999245], [-74.01643319781464, 40.62199772578824]]}, "properties": {"street": "79 STREET", "from": "7 AVENUE", "to": "10 AVENUE", "side": "S", "zone": "WED_FRI", "zone_label": "Wed/Fri", "schedules": ["FRI 11:30AM-1PM"], "all_days": ["FRI"], "color": "#eb6834"}}, {"type": "Feature", "geometry": {"type": "LineString", "coordinates": [[-74.02062191733748, 40.619973819401594], [-74.01933997342648, 40.619200557773596]]}, "properties": {"street": "84 STREET", "from": "10 AVENUE", "to": "7 AVENUE", "side": "S", "zone": "WED_FRI", "zone_label": "Wed/Fri", "schedules": ["FRI 11:30AM-1PM"], "all_days": ["FRI"], "color": "#eb6834"}}, {"type": "Feature", "geometry": {"type": "LineString", "coordinates": [[-74.01373589549559, 40.60846721862131], [-74.01546755676259, 40.60683005672931]]}, "properties": {"street": "BAY    8 STREET", "from": "BATH AVENUE", "to": "CROPSEY AVENUE", "side": "E", "zone": "WED_FRI", "zone_label": "Wed/Fri", "schedules": ["FRI 11:30AM-1PM"], "all_days": ["FRI"], "color": "#eb6834"}}, {"type": "Feature", "geometry": {"type": "LineString", "coordinates": [[-74.02059162825968, 40.62179545155261], [-74.02087210464143, 40.62151526292761], [-74.02114552493637, 40.62124684651229]]}, "properties": {"street": "DYKER PLACE", "from": "82 STREET", "to": "83 STREET", "side": "E", "zone": "OTHER", "zone_label": "Other", "schedules": ["FRI 11:30AM-1PM"], "all_days": ["FRI"], "color": "#898781"}}, {"type": "Feature", "geometry": {"type": "LineString", "coordinates": [[-74.01093872597578, 40.61227614650264], [-74.01270567227778, 40.61057699554664]]}, "properties": {"street": "BAY    7 STREET", "from": "BENSON AVENUE", "to": "86 STREET", "side": "E", "zone": "WED_FRI", "zone_label": "Wed/Fri", "schedules": ["FRI 11:30AM-1PM"], "all_days": ["FRI"], "color": "#eb6834"}}, {"type": "Feature", "geometry": {"type": "LineString", "coordinates": [[-74.00710603684716, 40.6413089020711], [-74.00490341416416, 40.63997908592211]]}, "properties": {"street": "52 STREET", "from": "7 AVENUE", "to": "8 AVENUE", "side": "S", "zone": "DAILY", "zone_label": "Daily (except Sun)", "schedules": ["FRI 11:30AM-1PM", "MON/TUE/WED/THU/FRI/SAT 8:30AM-9AM"], "all_days": ["MON", "TUE", "WED", "THU", "FRI", "SAT"], "color": "#e87ba4"}}, {"type": "Feature", "geometry": {"type": "LineString", "coordinates": [[-74.02556439141794, 40.61786581631023], [-74.02611102914494, 40.61717689424723]]}, "properties": {"street": "GATLING PLACE", "from": "90 STREET", "to": "92 STREET", "side": "W", "zone": "OTHER", "zone_label": "Other", "schedules": ["FRI 11:30AM-1PM"], "all_days": ["FRI"], "color": "#898781"}}, {"type": "Feature", "geometry": {"type": "LineString", "coordinates": [[-74.00288409085029, 40.62123725531628], [-74.00068182482829, 40.61990805756128]]}, "properties": {"street": "71 STREET", "from": "14 AVENUE", "to": "15 AVENUE", "side": "S", "zone": "THU_FRI", "zone_label": "Thu/Fri", "schedules": ["FRI 11:30AM-1PM"], "all_days": ["FRI"], "color": "#4a3aa7"}}, {"type": "Feature", "geometry": {"type": "LineString", "coordinates": [[-74.01105595782981, 40.64095952744587], [-74.01020038925051, 40.64044276243339], [-74.00985218833915, 40.6402324496917], [-74.00885192086197, 40.63962825643609]]}, "properties": {"street": "55 STREET", "from": "7 AVENUE", "to": "6 AVENUE", "side": "S", "zone": "THU_FRI", "zone_label": "Thu/Fri", "schedules": ["FRI 11:30AM-1PM"], "all_days": ["FRI"], "color": "#4a3aa7"}}, {"type": "Feature", "geometry": {"type": "LineString", "coordinates": [[-74.0115798835207, 40.64040467196325], [-74.0121636854327, 40.63984352515625]]}, "properties": {"street": "6 AVENUE", "from": "57 STREET", "to": "56 STREET", "side": "E", "zone": "THU_FRI", "zone_label": "Thu/Fri", "schedules": ["FRI 11:30AM-1PM"], "all_days": ["FRI"], "color": "#4a3aa7"}}, {"type": "Feature", "geometry": {"type": "LineString", "coordinates": [[-74.00704241794347, 40.61723757433667], [-74.00484028356746, 40.61590609638067]]}, "properties": {"street": "78 STREET", "from": "15 AVENUE", "to": "14 AVENUE", "side": "S", "zone": "THU_FRI", "zone_label": "Thu/Fri", "schedules": ["FRI 11:30AM-1PM"], "all_days": ["FRI"], "color": "#4a3aa7"}}, {"type": "Feature", "geometry": {"type": "LineString", "coordinates": [[-74.0129986728668, 40.608063233213535], [-74.01261781568165, 40.607832949152325], [-74.01225669504429, 40.607614584573646]]}, "properties": {"street": "BATH AVENUE", "from": "BAY   10 STREET", "to": "15 AVENUE", "side": "N", "zone": "WED_FRI", "zone_label": "Wed/Fri", "schedules": ["FRI 11:30AM-1PM"], "all_days": ["FRI"], "color": "#eb6834"}}, {"type": "Feature", "geometry": {"type": "LineString", "coordinates": [[-74.02450221214714, 40.6204624076147], [-74.02487460697944, 40.620038209641244], [-74.02497514708662, 40.61992368682685], [-74.02506791435043, 40.61981801712142], [-74.02516645738997, 40.61970576327062], [-74.02540893952073, 40.619429538296096]]}, "properties": {"street": "FORT HAMILTON PARKWAY", "from": "86 STREET", "to": "88 STREET", "side": "W", "zone": "THU_FRI", "zone_label": "Thu/Fri", "schedules": ["FRI 11:30AM-1PM"], "all_days": ["FRI"], "color": "#4a3aa7"}}, {"type": "Feature", "geometry": {"type": "LineString", "coordinates": [[-74.00769325518581, 40.64079278626525], [-74.00827524945781, 40.64023270488425]]}, "properties": {"street": "7 AVENUE", "from": "53 STREET", "to": "54 STREET", "side": "W", "zone": "THU_FRI", "zone_label": "Thu/Fri", "schedules": ["FRI 11:30AM-1PM"], "all_days": ["FRI"], "color": "#4a3aa7"}}, {"type": "Feature", "geometry": {"type": "LineString", "coordinates": [[-74.01337752953992, 40.62488464496187], [-74.01400225422492, 40.62428270792386]]}, "properties": {"street": "10 AVENUE", "from": "BAY RIDGE PARKWAY", "to": "74 STREET", "side": "E", "zone": "WED_FRI", "zone_label": "Wed/Fri", "schedules": ["FRI 11:30AM-1PM"], "all_days": ["FRI"], "color": "#eb6834"}}, {"type": "Feature", "geometry": {"type": "LineString", "coordinates": [[-74.018003394581, 40.62477167009924], [-74.015268976856, 40.62311666575924]]}, "properties": {"street": "77 STREET", "from": "FT HAMILTON PARKWAY", "to": "10 AVENUE", "side": "S", "zone": "WED_FRI", "zone_label": "Wed/Fri", "schedules": ["FRI 11:30AM-1PM"], "all_days": ["FRI"], "color": "#eb6834"}}, {"type": "Feature", "geometry": {"type": "LineString", "coordinates": [[-74.01118184115435, 40.63738798906203], [-74.00897983431535, 40.63605870001502]]}, "properties": {"street": "59 STREET", "from": "8 AVENUE", "to": "7 AVENUE", "side": "S", "zone": "DAILY", "zone_label": "Daily (except Sun)", "schedules": ["FRI 11:30AM-1PM", "MON/TUE/WED/THU/FRI/SAT 8:30AM-9AM"], "all_days": ["MON", "TUE", "WED", "THU", "FRI", "SAT"], "color": "#e87ba4"}}, {"type": "Feature", "geometry": {"type": "LineString", "coordinates": [[-74.00134710962816, 40.61198010492395], [-74.00110173618215, 40.61181519531695]]}, "properties": {"street": "80 STREET", "from": "18 AVENUE", "to": "NEW UTRECHT AVENUE", "side": "S", "zone": "THU_FRI", "zone_label": "Thu/Fri", "schedules": ["FRI 11:30AM-1PM"], "all_days": ["FRI"], "color": "#4a3aa7"}}, {"type": "Feature", "geometry": {"type": "LineString", "coordinates": [[-74.0117929019154, 40.63685106242917], [-74.01239747203739, 40.63626983964718]]}, "properties": {"street": "7 AVENUE", "from": "60 STREET", "to": "61 STREET", "side": "W", "zone": "THU_FRI", "zone_label": "Thu/Fri", "schedules": ["FRI 11:30AM-1PM"], "all_days": ["FRI"], "color": "#4a3aa7"}}, {"type": "Feature", "geometry": {"type": "LineString", "coordinates": [[-74.00943564014705, 40.639068363629804], [-74.00851797157027, 40.63851420186036], [-74.00824216097844, 40.63834763570139], [-74.00814824629134, 40.63829091854171], [-74.00723301014685, 40.637738204647626]]}, "properties": {"street": "56 STREET", "from": "7 AVENUE", "to": "8 AVENUE", "side": "S", "zone": "DAILY", "zone_label": "Daily (except Sun)", "schedules": ["FRI 11:30AM-1PM", "MON/TUE/WED/THU/FRI/SAT 8:30AM-9AM"], "all_days": ["MON", "TUE", "WED", "THU", "FRI", "SAT"], "color": "#e87ba4"}}, {"type": "Feature", "geometry": {"type": "LineString", "coordinates": [[-74.01986356791197, 40.61864504555042], [-74.02049505431397, 40.618046412678424]]}, "properties": {"street": "10 AVENUE", "from": "86 STREET", "to": "85 STREET", "side": "E", "zone": "WED_FRI", "zone_label": "Wed/Fri", "schedules": ["FRI 11:30AM-1PM"], "all_days": ["FRI"], "color": "#eb6834"}}, {"type": "Feature", "geometry": {"type": "LineString", "coordinates": [[-74.01521067431732, 40.62312173106669], [-74.01579422437432, 40.62256231195269]]}, "properties": {"street": "10 AVENUE", "from": "78 STREET", "to": "77 STREET", "side": "E", "zone": "WED_FRI", "zone_label": "Wed/Fri", "schedules": ["FRI 11:30AM-1PM"], "all_days": ["FRI"], "color": "#eb6834"}}, {"type": "Feature", "geometry": {"type": "LineString", "coordinates": [[-74.03362619357232, 40.612867845196654], [-74.03183530334132, 40.611986556234655]]}, "properties": {"street": "100 STREET", "from": "4 AVENUE", "to": "FT HAMILTON PARKWAY", "side": "N", "zone": "THU_FRI", "zone_label": "Thu/Fri", "schedules": ["FRI 11:30AM-1PM"], "all_days": ["FRI"], "color": "#4a3aa7"}}, {"type": "Feature", "geometry": {"type": "LineString", "coordinates": [[-74.02114475478668, 40.62124762774542], [-74.02169701564569, 40.620669222888424]]}, "properties": {"street": "DYKER PLACE", "from": "83 STREET", "to": "84 STREET", "side": "E", "zone": "OTHER", "zone_label": "Other", "schedules": ["FRI 11:30AM-1PM"], "all_days": ["FRI"], "color": "#898781"}}, {"type": "Feature", "geometry": {"type": "LineString", "coordinates": [[-74.0144508797156, 40.608899045762584], [-74.0162052342036, 40.60722193153858]]}, "properties": {"street": "BAY    7 STREET", "from": "CROPSEY AVENUE", "to": "BATH AVENUE", "side": "E", "zone": "WED_FRI", "zone_label": "Wed/Fri", "schedules": ["FRI 11:30AM-1PM"], "all_days": ["FRI"], "color": "#eb6834"}}, {"type": "Feature", "geometry": {"type": "LineString", "coordinates": [[-74.0212048072766, 40.6212419209869], [-74.0203308546706, 40.6206893116519]]}, "properties": {"street": "83 STREET", "from": "DYKER PLACE", "to": "7 AVENUE", "side": "S", "zone": "WED_FRI", "zone_label": "Wed/Fri", "schedules": ["FRI 11:30AM-1PM"], "all_days": ["FRI"], "color": "#eb6834"}}, {"type": "Feature", "geometry": {"type": "LineString", "coordinates": [[-74.0119900152419, 40.6101455473898], [-74.0137356849689, 40.608467418565795]]}, "properties": {"street": "BAY    8 STREET", "from": "BENSON AVENUE", "to": "BATH AVENUE", "side": "E", "zone": "WED_FRI", "zone_label": "Wed/Fri", "schedules": ["FRI 11:30AM-1PM"], "all_days": ["FRI"], "color": "#eb6834"}}, {"type": "Feature", "geometry": {"type": "LineString", "coordinates": [[-74.01021953231525, 40.61184206499241], [-74.01199005430723, 40.61014550911341]]}, "properties": {"street": "BAY    8 STREET", "from": "86 STREET", "to": "BENSON AVENUE", "side": "E", "zone": "WED_FRI", "zone_label": "Wed/Fri", "schedules": ["FRI 11:30AM-1PM"], "all_days": ["FRI"], "color": "#eb6834"}}, {"type": "Feature", "geometry": {"type": "LineString", "coordinates": [[-74.0048402574507, 40.61590608085597], [-74.00303908602385, 40.61481879052927], [-74.00264063453628, 40.61457825285701]]}, "properties": {"street": "78 STREET", "from": "16 AVENUE", "to": "15 AVENUE", "side": "S", "zone": "THU_FRI", "zone_label": "Thu/Fri", "schedules": ["FRI 11:30AM-1PM"], "all_days": ["FRI"], "color": "#4a3aa7"}}, {"type": "Feature", "geometry": {"type": "LineString", "coordinates": [[-74.02507427738804, 40.623572698109534], [-74.02271361791804, 40.622161622710536]]}, "properties": {"street": "83 STREET", "from": "5 AVENUE", "to": "6 AVENUE", "side": "S", "zone": "THU_FRI", "zone_label": "Thu/Fri", "schedules": ["FRI 11:30AM-1PM"], "all_days": ["FRI"], "color": "#4a3aa7"}}, {"type": "Feature", "geometry": {"type": "LineString", "coordinates": [[-74.02943803960073, 40.61483923271418], [-74.03020015864475, 40.613952409091176]]}, "properties": {"street": "FORT HAMILTON PARKWAY", "from": "95 STREET", "to": "97 STREET", "side": "W", "zone": "OTHER", "zone_label": "Other", "schedules": ["FRI 11:30AM-1PM"], "all_days": ["FRI"], "color": "#898781"}}, {"type": "Feature", "geometry": {"type": "LineString", "coordinates": [[-74.01731081537146, 40.60512147921298], [-74.01654335137546, 40.60465594129198]]}, "properties": {"street": "INDEPENDENCE AVENUE", "from": "BAY    8 STREET", "to": "15 AVENUE", "side": "S", "zone": "WED_FRI", "zone_label": "Wed/Fri", "schedules": ["FRI 11:30AM-1PM"], "all_days": ["FRI"], "color": "#eb6834"}}, {"type": "Feature", "geometry": {"type": "LineString", "coordinates": [[-74.017014852041, 40.62143743251006], [-74.01481194361199, 40.620108406704055]]}, "properties": {"street": "80 STREET", "from": "10 AVENUE", "to": "7 AVENUE", "side": "S", "zone": "WED_FRI", "zone_label": "Wed/Fri", "schedules": ["FRI 11:30AM-1PM"], "all_days": ["FRI"], "color": "#eb6834"}}, {"type": "Feature", "geometry": {"type": "LineString", "coordinates": [[-74.0065307987454, 40.641911999625286], [-74.0071127534884, 40.641352995043285]]}, "properties": {"street": "7 AVENUE", "from": "51 STREET", "to": "52 STREET", "side": "W", "zone": "WED_FRI", "zone_label": "Wed/Fri", "schedules": ["FRI 11:30AM-1PM"], "all_days": ["FRI"], "color": "#eb6834"}}, {"type": "Feature", "geometry": {"type": "LineString", "coordinates": [[-74.0326157936829, 40.614044423568444], [-74.03181297394512, 40.61364475412305], [-74.0312345569826, 40.613356799985276], [-74.03083272846028, 40.613156749643885]]}, "properties": {"street": "MARINE AVENUE", "from": "FORT HAMILTON PARKWAY", "to": "4 AVENUE", "side": "N", "zone": "THU_FRI", "zone_label": "Thu/Fri", "schedules": ["FRI 11:30AM-1PM"], "all_days": ["FRI"], "color": "#4a3aa7"}}, {"type": "Feature", "geometry": {"type": "LineString", "coordinates": [[-74.01695665892628, 40.62144247545023], [-74.01753882128126, 40.62088685685423]]}, "properties": {"street": "10 AVENUE", "from": "81 STREET", "to": "80 STREET", "side": "E", "zone": "WED_FRI", "zone_label": "Wed/Fri", "schedules": ["FRI 11:30AM-1PM"], "all_days": ["FRI"], "color": "#eb6834"}}, {"type": "Feature", "geometry": {"type": "LineString", "coordinates": [[-74.03189225078202, 40.61197766076082], [-74.03259406385402, 40.611181597023815]]}, "properties": {"street": "FORT HAMILTON PARKWAY", "from": "100 STREET", "to": "101 STREET", "side": "W", "zone": "OTHER", "zone_label": "Other", "schedules": ["FRI 11:30AM-1PM"], "all_days": ["FRI"], "color": "#898781"}}, {"type": "Feature", "geometry": {"type": "LineString", "coordinates": [[-74.01753867380674, 40.620886998701415], [-74.01812035232375, 40.62032523542542]]}, "properties": {"street": "10 AVENUE", "from": "82 STREET", "to": "81 STREET", "side": "E", "zone": "WED_FRI", "zone_label": "Wed/Fri", "schedules": ["FRI 11:30AM-1PM"], "all_days": ["FRI"], "color": "#eb6834"}}, {"type": "Feature", "geometry": {"type": "LineString", "coordinates": [[-74.02639559172604, 40.61827965661131], [-74.02752419627605, 40.6170100512033]]}, "properties": {"street": "FORT HAMILTON PARKWAY", "from": "90 STREET", "to": "92 STREET", "side": "W", "zone": "THU_FRI", "zone_label": "Thu/Fri", "schedules": ["FRI 11:30AM-1PM"], "all_days": ["FRI"], "color": "#4a3aa7"}}, {"type": "Feature", "geometry": {"type": "LineString", "coordinates": [[-74.01216365890919, 40.63984355094021], [-74.01274413015119, 40.639284401124215]]}, "properties": {"street": "6 AVENUE", "from": "58 STREET", "to": "57 STREET", "side": "E", "zone": "THU_FRI", "zone_label": "Thu/Fri", "schedules": ["FRI 11:30AM-1PM"], "all_days": ["FRI"], "color": "#4a3aa7"}}, {"type": "Feature", "geometry": {"type": "LineString", "coordinates": [[-74.01239074151684, 40.636225753137786], [-74.01018766165184, 40.63489595610378]]}, "properties": {"street": "61 STREET", "from": "8 AVENUE", "to": "7 AVENUE", "side": "S", "zone": "DAILY", "zone_label": "Daily (except Sun)", "schedules": ["FRI 11:30AM-1PM", "MON/TUE/WED/THU/FRI/SAT 8:30AM-9AM"], "all_days": ["MON", "TUE", "WED", "THU", "FRI", "SAT"], "color": "#e87ba4"}}, {"type": "Feature", "geometry": {"type": "LineString", "coordinates": [[-74.02026477544409, 40.62070416546792], [-74.0205565804381, 40.61998913133092]]}, "properties": {"street": "7 AVENUE", "from": "84 STREET", "to": "83 STREET", "side": "E", "zone": "WED_FRI", "zone_label": "Wed/Fri", "schedules": ["FRI 11:30AM-1PM"], "all_days": ["FRI"], "color": "#eb6834"}}, {"type": "Feature", "geometry": {"type": "LineString", "coordinates": [[-74.01695508504848, 40.60420567283929], [-74.01759273215148, 40.60359542775329]]}, "properties": {"street": "15 AVENUE", "from": "SHORE PARKWAY", "to": "INDEPENDENCE AVENUE", "side": "E", "zone": "WED_FRI", "zone_label": "Wed/Fri", "schedules": ["FRI 11:30AM-1PM"], "all_days": ["FRI"], "color": "#eb6834"}}, {"type": "Feature", "geometry": {"type": "LineString", "coordinates": [[-74.02032979443399, 40.62068866356609], [-74.018759697741, 40.61976045257409]]}, "properties": {"street": "83 STREET", "from": "7 AVENUE", "to": "10 AVENUE", "side": "S", "zone": "WED_FRI", "zone_label": "Wed/Fri", "schedules": ["FRI 11:30AM-1PM"], "all_days": ["FRI"], "color": "#eb6834"}}, {"type": "Feature", "geometry": {"type": "LineString", "coordinates": [[-74.02175613905966, 40.62435387417011], [-74.02205414479766, 40.62362697127711]]}, "properties": {"street": "6 AVENUE", "from": "81 STREET", "to": "80 STREET", "side": "E", "zone": "THU_FRI", "zone_label": "Thu/Fri", "schedules": ["FRI 11:30AM-1PM"], "all_days": ["FRI"], "color": "#4a3aa7"}}, {"type": "Feature", "geometry": {"type": "LineString", "coordinates": [[-74.00134710962816, 40.61198010492395], [-74.00110173618215, 40.61181519531695]]}, "properties": {"street": "80 STREET", "from": "NEW UTRECHT AVENUE", "to": "17 AVENUE", "side": "S", "zone": "OTHER", "zone_label": "Other", "schedules": ["FRI 11:30AM-1PM"], "all_days": ["FRI"], "color": "#898781"}}, {"type": "Feature", "geometry": {"type": "LineString", "coordinates": [[-74.02371914640918, 40.62000350573295], [-74.02457854532918, 40.61901561355595]]}, "properties": {"street": "GATLING PLACE", "from": "86 STREET", "to": "88 STREET", "side": "W", "zone": "OTHER", "zone_label": "Other", "schedules": ["FRI 11:30AM-1PM"], "all_days": ["FRI"], "color": "#898781"}}, {"type": "Feature", "geometry": {"type": "LineString", "coordinates": [[-74.01398798739586, 40.638136892392836], [-74.01178618307387, 40.63680698252583]]}, "properties": {"street": "60 STREET", "from": "6 AVENUE", "to": "7 AVENUE", "side": "S", "zone": "THU_FRI", "zone_label": "Thu/Fri", "schedules": ["FRI 11:30AM-1PM"], "all_days": ["FRI"], "color": "#4a3aa7"}}, {"type": "Feature", "geometry": {"type": "LineString", "coordinates": [[-74.00242588719053, 40.618230750099876], [-74.00022463942253, 40.616899841226875]]}, "properties": {"street": "74 STREET", "from": "16 AVENUE", "to": "15 AVENUE", "side": "S", "zone": "THU_FRI", "zone_label": "Thu/Fri", "schedules": ["FRI 11:30AM-1PM"], "all_days": ["FRI"], "color": "#4a3aa7"}}, {"type": "Feature", "geometry": {"type": "LineString", "coordinates": [[-74.01124733396443, 40.60969486556567], [-74.01299198317743, 40.60801914305667]]}, "properties": {"street": "15 AVENUE", "from": "BATH AVENUE", "to": "BENSON AVENUE", "side": "E", "zone": "WED_FRI", "zone_label": "Wed/Fri", "schedules": ["FRI 11:30AM-1PM"], "all_days": ["FRI"], "color": "#eb6834"}}, {"type": "Feature", "geometry": {"type": "LineString", "coordinates": [[-74.01728858864622, 40.62525290470184], [-74.01681784014538, 40.62496732116051], [-74.01468848122569, 40.62367547415328]]}, "properties": {"street": "76 STREET", "from": "10 AVENUE", "to": "FT HAMILTON PARKWAY", "side": "S", "zone": "WED_FRI", "zone_label": "Wed/Fri", "schedules": ["FRI 11:30AM-1PM"], "all_days": ["FRI"], "color": "#eb6834"}}, {"type": "Feature", "geometry": {"type": "LineString", "coordinates": [[-74.00128714536652, 40.611984167041946], [-74.00187300676852, 40.61142065751495]]}, "properties": {"street": "17 AVENUE", "from": "81 STREET", "to": "80 STREET", "side": "E", "zone": "OTHER", "zone_label": "Other", "schedules": ["FRI 11:30AM-1PM"], "all_days": ["FRI"], "color": "#898781"}}, {"type": "Feature", "geometry": {"type": "LineString", "coordinates": [[-74.0172902117337, 40.62530098637548], [-74.01800505552869, 40.62481977428048]]}, "properties": {"street": "FORT HAMILTON PARKWAY", "from": "77 STREET", "to": "76 STREET", "side": "E", "zone": "OTHER", "zone_label": "Other", "schedules": ["FRI 11:30AM-1PM"], "all_days": ["FRI"], "color": "#898781"}}, {"type": "Feature", "geometry": {"type": "LineString", "coordinates": [[-74.00348231718434, 40.62410583094131], [-74.00122833414834, 40.62282575986231]]}, "properties": {"street": "OVINGTON AVENUE", "from": "15 AVENUE", "to": "14 AVENUE", "side": "S", "zone": "THU_FRI", "zone_label": "Thu/Fri", "schedules": ["FRI 11:30AM-1PM"], "all_days": ["FRI"], "color": "#4a3aa7"}}, {"type": "Feature", "geometry": {"type": "LineString", "coordinates": [[-74.02537193993027, 40.62284300188148], [-74.02300495950627, 40.62141500379348]]}, "properties": {"street": "84 STREET", "from": "FORT HAMILTON PARKWAY", "to": "5 AVENUE", "side": "S", "zone": "OTHER", "zone_label": "Other", "schedules": ["FRI 11:30AM-1PM"], "all_days": ["FRI"], "color": "#898781"}}, {"type": "Feature", "geometry": {"type": "LineString", "coordinates": [[-74.0133254415812, 40.63872407797577], [-74.01392963734321, 40.638142036626775]]}, "properties": {"street": "6 AVENUE", "from": "60 STREET", "to": "59 STREET", "side": "E", "zone": "THU_FRI", "zone_label": "Thu/Fri", "schedules": ["FRI 11:30AM-1PM"], "all_days": ["FRI"], "color": "#4a3aa7"}}, {"type": "Feature", "geometry": {"type": "LineString", "coordinates": [[-74.01001692026215, 40.63850796053403], [-74.00910296613348, 40.63795640558027], [-74.00833715659586, 40.63749424512833], [-74.00816234566315, 40.63738875312586], [-74.00781503038478, 40.637179145463406]]}, "properties": {"street": "57 STREET", "from": "8 AVENUE", "to": "7 AVENUE", "side": "S", "zone": "DAILY", "zone_label": "Daily (except Sun)", "schedules": ["FRI 11:30AM-1PM", "MON/TUE/WED/THU/FRI/SAT 8:30AM-9AM"], "all_days": ["MON", "TUE", "WED", "THU", "FRI", "SAT"], "color": "#e87ba4"}}, {"type": "Feature", "geometry": {"type": "LineString", "coordinates": [[-74.00658698161297, 40.614229045602826], [-74.00438604281698, 40.612900241615826]]}, "properties": {"street": "81 STREET", "from": "15 AVENUE", "to": "16 AVENUE", "side": "S", "zone": "THU_FRI", "zone_label": "Thu/Fri", "schedules": ["FRI 11:30AM-1PM"], "all_days": ["FRI"], "color": "#4a3aa7"}}, {"type": "Feature", "geometry": {"type": "LineString", "coordinates": [[-74.016374983019, 40.622002942400215], [-74.01695653938302, 40.62144258982822]]}, "properties": {"street": "10 AVENUE", "from": "80 STREET", "to": "79 STREET", "side": "E", "zone": "WED_FRI", "zone_label": "Wed/Fri", "schedules": ["FRI 11:30AM-1PM"], "all_days": ["FRI"], "color": "#eb6834"}}, {"type": "Feature", "geometry": {"type": "LineString", "coordinates": [[-74.02241592594424, 40.62287965664725], [-74.02167734866724, 40.62243229338925]]}, "properties": {"street": "82 STREET", "from": "7 AVENUE", "to": "6 AVENUE", "side": "S", "zone": "THU_FRI", "zone_label": "Thu/Fri", "schedules": ["FRI 11:30AM-1PM"], "all_days": ["FRI"], "color": "#4a3aa7"}}, {"type": "Feature", "geometry": {"type": "LineString", "coordinates": [[-74.00462616420981, 40.619560477767635], [-74.0024258809678, 40.618230746027635]]}, "properties": {"street": "74 STREET", "from": "15 AVENUE", "to": "14 AVENUE", "side": "S", "zone": "THU_FRI", "zone_label": "Thu/Fri", "schedules": ["FRI 11:30AM-1PM"], "all_days": ["FRI"], "color": "#4a3aa7"}}, {"type": "Feature", "geometry": {"type": "LineString", "coordinates": [[-74.01928166639098, 40.619205716193086], [-74.01986336346398, 40.61864524066508]]}, "properties": {"street": "10 AVENUE", "from": "85 STREET", "to": "84 STREET", "side": "E", "zone": "WED_FRI", "zone_label": "Wed/Fri", "schedules": ["FRI 11:30AM-1PM"], "all_days": ["FRI"], "color": "#eb6834"}}, {"type": "Feature", "geometry": {"type": "LineString", "coordinates": [[-74.03192532519965, 40.61484896277623], [-74.03014275573265, 40.61396152161723]]}, "properties": {"street": "97 STREET", "from": "FT HAMILTON PARKWAY", "to": "4 AVENUE", "side": "N", "zone": "THU_FRI", "zone_label": "Thu/Fri", "schedules": ["FRI 11:30AM-1PM"], "all_days": ["FRI"], "color": "#4a3aa7"}}, {"type": "Feature", "geometry": {"type": "LineString", "coordinates": [[-74.00594725775025, 40.61479249106922], [-74.00652870953624, 40.61423415461522]]}, "properties": {"street": "15 AVENUE", "from": "81 STREET", "to": "80 STREET", "side": "E", "zone": "THU_FRI", "zone_label": "Thu/Fri", "schedules": ["FRI 11:30AM-1PM"], "all_days": ["FRI"], "color": "#4a3aa7"}}, {"type": "Feature", "geometry": {"type": "LineString", "coordinates": [[-74.03020018254871, 40.613952380756025], [-74.0308901551257, 40.61314760881003]]}, "properties": {"street": "FORT HAMILTON PARKWAY", "from": "97 STREET", "to": "MARINE AVENUE", "side": "W", "zone": "OTHER", "zone_label": "Other", "schedules": ["FRI 11:30AM-1PM"], "all_days": ["FRI"], "color": "#898781"}}, {"type": "Feature", "geometry": {"type": "LineString", "coordinates": [[-74.02540917720115, 40.61942926352541], [-74.02639596535815, 40.61827922957841]]}, "properties": {"street": "FORT HAMILTON PARKWAY", "from": "88 STREET", "to": "90 STREET", "side": "W", "zone": "THU_FRI", "zone_label": "Thu/Fri", "schedules": ["FRI 11:30AM-1PM"], "all_days": ["FRI"], "color": "#4a3aa7"}}, {"type": "Feature", "geometry": {"type": "LineString", "coordinates": [[-74.02955399265845, 40.61610073412583], [-74.02867892356545, 40.61566448267283]]}, "properties": {"street": "94 STREET", "from": "FT HAMILTON PARKWAY", "to": "GELSTON AVENUE", "side": "N", "zone": "OTHER", "zone_label": "Other", "schedules": ["FRI 11:30AM-1PM"], "all_days": ["FRI"], "color": "#898781"}}, {"type": "Feature", "geometry": {"type": "LineString", "coordinates": [[-74.02271624129482, 40.622163330169045], [-74.02234745604481, 40.62190227824004]]}, "properties": {"street": "83 STREET", "from": "FORT HAMILTON PARKWAY", "to": "6 AVENUE", "side": "S", "zone": "THU_FRI", "zone_label": "Thu/Fri", "schedules": ["FRI 11:30AM-1PM"], "all_days": ["FRI"], "color": "#4a3aa7"}}, {"type": "Feature", "geometry": {"type": "LineString", "coordinates": [[-74.01099762496635, 40.64096465182593], [-74.01157987607836, 40.64040467885594]]}, "properties": {"street": "6 AVENUE", "from": "56 STREET", "to": "55 STREET", "side": "E", "zone": "THU_FRI", "zone_label": "Thu/Fri", "schedules": ["FRI 11:30AM-1PM"], "all_days": ["FRI"], "color": "#4a3aa7"}}, {"type": "Feature", "geometry": {"type": "LineString", "coordinates": [[-74.02635133926867, 40.619897127294145], [-74.02733765742168, 40.61874792273315]]}, "properties": {"street": "GELSTON AVENUE", "from": "88 STREET", "to": "90 STREET", "side": "W", "zone": "THU_FRI", "zone_label": "Thu/Fri", "schedules": ["FRI 11:30AM-1PM"], "all_days": ["FRI"], "color": "#4a3aa7"}}, {"type": "Feature", "geometry": {"type": "LineString", "coordinates": [[-74.01168084151334, 40.61272373221203], [-74.01345138558834, 40.611026100550035]]}, "properties": {"street": "14 AVENUE", "from": "BENSON AVENUE", "to": "86 STREET", "side": "E", "zone": "OTHER", "zone_label": "Other", "schedules": ["FRI 11:30AM-1PM"], "all_days": ["FRI"], "color": "#898781"}}, {"type": "Feature", "geometry": {"type": "LineString", "coordinates": [[-74.02447595289242, 40.62503204595187], [-74.02211945902042, 40.62361169115387]]}, "properties": {"street": "81 STREET", "from": "5 AVENUE", "to": "6 AVENUE", "side": "S", "zone": "THU_FRI", "zone_label": "Thu/Fri", "schedules": ["FRI 11:30AM-1PM"], "all_days": ["FRI"], "color": "#4a3aa7"}}, {"type": "Feature", "geometry": {"type": "LineString", "coordinates": [[-74.03430742374684, 40.612077379988484], [-74.03311367544484, 40.61147892864949]]}, "properties": {"street": "101 STREET", "from": "JACKSON COURT", "to": "4 AVENUE", "side": "N", "zone": "OTHER", "zone_label": "Other", "schedules": ["FRI 11:30AM-1PM"], "all_days": ["FRI"], "color": "#898781"}}, {"type": "Feature", "geometry": {"type": "LineString", "coordinates": [[-74.01299198050019, 40.608019146378666], [-74.0146636797752, 40.606413008576666]]}, "properties": {"street": "15 AVENUE", "from": "CROPSEY AVENUE", "to": "BATH AVENUE", "side": "E", "zone": "WED_FRI", "zone_label": "Wed/Fri", "schedules": ["FRI 11:30AM-1PM"], "all_days": ["FRI"], "color": "#eb6834"}}, {"type": "Feature", "geometry": {"type": "LineString", "coordinates": [[-74.01225667461635, 40.60761457206079], [-74.01154156630835, 40.607181585018786]]}, "properties": {"street": "BATH AVENUE", "from": "BAY   11 STREET", "to": "BAY   10 STREET", "side": "N", "zone": "WED_FRI", "zone_label": "Wed/Fri", "schedules": ["FRI 11:30AM-1PM"], "all_days": ["FRI"], "color": "#eb6834"}}, {"type": "Feature", "geometry": {"type": "LineString", "coordinates": [[-74.0128024846796, 40.63927925994707], [-74.01059946054859, 40.63794829166106]]}, "properties": {"street": "58 STREET", "from": "6 AVENUE", "to": "7 AVENUE", "side": "S", "zone": "THU_FRI", "zone_label": "Thu/Fri", "schedules": ["FRI 11:30AM-1PM"], "all_days": ["FRI"], "color": "#4a3aa7"}}, {"type": "Feature", "geometry": {"type": "LineString", "coordinates": [[-74.00711281110311, 40.64135293930893], [-74.00769329038012, 40.64079275261194]]}, "properties": {"street": "7 AVENUE", "from": "52 STREET", "to": "53 STREET", "side": "W", "zone": "THU_FRI", "zone_label": "Thu/Fri", "schedules": ["FRI 11:30AM-1PM"], "all_days": ["FRI"], "color": "#4a3aa7"}}, {"type": "Feature", "geometry": {"type": "LineString", "coordinates": [[-74.01400231235952, 40.62428265232094], [-74.01463013380052, 40.623680522145946]]}, "properties": {"street": "10 AVENUE", "from": "76 STREET", "to": "BAY RIDGE PARKWAY", "side": "E", "zone": "WED_FRI", "zone_label": "Wed/Fri", "schedules": ["FRI 11:30AM-1PM"], "all_days": ["FRI"], "color": "#eb6834"}}, {"type": "Feature", "geometry": {"type": "LineString", "coordinates": [[-74.01002364588734, 40.63855205579163], [-74.01060616828434, 40.63799237622263]]}, "properties": {"street": "7 AVENUE", "from": "57 STREET", "to": "58 STREET", "side": "W", "zone": "THU_FRI", "zone_label": "Thu/Fri", "schedules": ["FRI 11:30AM-1PM"], "all_days": ["FRI"], "color": "#4a3aa7"}}, {"type": "Feature", "geometry": {"type": "LineString", "coordinates": [[-74.02843369572489, 40.617468838436224], [-74.02961147090288, 40.61609157298923]]}, "properties": {"street": "GELSTON AVENUE", "from": "92 STREET", "to": "94 STREET", "side": "W", "zone": "THU_FRI", "zone_label": "Thu/Fri", "schedules": ["FRI 11:30AM-1PM"], "all_days": ["FRI"], "color": "#4a3aa7"}}, {"type": "Feature", "geometry": {"type": "LineString", "coordinates": [[-74.00944239756798, 40.63911241160579], [-74.01002368862898, 40.63855201491879]]}, "properties": {"street": "7 AVENUE", "from": "56 STREET", "to": "57 STREET", "side": "W", "zone": "THU_FRI", "zone_label": "Thu/Fri", "schedules": ["FRI 11:30AM-1PM"], "all_days": ["FRI"], "color": "#4a3aa7"}}, {"type": "Feature", "geometry": {"type": "LineString", "coordinates": [[-74.00826850421242, 40.640188630300884], [-74.00763392634377, 40.63980565621406], [-74.00606861477439, 40.63886095189543]]}, "properties": {"street": "54 STREET", "from": "7 AVENUE", "to": "8 AVENUE", "side": "S", "zone": "DAILY", "zone_label": "Daily (except Sun)", "schedules": ["FRI 11:30AM-1PM", "MON/TUE/WED/THU/FRI/SAT 8:30AM-9AM"], "all_days": ["MON", "TUE", "WED", "THU", "FRI", "SAT"], "color": "#e87ba4"}}, {"type": "Feature", "geometry": {"type": "LineString", "coordinates": [[-74.01222199279668, 40.639838397170465], [-74.01001691751068, 40.63850795863746]]}, "properties": {"street": "57 STREET", "from": "7 AVENUE", "to": "6 AVENUE", "side": "S", "zone": "THU_FRI", "zone_label": "Thu/Fri", "schedules": ["FRI 11:30AM-1PM"], "all_days": ["FRI"], "color": "#4a3aa7"}}, {"type": "Feature", "geometry": {"type": "LineString", "coordinates": [[-74.01204837516907, 40.61014047402623], [-74.01130568297208, 40.60968980248523]]}, "properties": {"street": "BENSON AVENUE", "from": "BAY    8 STREET", "to": "15 AVENUE", "side": "S", "zone": "WED_FRI", "zone_label": "Wed/Fri", "schedules": ["FRI 11:30AM-1PM"], "all_days": ["FRI"], "color": "#eb6834"}}, {"type": "Feature", "geometry": {"type": "LineString", "coordinates": [[-74.01996065413968, 40.6214502968007], [-74.02026477072067, 40.620704176010705]]}, "properties": {"street": "7 AVENUE", "from": "83 STREET", "to": "82 STREET", "side": "E", "zone": "OTHER", "zone_label": "Other", "schedules": ["FRI 11:30AM-1PM"], "all_days": ["FRI"], "color": "#898781"}}, {"type": "Feature", "geometry": {"type": "LineString", "coordinates": [[-74.02752208351069, 40.617012220828414], [-74.02781002429964, 40.61674144881431], [-74.02873642931281, 40.61565528972807]]}, "properties": {"street": "FORT HAMILTON PARKWAY", "from": "92 STREET", "to": "94 STREET", "side": "W", "zone": "OTHER", "zone_label": "Other", "schedules": ["FRI 11:30AM-1PM"], "all_days": ["FRI"], "color": "#898781"}}, {"type": "Feature", "geometry": {"type": "LineString", "coordinates": [[-74.02728023947408, 40.61875705343461], [-74.02685159437718, 40.61854371318618], [-74.0268274935163, 40.618531714781376], [-74.02633854532587, 40.6182883632137]]}, "properties": {"street": "90 STREET", "from": "FT HAMILTON PARKWAY", "to": "GELSTON AVENUE", "side": "N", "zone": "THU_FRI", "zone_label": "Thu/Fri", "schedules": ["FRI 11:30AM-1PM"], "all_days": ["FRI"], "color": "#4a3aa7"}}, {"type": "Feature", "geometry": {"type": "LineString", "coordinates": [[-74.01060618436236, 40.63799236050247], [-74.01118857879136, 40.63743206581048]]}, "properties": {"street": "7 AVENUE", "from": "58 STREET", "to": "59 STREET", "side": "W", "zone": "THU_FRI", "zone_label": "Thu/Fri", "schedules": ["FRI 11:30AM-1PM"], "all_days": ["FRI"], "color": "#4a3aa7"}}, {"type": "Feature", "geometry": {"type": "LineString", "coordinates": [[-74.00230295116471, 40.62179789536582], [-74.0000993669817, 40.62046675092883]]}, "properties": {"street": "70 STREET", "from": "15 AVENUE", "to": "14 AVENUE", "side": "S", "zone": "THU_FRI", "zone_label": "Thu/Fri", "schedules": ["FRI 11:30AM-1PM"], "all_days": ["FRI"], "color": "#4a3aa7"}}, {"type": "Feature", "geometry": {"type": "LineString", "coordinates": [[-74.009250281921, 40.64264508926549], [-74.00983217249698, 40.64208561178349]]}, "properties": {"street": "6 AVENUE", "from": "52 STREET", "to": "51 STREET", "side": "E", "zone": "THU_FRI", "zone_label": "Thu/Fri", "schedules": ["FRI 11:30AM-1PM"], "all_days": ["FRI"], "color": "#4a3aa7"}}, {"type": "Feature", "geometry": {"type": "LineString", "coordinates": [[-74.00930862164992, 40.64263997299015], [-74.00710605284891, 40.64130891142615]]}, "properties": {"street": "52 STREET", "from": "6 AVENUE", "to": "7 AVENUE", "side": "S", "zone": "THU_FRI", "zone_label": "Thu/Fri", "schedules": ["FRI 11:30AM-1PM"], "all_days": ["FRI"], "color": "#4a3aa7"}}, {"type": "Feature", "geometry": {"type": "LineString", "coordinates": [[-74.02873634551116, 40.61565538643529], [-74.02943803565316, 40.6148392378423]]}, "properties": {"street": "FORT HAMILTON PARKWAY", "from": "94 STREET", "to": "95 STREET", "side": "W", "zone": "OTHER", "zone_label": "Other", "schedules": ["FRI 11:30AM-1PM"], "all_days": ["FRI"], "color": "#898781"}}, {"type": "Feature", "geometry": {"type": "LineString", "coordinates": [[-74.0348421525878, 40.638511585849386], [-74.0338655834498, 40.63820453949339]]}, "properties": {"street": "BAY RIDGE AVENUE", "from": "OWLS HEAD COURT", "to": "SHORE ROAD", "side": "N", "zone": "OTHER", "zone_label": "Other", "schedules": ["MON 9:30AM-11AM"], "all_days": ["MON"], "color": "#898781"}}, {"type": "Feature", "geometry": {"type": "LineString", "coordinates": [[-74.0008799239665, 40.612376726114064], [-74.0012871171895, 40.61198419391006]]}, "properties": {"street": "17 AVENUE", "from": "80 STREET", "to": "NEW UTRECHT AVENUE", "side": "E", "zone": "DAILY", "zone_label": "Daily (except Sun)", "schedules": ["FRI 11:30AM-1PM"], "all_days": ["FRI"], "color": "#e87ba4"}}, {"type": "Feature", "geometry": {"type": "LineString", "coordinates": [[-74.02733767303528, 40.61874790375155], [-74.02843367570428, 40.617468862660544]]}, "properties": {"street": "GELSTON AVENUE", "from": "90 STREET", "to": "92 STREET", "side": "W", "zone": "THU_FRI", "zone_label": "Thu/Fri", "schedules": ["FRI 11:30AM-1PM"], "all_days": ["FRI"], "color": "#4a3aa7"}}, {"type": "Feature", "geometry": {"type": "LineString", "coordinates": [[-74.03089019398904, 40.613147563021464], [-74.03141414455204, 40.61253410298646]]}, "properties": {"street": "FORT HAMILTON PARKWAY", "from": "MARINE AVENUE", "to": "99 STREET", "side": "W", "zone": "OTHER", "zone_label": "Other", "schedules": ["FRI 11:30AM-1PM"], "all_days": ["FRI"], "color": "#898781"}}, {"type": "Feature", "geometry": {"type": "LineString", "coordinates": [[-74.00264735402112, 40.614622351473514], [-74.00322951687112, 40.614062969206515]]}, "properties": {"street": "16 AVENUE", "from": "78 STREET", "to": "79 STREET", "side": "W", "zone": "THU_FRI", "zone_label": "Thu/Fri", "schedules": ["FRI 11:30AM-1PM"], "all_days": ["FRI"], "color": "#4a3aa7"}}, {"type": "Feature", "geometry": {"type": "LineString", "coordinates": [[-74.02372536195942, 40.62098105029269], [-74.02449505630342, 40.62046860984069]]}, "properties": {"street": "FORT HAMILTON PARKWAY", "from": "86 STREET", "to": "85 STREET", "side": "E", "zone": "THU_FRI", "zone_label": "Thu/Fri", "schedules": ["FRI 11:30AM-1PM"], "all_days": ["FRI"], "color": "#4a3aa7"}}, {"type": "Feature", "geometry": {"type": "LineString", "coordinates": [[-74.02176931464075, 40.62059292418397], [-74.02224155837175, 40.62009881708497]]}, "properties": {"street": "DYKER PLACE", "from": "84 STREET", "to": "85 STREET", "side": "E", "zone": "OTHER", "zone_label": "Other", "schedules": ["FRI 11:30AM-1PM"], "all_days": ["FRI"], "color": "#898781"}}, {"type": "Feature", "geometry": {"type": "LineString", "coordinates": [[-74.01463008922245, 40.62368056523809], [-74.01521062336646, 40.62312177974809]]}, "properties": {"street": "10 AVENUE", "from": "77 STREET", "to": "76 STREET", "side": "E", "zone": "WED_FRI", "zone_label": "Wed/Fri", "schedules": ["FRI 11:30AM-1PM"], "all_days": ["FRI"], "color": "#eb6834"}}, {"type": "Feature", "geometry": {"type": "LineString", "coordinates": [[-74.02205410197477, 40.62362707745145], [-74.02235049204278, 40.62289499623145]]}, "properties": {"street": "6 AVENUE", "from": "82 STREET", "to": "81 STREET", "side": "E", "zone": "THU_FRI", "zone_label": "Thu/Fri", "schedules": ["FRI 11:30AM-1PM"], "all_days": ["FRI"], "color": "#4a3aa7"}}, {"type": "Feature", "geometry": {"type": "LineString", "coordinates": [[-74.01118857005861, 40.63743207393682], [-74.01179290268361, 40.636851061962815]]}, "properties": {"street": "7 AVENUE", "from": "59 STREET", "to": "60 STREET", "side": "W", "zone": "THU_FRI", "zone_label": "Thu/Fri", "schedules": ["FRI 11:30AM-1PM"], "all_days": ["FRI"], "color": "#4a3aa7"}}, {"type": "Feature", "geometry": {"type": "LineString", "coordinates": [[-74.01817872691774, 40.62032007143699], [-74.01597644584874, 40.61898850131899]]}, "properties": {"street": "82 STREET", "from": "10 AVENUE", "to": "7 AVENUE", "side": "S", "zone": "WED_FRI", "zone_label": "Wed/Fri", "schedules": ["FRI 11:30AM-1PM"], "all_days": ["FRI"], "color": "#eb6834"}}, {"type": "Feature", "geometry": {"type": "LineString", "coordinates": [[-74.00827522560769, 40.6402327275523], [-74.0088586283417, 40.6396723453853]]}, "properties": {"street": "7 AVENUE", "from": "54 STREET", "to": "55 STREET", "side": "W", "zone": "THU_FRI", "zone_label": "Thu/Fri", "schedules": ["FRI 11:30AM-1PM"], "all_days": ["FRI"], "color": "#4a3aa7"}}, {"type": "Feature", "geometry": {"type": "LineString", "coordinates": [[-74.02953458339293, 40.627102465049994], [-74.02983277537294, 40.626372354404]]}, "properties": {"street": "3 AVENUE", "from": "82 STREET", "to": "81 STREET", "side": "E", "zone": "DAILY", "zone_label": "Daily (except Sun)", "schedules": ["TUE 8:30AM-10AM"], "all_days": ["TUE"], "color": "#e87ba4"}}, {"type": "Feature", "geometry": {"type": "LineString", "coordinates": [[-74.00441379952699, 40.604791966277794], [-74.00555451102699, 40.60356173149779]]}, "properties": {"street": "BAY   19 STREET", "from": "BENSON AVENUE", "to": "BATH AVENUE", "side": "E", "zone": "OTHER", "zone_label": "Other", "schedules": ["TUE 8:30AM-10AM"], "all_days": ["TUE"], "color": "#898781"}}, {"type": "Feature", "geometry": {"type": "LineString", "coordinates": [[-74.0246486298681, 40.61737095311657], [-74.02402214816135, 40.6170590542485], [-74.02374078897726, 40.616918974673]]}, "properties": {"street": "90 STREET", "from": "BATTERY AVENUE", "to": "DAHLGREN PLACE", "side": "S", "zone": "MON_TUE", "zone_label": "Mon/Tue", "schedules": ["TUE 11:30AM-1PM"], "all_days": ["TUE"], "color": "#2a78d6"}}, {"type": "Feature", "geometry": {"type": "LineString", "coordinates": [[-74.02787368841545, 40.636346118070435], [-74.02602536648546, 40.635778558391436]]}, "properties": {"street": "BAY RIDGE AVENUE", "from": "3 AVENUE", "to": "RIDGE BOULEVARD", "side": "N", "zone": "OTHER", "zone_label": "Other", "schedules": ["MON 8:30AM-10AM"], "all_days": ["MON"], "color": "#898781"}}, {"type": "Feature", "geometry": {"type": "LineString", "coordinates": [[-74.03465363166768, 40.62908382015629], [-74.03197036027268, 40.628448803546284]]}, "properties": {"street": "80 STREET", "from": "RIDGE BOULEVARD", "to": "COLONIAL ROAD", "side": "S", "zone": "MON_TUE", "zone_label": "Mon/Tue", "schedules": ["TUE 9:30AM-11AM"], "all_days": ["TUE"], "color": "#2a78d6"}}, {"type": "Feature", "geometry": {"type": "LineString", "coordinates": [[-74.00786635504383, 40.62333923884707], [-74.00566457077983, 40.62200719214307]]}, "properties": {"street": "72 STREET", "from": "13 AVENUE", "to": "12 AVENUE", "side": "S", "zone": "WED_THU", "zone_label": "Wed/Thu", "schedules": ["THU 8:30AM-10AM"], "all_days": ["THU"], "color": "#e34948"}}, {"type": "Feature", "geometry": {"type": "LineString", "coordinates": [[-74.00762818243419, 40.640753851474756], [-74.00821017670619, 40.64019377009375]]}, "properties": {"street": "7 AVENUE", "from": "54 STREET", "to": "53 STREET", "side": "E", "zone": "THU_FRI", "zone_label": "Thu/Fri", "schedules": ["THU 11:30AM-1PM"], "all_days": ["THU"], "color": "#4a3aa7"}}, {"type": "Feature", "geometry": {"type": "LineString", "coordinates": [[-74.03375577488657, 40.62407718319244], [-74.03107357515057, 40.62344110906244]]}, "properties": {"street": "86 STREET", "from": "RIDGE BOULEVARD", "to": "3 AVENUE", "side": "S", "zone": "MON_TUE", "zone_label": "Mon/Tue", "schedules": ["TUE 8:30AM-10AM"], "all_days": ["TUE"], "color": "#2a78d6"}}, {"type": "Feature", "geometry": {"type": "LineString", "coordinates": [[-74.00368581166961, 40.617068849788474], [-74.00426700621261, 40.61650956999247]]}, "properties": {"street": "15 AVENUE", "from": "76 STREET", "to": "77 STREET", "side": "W", "zone": "OTHER", "zone_label": "Other", "schedules": ["MON 11:30AM-1PM"], "all_days": ["MON"], "color": "#898781"}}, {"type": "Feature", "geometry": {"type": "LineString", "coordinates": [[-74.01656914795014, 40.642543870151776], [-74.01437184203814, 40.64121867507177]]}, "properties": {"street": "57 STREET", "from": "5 AVENUE", "to": "4 AVENUE", "side": "N", "zone": "WED_THU", "zone_label": "Wed/Thu", "schedules": ["THU 8:30AM-10AM"], "all_days": ["THU"], "color": "#e34948"}}, {"type": "Feature", "geometry": {"type": "LineString", "coordinates": [[-74.01876002785502, 40.61976065009053], [-74.01655686825002, 40.618430648506525]]}, "properties": {"street": "83 STREET", "from": "10 AVENUE", "to": "11 AVENUE", "side": "S", "zone": "WED_FRI", "zone_label": "Wed/Fri", "schedules": ["FRI 9:30AM-11AM"], "all_days": ["FRI"], "color": "#eb6834"}}, {"type": "Feature", "geometry": {"type": "LineString", "coordinates": [[-74.01098885759866, 40.61688996730262], [-74.00878749544566, 40.61555944738062]]}, "properties": {"street": "81 STREET", "from": "13 AVENUE", "to": "14 AVENUE", "side": "S", "zone": "WED_FRI", "zone_label": "Wed/Fri", "schedules": ["FRI 8:30AM-10AM"], "all_days": ["FRI"], "color": "#eb6834"}}, {"type": "Feature", "geometry": {"type": "LineString", "coordinates": [[-74.03375613588436, 40.63127481245495], [-74.03107435690737, 40.63063922512795]]}, "properties": {"street": "77 STREET", "from": "NARROWS AVENUE", "to": "COLONIAL ROAD", "side": "S", "zone": "THU_FRI", "zone_label": "Thu/Fri", "schedules": ["FRI 9:30AM-11AM"], "all_days": ["FRI"], "color": "#4a3aa7"}}, {"type": "Feature", "geometry": {"type": "LineString", "coordinates": [[-74.03434942899251, 40.629825424801915], [-74.03167189212351, 40.62917735090891]]}, "properties": {"street": "79 STREET", "from": "COLONIAL ROAD", "to": "RIDGE BOULEVARD", "side": "S", "zone": "THU_FRI", "zone_label": "Thu/Fri", "schedules": ["FRI 9:30AM-11AM"], "all_days": ["FRI"], "color": "#4a3aa7"}}, {"type": "Feature", "geometry": {"type": "LineString", "coordinates": [[-74.01314526169921, 40.632002487870956], [-74.01369503655322, 40.63147483618996]]}, "properties": {"street": "8 AVENUE", "from": "67 STREET", "to": "66 STREET", "side": "E", "zone": "WED_THU", "zone_label": "Wed/Thu", "schedules": ["THU 11:30AM-1PM"], "all_days": ["THU"], "color": "#e34948"}}, {"type": "Feature", "geometry": {"type": "LineString", "coordinates": [[-74.02204645445671, 40.630969320680045], [-74.02005291367318, 40.63005629689015], [-74.01957277809011, 40.62983639199044]]}, "properties": {"street": "73 STREET", "from": "6 AVENUE", "to": "5 AVENUE", "side": "S", "zone": "MON_TUE", "zone_label": "Mon/Tue", "schedules": ["TUE 11:30AM-1PM"], "all_days": ["TUE"], "color": "#2a78d6"}}, {"type": "Feature", "geometry": {"type": "LineString", "coordinates": [[-74.0307528934579, 40.63142957288546], [-74.02806911737191, 40.63079238554346]]}, "properties": {"street": "76 STREET", "from": "3 AVENUE", "to": "RIDGE BOULEVARD", "side": "N", "zone": "THU_FRI", "zone_label": "Thu/Fri", "schedules": ["THU 8:30AM-10AM"], "all_days": ["THU"], "color": "#4a3aa7"}}, {"type": "Feature", "geometry": {"type": "LineString", "coordinates": [[-74.01146764367502, 40.60474990295223], [-74.01320075034037, 40.60292293494305], [-74.013330451466, 40.60278621210709], [-74.01353107311374, 40.602574719318866]]}, "properties": {"street": "BAY   13 STREET", "from": "CROPSEY AVENUE", "to": "SHORE PARKWAY", "side": "E", "zone": "MON_TUE", "zone_label": "Mon/Tue", "schedules": ["TUE 11:30AM-1PM"], "all_days": ["TUE"], "color": "#2a78d6"}}, {"type": "Feature", "geometry": {"type": "LineString", "coordinates": [[-74.01987011154218, 40.61868930063824], [-74.01766710655217, 40.61735877215024]]}, "properties": {"street": "85 STREET", "from": "10 AVENUE", "to": "11 AVENUE", "side": "N", "zone": "WED_FRI", "zone_label": "Wed/Fri", "schedules": ["WED 9:30AM-11AM"], "all_days": ["WED"], "color": "#eb6834"}}, {"type": "Feature", "geometry": {"type": "LineString", "coordinates": [[-74.00742826141564, 40.60263434311724], [-74.00910369223836, 40.60102666341311], [-74.00937529773994, 40.60076603956597]]}, "properties": {"street": "18 AVENUE", "from": "SHORE PARKWAY", "to": "CROPSEY AVENUE", "side": "E", "zone": "MON_TUE", "zone_label": "Mon/Tue", "schedules": ["TUE 11:30AM-1PM"], "all_days": ["TUE"], "color": "#2a78d6"}}, {"type": "Feature", "geometry": {"type": "LineString", "coordinates": [[-74.00827522217507, 40.62639434153449], [-74.00787854731804, 40.62615523877663], [-74.00648239521398, 40.62531365798458], [-74.00607114138106, 40.62506575217716]]}, "properties": {"street": "BAY RIDGE AVENUE", "from": "12 AVENUE", "to": "11 AVENUE", "side": "N", "zone": "WED_THU", "zone_label": "Wed/Thu", "schedules": ["WED 9:30AM-11AM"], "all_days": ["WED"], "color": "#e34948"}}, {"type": "Feature", "geometry": {"type": "LineString", "coordinates": [[-74.00071664856475, 40.63016381239698], [-74.00131793280376, 40.62958672696198]]}, "properties": {"street": "12 AVENUE", "from": "61 STREET", "to": "60 STREET", "side": "E", "zone": "MON_THU", "zone_label": "Mon/Thu", "schedules": ["THU 8:30AM-10AM"], "all_days": ["THU"], "color": "#eda100"}}, {"type": "Feature", "geometry": {"type": "LineString", "coordinates": [[-74.0137235959787, 40.617709417790515], [-74.0115189787847, 40.616377760521516]]}, "properties": {"street": "82 STREET", "from": "13 AVENUE", "to": "12 AVENUE", "side": "N", "zone": "WED_FRI", "zone_label": "Wed/Fri", "schedules": ["WED 8:30AM-10AM"], "all_days": ["WED"], "color": "#eb6834"}}, {"type": "Feature", "geometry": {"type": "LineString", "coordinates": [[-74.02052661052555, 40.63468648384599], [-74.01797094825555, 40.63371008180799]]}, "properties": {"street": "SENATOR STREET", "from": "5 AVENUE", "to": "6 AVENUE", "side": "S", "zone": "MON_TUE", "zone_label": "Mon/Tue", "schedules": ["TUE 11:30AM-1PM"], "all_days": ["TUE"], "color": "#2a78d6"}}, {"type": "Feature", "geometry": {"type": "LineString", "coordinates": [[-74.00885894444102, 40.61203962161223], [-74.00665934541001, 40.61071372564324]]}, "properties": {"street": "85 STREET", "from": "15 AVENUE", "to": "16 AVENUE", "side": "N", "zone": "MON_TUE", "zone_label": "Mon/Tue", "schedules": ["MON 11:30AM-1PM"], "all_days": ["MON"], "color": "#2a78d6"}}, {"type": "Feature", "geometry": {"type": "LineString", "coordinates": [[-74.00911217130022, 40.60840553344033], [-74.01054965727542, 40.607024044035974], [-74.01085719621658, 40.60672847529415]]}, "properties": {"street": "16 AVENUE", "from": "BENSON AVENUE", "to": "BATH AVENUE", "side": "W", "zone": "MON_TUE", "zone_label": "Mon/Tue", "schedules": ["MON 11:30AM-1PM"], "all_days": ["MON"], "color": "#2a78d6"}}, {"type": "Feature", "geometry": {"type": "LineString", "coordinates": [[-74.0057866954397, 40.63223716687182], [-74.0035811840217, 40.63090654958982]]}, "properties": {"street": "61 STREET", "from": "11 AVENUE", "to": "FT HAMILTON PARKWAY", "side": "S", "zone": "OTHER", "zone_label": "Other", "schedules": ["THU 8:30AM-10AM"], "all_days": ["THU"], "color": "#898781"}}, {"type": "Feature", "geometry": {"type": "LineString", "coordinates": [[-74.0341430169097, 40.637520623586646], [-74.0324153164295, 40.63698340565329], [-74.032131285139, 40.63689508152067]]}, "properties": {"street": "70 STREET", "from": "NARROWS AVENUE", "to": "COLONIAL ROAD", "side": "N", "zone": "OTHER", "zone_label": "Other", "schedules": ["MON 9:30AM-11AM"], "all_days": ["MON"], "color": "#898781"}}, {"type": "Feature", "geometry": {"type": "LineString", "coordinates": [[-74.01862595701883, 40.62432327795935], [-74.01580081053284, 40.62260637189935]]}, "properties": {"street": "78 STREET", "from": "FT HAMILTON PARKWAY", "to": "10 AVENUE", "side": "N", "zone": "OTHER", "zone_label": "Other", "schedules": ["WED 11:30AM-1PM"], "all_days": ["WED"], "color": "#898781"}}, {"type": "Feature", "geometry": {"type": "LineString", "coordinates": [[-74.00497226618646, 40.63641395478338], [-74.00555493110446, 40.63585494850938]]}, "properties": {"street": "9 AVENUE", "from": "57 STREET", "to": "56 STREET", "side": "E", "zone": "MON_THU", "zone_label": "Mon/Thu", "schedules": ["THU 9:30AM-11AM"], "all_days": ["THU"], "color": "#eda100"}}, {"type": "Feature", "geometry": {"type": "LineString", "coordinates": [[-74.02829659617085, 40.637446763071125], [-74.02776542945173, 40.637281872560926], [-74.02736985861901, 40.63715907348022]]}, "properties": {"street": "68 STREET", "from": "3 AVENUE", "to": "MADELINE COURT", "side": "S", "zone": "MON_TUE", "zone_label": "Mon/Tue", "schedules": ["TUE 8:30AM-10AM"], "all_days": ["TUE"], "color": "#2a78d6"}}, {"type": "Feature", "geometry": {"type": "LineString", "coordinates": [[-74.00495909441996, 40.62613435833288], [-74.00275662614597, 40.624805120261875]]}, "properties": {"street": "67 STREET", "from": "12 AVENUE", "to": "13 AVENUE", "side": "S", "zone": "WED_THU", "zone_label": "Wed/Thu", "schedules": ["THU 8:30AM-10AM"], "all_days": ["THU"], "color": "#e34948"}}, {"type": "Feature", "geometry": {"type": "LineString", "coordinates": [[-74.00826862637372, 40.603038588112405], [-74.00787237458896, 40.60283115370009], [-74.00748424205658, 40.60262796793949]]}, "properties": {"street": "CROPSEY AVENUE", "from": "BAY   17 STREET", "to": "18 AVENUE", "side": "S", "zone": "MON_TUE", "zone_label": "Mon/Tue", "schedules": ["TUE 11:30AM-1PM"], "all_days": ["TUE"], "color": "#2a78d6"}}, {"type": "Feature", "geometry": {"type": "LineString", "coordinates": [[-74.02866690989954, 40.62933255305866], [-74.02821330875798, 40.62922464785886], [-74.02721976106372, 40.62898827611562], [-74.02714012427596, 40.628969329939565], [-74.02648292968506, 40.628812972624296], [-74.0259471002643, 40.628685491298626]]}, "properties": {"street": "78 STREET", "from": "4 AVENUE", "to": "3 AVENUE", "side": "N", "zone": "THU_FRI", "zone_label": "Thu/Fri", "schedules": ["THU 8:30AM-10AM"], "all_days": ["THU"], "color": "#4a3aa7"}}, {"type": "Feature", "geometry": {"type": "LineString", "coordinates": [[-74.01377517626331, 40.61766021316948], [-74.0115705590693, 40.61632855590048]]}, "properties": {"street": "82 STREET", "from": "13 AVENUE", "to": "12 AVENUE", "side": "S", "zone": "WED_FRI", "zone_label": "Wed/Fri", "schedules": ["FRI 8:30AM-10AM"], "all_days": ["FRI"], "color": "#eb6834"}}, {"type": "Feature", "geometry": {"type": "LineString", "coordinates": [[-74.00652984836803, 40.62807255929982], [-74.00432553542204, 40.62674320822981]]}, "properties": {"street": "66 STREET", "from": "12 AVENUE", "to": "11 AVENUE", "side": "N", "zone": "WED_THU", "zone_label": "Wed/Thu", "schedules": ["WED 9:30AM-11AM"], "all_days": ["WED"], "color": "#e34948"}}, {"type": "Feature", "geometry": {"type": "LineString", "coordinates": [[-74.01256742106067, 40.632661042274904], [-74.01321030794867, 40.6320414401789]]}, "properties": {"street": "8 AVENUE", "from": "65 STREET", "to": "66 STREET", "side": "W", "zone": "WED_THU", "zone_label": "Wed/Thu", "schedules": ["WED 11:30AM-1PM"], "all_days": ["WED"], "color": "#e34948"}}, {"type": "Feature", "geometry": {"type": "LineString", "coordinates": [[-74.00264064244253, 40.61457825796688], [-74.00065395109853, 40.61337826102788]]}, "properties": {"street": "78 STREET", "from": "NEW UTRECHT AVENUE", "to": "16 AVENUE", "side": "S", "zone": "THU_FRI", "zone_label": "Thu/Fri", "schedules": ["FRI 11:30AM-1PM"], "all_days": ["FRI"], "color": "#4a3aa7"}}, {"type": "Feature", "geometry": {"type": "LineString", "coordinates": [[-74.01155506680365, 40.630183853952055], [-74.01188236082089, 40.62987097102097], [-74.01215482916172, 40.62961049437734]]}, "properties": {"street": "9 AVENUE", "from": "67 STREET", "to": "68 STREET", "side": "W", "zone": "WED_THU", "zone_label": "Wed/Thu", "schedules": ["WED 11:30AM-1PM"], "all_days": ["WED"], "color": "#e34948"}}, {"type": "Feature", "geometry": {"type": "LineString", "coordinates": [[-74.03228436596343, 40.61746123678299], [-74.03207302974707, 40.61735589928806], [-74.03185612655159, 40.617247789171074]]}, "properties": {"street": "94 STREET", "from": "4 AVENUE", "to": "3 AVENUE", "side": "N", "zone": "MON_TUE", "zone_label": "Mon/Tue", "schedules": ["MON 9:30AM-11AM"], "all_days": ["MON"], "color": "#2a78d6"}}, {"type": "Feature", "geometry": {"type": "LineString", "coordinates": [[-74.01933998771923, 40.61920056670861], [-74.01713811075523, 40.6178711343476]]}, "properties": {"street": "84 STREET", "from": "10 AVENUE", "to": "11 AVENUE", "side": "S", "zone": "WED_FRI", "zone_label": "Wed/Fri", "schedules": ["FRI 9:30AM-11AM"], "all_days": ["FRI"], "color": "#eb6834"}}, {"type": "Feature", "geometry": {"type": "LineString", "coordinates": [[-74.00561999349605, 40.635893888834076], [-74.00620313232406, 40.63533116108307]]}, "properties": {"street": "9 AVENUE", "from": "57 STREET", "to": "58 STREET", "side": "W", "zone": "MON_THU", "zone_label": "Mon/Thu", "schedules": ["MON 9:30AM-11AM"], "all_days": ["MON"], "color": "#eda100"}}, {"type": "Feature", "geometry": {"type": "LineString", "coordinates": [[-74.01065791427371, 40.62415321819828], [-74.01123991588571, 40.62359369642128]]}, "properties": {"street": "11 AVENUE", "from": "73 STREET", "to": "74 STREET", "side": "W", "zone": "WED_THU", "zone_label": "Wed/Thu", "schedules": ["WED 9:30AM-11AM"], "all_days": ["WED"], "color": "#e34948"}}, {"type": "Feature", "geometry": {"type": "LineString", "coordinates": [[-74.0158009176886, 40.622606436489946], [-74.01359798298358, 40.62127665026694]]}, "properties": {"street": "78 STREET", "from": "11 AVENUE", "to": "10 AVENUE", "side": "N", "zone": "WED_FRI", "zone_label": "Wed/Fri", "schedules": ["WED 9:30AM-11AM"], "all_days": ["WED"], "color": "#eb6834"}}, {"type": "Feature", "geometry": {"type": "LineString", "coordinates": [[-74.00391927777126, 40.62368521649437], [-74.00347791263245, 40.62341837004422], [-74.00212869508964, 40.62260261890516], [-74.00172090535618, 40.622356057341015]]}, "properties": {"street": "BAY RIDGE AVENUE", "from": "13 AVENUE", "to": "14 AVENUE", "side": "S", "zone": "WED_THU", "zone_label": "Wed/Thu", "schedules": ["THU 8:30AM-10AM"], "all_days": ["THU"], "color": "#e34948"}}, {"type": "Feature", "geometry": {"type": "LineString", "coordinates": [[-74.00351385063074, 40.608731002730764], [-74.00197722407674, 40.607801313641765]]}, "properties": {"street": "85 STREET", "from": "BAY   16 STREET", "to": "18 AVENUE", "side": "S", "zone": "OTHER", "zone_label": "Other", "schedules": ["TUE 8:30AM-10AM"], "all_days": ["TUE"], "color": "#898781"}}, {"type": "Feature", "geometry": {"type": "LineString", "coordinates": [[-74.00023134737562, 40.61694391221696], [-74.00085782952561, 40.61634133446396]]}, "properties": {"street": "16 AVENUE", "from": "73 STREET", "to": "74 STREET", "side": "W", "zone": "THU_FRI", "zone_label": "Thu/Fri", "schedules": ["FRI 11:30AM-1PM"], "all_days": ["FRI"], "color": "#4a3aa7"}}, {"type": "Feature", "geometry": {"type": "LineString", "coordinates": [[-74.02177004880097, 40.624387907927414], [-74.02149024447748, 40.624220509137835], [-74.02060102768343, 40.623688518690784]]}, "properties": {"street": "80 STREET", "from": "7 AVENUE", "to": "6 AVENUE", "side": "N", "zone": "THU_FRI", "zone_label": "Thu/Fri", "schedules": ["THU 11:30AM-1PM"], "all_days": ["THU"], "color": "#4a3aa7"}}, {"type": "Feature", "geometry": {"type": "LineString", "coordinates": [[-74.0131908978879, 40.6182197887238], [-74.0109888452749, 40.6168899595468]]}, "properties": {"street": "81 STREET", "from": "12 AVENUE", "to": "13 AVENUE", "side": "S", "zone": "WED_FRI", "zone_label": "Wed/Fri", "schedules": ["FRI 8:30AM-10AM"], "all_days": ["FRI"], "color": "#eb6834"}}, {"type": "Feature", "geometry": {"type": "LineString", "coordinates": [[-74.00591535075061, 40.606474727590786], [-74.00641919142161, 40.60598508660079]]}, "properties": {"street": "BAY   16 STREET", "from": "BENSON AVENUE", "to": "RUTHERFORD PLACE", "side": "W", "zone": "MON_TUE", "zone_label": "Mon/Tue", "schedules": ["MON 11:30AM-1PM"], "all_days": ["MON"], "color": "#2a78d6"}}, {"type": "Feature", "geometry": {"type": "LineString", "coordinates": [[-74.008979848942, 40.63605870915952], [-74.00677833193801, 40.63472841477452]]}, "properties": {"street": "59 STREET", "from": "9 AVENUE", "to": "8 AVENUE", "side": "S", "zone": "MON_THU", "zone_label": "Mon/Thu", "schedules": ["THU 9:30AM-11AM"], "all_days": ["THU"], "color": "#eda100"}}, {"type": "Feature", "geometry": {"type": "LineString", "coordinates": [[-74.01431183571627, 40.627230766513385], [-74.01227243036328, 40.625999225552384]]}, "properties": {"street": "72 STREET", "from": "10 AVENUE", "to": "FT HAMILTON PARKWAY", "side": "S", "zone": "WED_THU", "zone_label": "Wed/Thu", "schedules": ["THU 9:30AM-11AM"], "all_days": ["THU"], "color": "#e34948"}}, {"type": "Feature", "geometry": {"type": "LineString", "coordinates": [[-74.02119107815251, 40.61850486005746], [-74.02050168220552, 40.61809071869046]]}, "properties": {"street": "86 STREET", "from": "10 AVENUE", "to": "7 AVENUE", "side": "N", "zone": "OTHER", "zone_label": "Other", "schedules": ["WED 11:30AM-1PM"], "all_days": ["WED"], "color": "#898781"}}, {"type": "Feature", "geometry": {"type": "LineString", "coordinates": [[-74.00151183099541, 40.61020867849549], [-74.00179878702741, 40.60913137008549]]}, "properties": {"street": "NEW UTRECHT AVENUE", "from": "84 STREET", "to": "81 STREET", "side": "E", "zone": "DAILY", "zone_label": "Daily (except Sun)", "schedules": ["MON/TUE/WED/THU/FRI/SAT 6:30AM-7AM"], "all_days": ["MON", "TUE", "WED", "THU", "FRI", "SAT"], "color": "#e87ba4"}}, {"type": "Feature", "geometry": {"type": "LineString", "coordinates": [[-74.0034156921762, 40.63452192832571], [-74.0012049391762, 40.63319385928872]]}, "properties": {"street": "57 STREET", "from": "11 AVENUE", "to": "FT HAMILTON PARKWAY", "side": "S", "zone": "MON_THU", "zone_label": "Mon/Thu", "schedules": ["THU 8:30AM-10AM"], "all_days": ["THU"], "color": "#eda100"}}, {"type": "Feature", "geometry": {"type": "LineString", "coordinates": [[-74.00925699501809, 40.642689161271846], [-74.00705442621708, 40.641358099707844]]}, "properties": {"street": "52 STREET", "from": "6 AVENUE", "to": "7 AVENUE", "side": "N", "zone": "THU_FRI", "zone_label": "Thu/Fri", "schedules": ["THU 11:30AM-1PM"], "all_days": ["THU"], "color": "#4a3aa7"}}, {"type": "Feature", "geometry": {"type": "LineString", "coordinates": [[-74.00570925858362, 40.605552943744286], [-74.00694424958863, 40.604365997491286]]}, "properties": {"street": "BAY   17 STREET", "from": "BATH AVENUE", "to": "RUTHERFORD PLACE", "side": "W", "zone": "MON_TUE", "zone_label": "Mon/Tue", "schedules": ["MON 11:30AM-1PM"], "all_days": ["MON"], "color": "#2a78d6"}}, {"type": "Feature", "geometry": {"type": "LineString", "coordinates": [[-74.02767443552995, 40.63988317788773], [-74.0278650866593, 40.639699488368095], [-74.02850817055996, 40.639079900245726]]}, "properties": {"street": "BERGEN PLACE", "from": "WAKEMAN PLACE", "to": "67 STREET", "side": "E", "zone": "MON_TUE", "zone_label": "Mon/Tue", "schedules": ["TUE 9:30AM-11AM"], "all_days": ["TUE"], "color": "#2a78d6"}}, {"type": "Feature", "geometry": {"type": "LineString", "coordinates": [[-74.00741642011178, 40.60738176639307], [-74.00916101012179, 40.605703256508065]]}, "properties": {"street": "BAY   14 STREET", "from": "BATH AVENUE", "to": "BENSON AVENUE", "side": "E", "zone": "MON_TUE", "zone_label": "Mon/Tue", "schedules": ["TUE 11:30AM-1PM"], "all_days": ["TUE"], "color": "#2a78d6"}}, {"type": "Feature", "geometry": {"type": "LineString", "coordinates": [[-74.01662071043386, 40.64249464320823], [-74.01442340452186, 40.641169448128224]]}, "properties": {"street": "57 STREET", "from": "5 AVENUE", "to": "4 AVENUE", "side": "S", "zone": "WED_THU", "zone_label": "Wed/Thu", "schedules": ["WED 8:30AM-10AM"], "all_days": ["WED"], "color": "#e34948"}}, {"type": "Feature", "geometry": {"type": "LineString", "coordinates": [[-74.02627778034369, 40.62789840871527], [-74.02616115701709, 40.6278701124809], [-74.02388032775288, 40.62649805575719]]}, "properties": {"street": "79 STREET", "from": "4 AVENUE", "to": "5 AVENUE", "side": "S", "zone": "THU_FRI", "zone_label": "Thu/Fri", "schedules": ["FRI 8:30AM-10AM"], "all_days": ["FRI"], "color": "#4a3aa7"}}, {"type": "Feature", "geometry": {"type": "LineString", "coordinates": [[-74.01050582635978, 40.60924688890515], [-74.01224999831977, 40.607570502988146]]}, "properties": {"street": "BAY   10 STREET", "from": "BENSON AVENUE", "to": "BATH AVENUE", "side": "E", "zone": "WED_FRI", "zone_label": "Wed/Fri", "schedules": ["FRI 11:30AM-1PM"], "all_days": ["FRI"], "color": "#eb6834"}}, {"type": "Feature", "geometry": {"type": "LineString", "coordinates": [[-74.01370175606957, 40.63151895074017], [-74.01149684327056, 40.630188918150175]]}, "properties": {"street": "67 STREET", "from": "7 AVENUE", "to": "8 AVENUE", "side": "N", "zone": "WED_THU", "zone_label": "Wed/Thu", "schedules": ["WED 11:30AM-1PM"], "all_days": ["WED"], "color": "#e34948"}}, {"type": "Feature", "geometry": {"type": "LineString", "coordinates": [[-74.0237530250765, 40.616962134460465], [-74.02393447583461, 40.616745499403365], [-74.02467456097803, 40.61586188908338], [-74.02487077851693, 40.615627614096496]]}, "properties": {"street": "BATTERY AVENUE", "from": "92 STREET", "to": "90 STREET", "side": "W", "zone": "MON_TUE", "zone_label": "Mon/Tue", "schedules": ["MON 11:30AM-1PM"], "all_days": ["MON"], "color": "#2a78d6"}}, {"type": "Feature", "geometry": {"type": "LineString", "coordinates": [[-74.0022513630913, 40.621847097212175], [-74.0000477789083, 40.62051595277518]]}, "properties": {"street": "70 STREET", "from": "15 AVENUE", "to": "14 AVENUE", "side": "N", "zone": "THU_FRI", "zone_label": "Thu/Fri", "schedules": ["THU 11:30AM-1PM"], "all_days": ["THU"], "color": "#4a3aa7"}}, {"type": "Feature", "geometry": {"type": "LineString", "coordinates": [[-74.00820397825558, 40.61611680915621], [-74.0079437784498, 40.615959471144265], [-74.00600555712515, 40.614787397837574]]}, "properties": {"street": "80 STREET", "from": "15 AVENUE", "to": "14 AVENUE", "side": "S", "zone": "THU_FRI", "zone_label": "Thu/Fri", "schedules": ["FRI 11:30AM-1PM"], "all_days": ["FRI"], "color": "#4a3aa7"}}, {"type": "Feature", "geometry": {"type": "LineString", "coordinates": [[-74.02426080392418, 40.63284039786737], [-74.02176015187618, 40.63166934898437]]}, "properties": {"street": "72 STREET", "from": "FOURTH AVENUE", "to": "FIFTH AVENUE", "side": "S", "zone": "MON_TUE", "zone_label": "Mon/Tue", "schedules": ["TUE 8:30AM-10AM"], "all_days": ["TUE"], "color": "#2a78d6"}}, {"type": "Feature", "geometry": {"type": "LineString", "coordinates": [[-74.00490753021403, 40.62618357661313], [-74.00270506194003, 40.62485433854213]]}, "properties": {"street": "67 STREET", "from": "12 AVENUE", "to": "13 AVENUE", "side": "N", "zone": "WED_THU", "zone_label": "Wed/Thu", "schedules": ["WED 8:30AM-10AM"], "all_days": ["WED"], "color": "#e34948"}}, {"type": "Feature", "geometry": {"type": "LineString", "coordinates": [[-74.00982693710664, 40.6180074285529], [-74.00762514786663, 40.6166780750099]]}, "properties": {"street": "79 STREET", "from": "13 AVENUE", "to": "14 AVENUE", "side": "S", "zone": "WED_FRI", "zone_label": "Wed/Fri", "schedules": ["FRI 8:30AM-10AM"], "all_days": ["FRI"], "color": "#eb6834"}}, {"type": "Feature", "geometry": {"type": "LineString", "coordinates": [[-74.02534910346306, 40.63014738168476], [-74.02523686349001, 40.63011698086972], [-74.02293512606356, 40.62873418967775]]}, "properties": {"street": "76 STREET", "from": "5 AVENUE", "to": "4 AVENUE", "side": "N", "zone": "THU_FRI", "zone_label": "Thu/Fri", "schedules": ["THU 8:30AM-10AM"], "all_days": ["THU"], "color": "#4a3aa7"}}, {"type": "Feature", "geometry": {"type": "LineString", "coordinates": [[-74.008787499226, 40.61555944970399], [-74.00851668745183, 40.615395728769975], [-74.00658700531133, 40.6142290593386]]}, "properties": {"street": "81 STREET", "from": "14 AVENUE", "to": "15 AVENUE", "side": "S", "zone": "THU_FRI", "zone_label": "Thu/Fri", "schedules": ["FRI 11:30AM-1PM"], "all_days": ["FRI"], "color": "#4a3aa7"}}, {"type": "Feature", "geometry": {"type": "LineString", "coordinates": [[-74.03405693133865, 40.62334139714206], [-74.03236247275308, 40.62294076768009], [-74.0313735079498, 40.6227069247288]]}, "properties": {"street": "87 STREET", "from": "RIDGE BOULEVARD", "to": "COLONIAL ROAD", "side": "S", "zone": "THU_FRI", "zone_label": "Thu/Fri", "schedules": ["THU 8:30AM-10AM"], "all_days": ["THU"], "color": "#4a3aa7"}}, {"type": "Feature", "geometry": {"type": "LineString", "coordinates": [[-74.00310062572302, 40.64170736663753], [-74.00090090822103, 40.640378726392534]]}, "properties": {"street": "49 STREET", "from": "8 AVENUE", "to": "7 AVENUE", "side": "N", "zone": "DAILY", "zone_label": "Daily (except Sun)", "schedules": ["WED 11:30AM-1PM"], "all_days": ["WED"], "color": "#e87ba4"}}, {"type": "Feature", "geometry": {"type": "LineString", "coordinates": [[-74.01072642069441, 40.60294883525313], [-74.01035858549587, 40.60272531381587], [-74.0099922185099, 40.60250267444972]]}, "properties": {"street": "17 COURT", "from": "BAY   16 STREET", "to": "17 AVENUE", "side": "N", "zone": "MON_TUE", "zone_label": "Mon/Tue", "schedules": ["TUE 11:30AM-1PM"], "all_days": ["TUE"], "color": "#2a78d6"}}, {"type": "Feature", "geometry": {"type": "LineString", "coordinates": [[-74.00705023583802, 40.63209368875121], [-74.00636591726003, 40.63167731939621]]}, "properties": {"street": "62 STREET", "from": "FORT HAMILTON PARKWAY", "to": "10 AVENUE", "side": "S", "zone": "WED_THU", "zone_label": "Wed/Thu", "schedules": ["THU 9:30AM-11AM"], "all_days": ["THU"], "color": "#e34948"}}, {"type": "Feature", "geometry": {"type": "LineString", "coordinates": [[-74.00207433201653, 40.59970708238935], [-74.00307210681454, 40.59872437376335]]}, "properties": {"street": "BAY   25 STREET", "from": "CROPSEY AVENUE", "to": "21 DRIVE", "side": "E", "zone": "WED_FRI", "zone_label": "Wed/Fri", "schedules": ["FRI 9:30AM-11AM"], "all_days": ["FRI"], "color": "#eb6834"}}, {"type": "Feature", "geometry": {"type": "LineString", "coordinates": [[-74.00426703452172, 40.616509542457], [-74.00484702600771, 40.615950134094]]}, "properties": {"street": "15 AVENUE", "from": "77 STREET", "to": "78 STREET", "side": "W", "zone": "OTHER", "zone_label": "Other", "schedules": ["MON 11:30AM-1PM"], "all_days": ["MON"], "color": "#898781"}}, {"type": "Feature", "geometry": {"type": "LineString", "coordinates": [[-74.00300066634529, 40.61767745349411], [-74.00079950861628, 40.61634644847611]]}, "properties": {"street": "BAY RIDGE PARKWAY", "from": "NEW UTRECHT AVENUE", "to": "16 AVENUE", "side": "N", "zone": "OTHER", "zone_label": "Other", "schedules": ["MON 11:30AM-1PM"], "all_days": ["MON"], "color": "#898781"}}, {"type": "Feature", "geometry": {"type": "LineString", "coordinates": [[-74.01194205145288, 40.63326211238282], [-74.01256738729788, 40.632661075060824]]}, "properties": {"street": "8 AVENUE", "from": "64 STREET", "to": "65 STREET", "side": "W", "zone": "WED_THU", "zone_label": "Wed/Thu", "schedules": ["WED 11:30AM-1PM"], "all_days": ["WED"], "color": "#e34948"}}, {"type": "Feature", "geometry": {"type": "LineString", "coordinates": [[-74.00432550424945, 40.626743189101425], [-74.00212369043945, 40.62541265215343]]}, "properties": {"street": "66 STREET", "from": "13 AVENUE", "to": "12 AVENUE", "side": "N", "zone": "WED_THU", "zone_label": "Wed/Thu", "schedules": ["WED 8:30AM-10AM"], "all_days": ["WED"], "color": "#e34948"}}, {"type": "Feature", "geometry": {"type": "LineString", "coordinates": [[-74.01992168936984, 40.61864009407576], [-74.01771868437983, 40.61730956558776]]}, "properties": {"street": "85 STREET", "from": "10 AVENUE", "to": "11 AVENUE", "side": "S", "zone": "WED_FRI", "zone_label": "Wed/Fri", "schedules": ["FRI 9:30AM-11AM"], "all_days": ["FRI"], "color": "#eb6834"}}, {"type": "Feature", "geometry": {"type": "LineString", "coordinates": [[-74.0173781384441, 40.638324734819264], [-74.01517278648811, 40.63699819485327]]}, "properties": {"street": "62 STREET", "from": "5 AVENUE", "to": "6 AVENUE", "side": "S", "zone": "WED_THU", "zone_label": "Wed/Thu", "schedules": ["WED 9:30AM-11AM"], "all_days": ["WED"], "color": "#e34948"}}, {"type": "Feature", "geometry": {"type": "LineString", "coordinates": [[-74.01674388873735, 40.63893184426609], [-74.01454237105834, 40.637603743750084]]}, "properties": {"street": "61 STREET", "from": "6 AVENUE", "to": "5 AVENUE", "side": "N", "zone": "WED_THU", "zone_label": "Wed/Thu", "schedules": ["THU 9:30AM-11AM"], "all_days": ["THU"], "color": "#e34948"}}, {"type": "Feature", "geometry": {"type": "LineString", "coordinates": [[-74.0209264542958, 40.619246262030906], [-74.0199216727438, 40.6186400837299]]}, "properties": {"street": "85 STREET", "from": "7 AVENUE", "to": "10 AVENUE", "side": "S", "zone": "WED_FRI", "zone_label": "Wed/Fri", "schedules": ["FRI 11:30AM-1PM"], "all_days": ["FRI"], "color": "#eb6834"}}, {"type": "Feature", "geometry": {"type": "LineString", "coordinates": [[-74.01071774081464, 40.63438939809176], [-74.00851258022564, 40.63306101096276]]}, "properties": {"street": "62 STREET", "from": "8 AVENUE", "to": "9 AVENUE", "side": "N", "zone": "WED_THU", "zone_label": "Wed/Thu", "schedules": ["WED 11:30AM-1PM"], "all_days": ["WED"], "color": "#e34948"}}, {"type": "Feature", "geometry": {"type": "LineString", "coordinates": [[-74.00565086512643, 40.605557988880136], [-74.00490988572443, 40.605107158955136]]}, "properties": {"street": "RUTHERFORD PLACE", "from": "18 AVENUE", "to": "BAY   17 STREET", "side": "N", "zone": "MON_TUE", "zone_label": "Mon/Tue", "schedules": ["MON 11:30AM-1PM"], "all_days": ["MON"], "color": "#2a78d6"}}, {"type": "Feature", "geometry": {"type": "LineString", "coordinates": [[-74.01151233560597, 40.616333603374635], [-74.01209550330297, 40.61577626445564]]}, "properties": {"street": "13 AVENUE", "from": "83 STREET", "to": "82 STREET", "side": "E", "zone": "WED_FRI", "zone_label": "Wed/Fri", "schedules": ["FRI 8:30AM-10AM"], "all_days": ["FRI"], "color": "#eb6834"}}, {"type": "Feature", "geometry": {"type": "LineString", "coordinates": [[-74.01592486337253, 40.619037705537394], [-74.01372361115054, 40.617709427260394]]}, "properties": {"street": "82 STREET", "from": "12 AVENUE", "to": "11 AVENUE", "side": "N", "zone": "WED_FRI", "zone_label": "Wed/Fri", "schedules": ["WED 9:30AM-11AM"], "all_days": ["WED"], "color": "#eb6834"}}, {"type": "Feature", "geometry": {"type": "LineString", "coordinates": [[-74.00016631992439, 40.616904956233036], [-74.00079280207439, 40.616302378480036]]}, "properties": {"street": "16 AVENUE", "from": "BAY RIDGE PARKWAY", "to": "74 STREET", "side": "E", "zone": "OTHER", "zone_label": "Other", "schedules": ["MON 11:30AM-1PM"], "all_days": ["MON"], "color": "#898781"}}, {"type": "Feature", "geometry": {"type": "LineString", "coordinates": [[-74.00588694576265, 40.61839823700076], [-74.00646769649666, 40.617842476513765]]}, "properties": {"street": "14 AVENUE", "from": "76 STREET", "to": "77 STREET", "side": "W", "zone": "WED_FRI", "zone_label": "Wed/Fri", "schedules": ["WED 8:30AM-10AM"], "all_days": ["WED"], "color": "#eb6834"}}, {"type": "Feature", "geometry": {"type": "LineString", "coordinates": [[-74.01651474219337, 40.62575892736443], [-74.0144485685103, 40.62451175974434], [-74.01406057997718, 40.624277556138715]]}, "properties": {"street": "BAY RIDGE PARKWAY", "from": "FORT HAMILTON PARKWAY", "to": "10 AVENUE", "side": "S", "zone": "WED_FRI", "zone_label": "Wed/Fri", "schedules": ["FRI 11:30AM-1PM"], "all_days": ["FRI"], "color": "#eb6834"}}, {"type": "Feature", "geometry": {"type": "LineString", "coordinates": [[-74.03263440843935, 40.63412737459593], [-74.03276634606179, 40.63380786009206], [-74.03278319435177, 40.63376705166903], [-74.03291535425205, 40.633446969564005]]}, "properties": {"street": "COLONIAL ROAD", "from": "73 STREET", "to": "74 STREET", "side": "W", "zone": "MON_TUE", "zone_label": "Mon/Tue", "schedules": ["MON 9:30AM-11AM"], "all_days": ["MON"], "color": "#2a78d6"}}, {"type": "Feature", "geometry": {"type": "LineString", "coordinates": [[-74.01437180270003, 40.64121865100609], [-74.01217038600802, 40.6398875964321]]}, "properties": {"street": "57 STREET", "from": "6 AVENUE", "to": "5 AVENUE", "side": "N", "zone": "WED_THU", "zone_label": "Wed/Thu", "schedules": ["THU 8:30AM-10AM"], "all_days": ["THU"], "color": "#e34948"}}, {"type": "Feature", "geometry": {"type": "LineString", "coordinates": [[-74.03216264675353, 40.63683687729781], [-74.03188340613802, 40.63675042411334], [-74.03156453717777, 40.636651698095115]]}, "properties": {"street": "70 STREET", "from": "LOUISE TERRACE", "to": "COLONIAL ROAD", "side": "S", "zone": "MON_TUE", "zone_label": "Mon/Tue", "schedules": ["TUE 9:30AM-11AM"], "all_days": ["TUE"], "color": "#2a78d6"}}, {"type": "Feature", "geometry": {"type": "LineString", "coordinates": [[-74.00705173186672, 40.63214179454783], [-74.00776839036273, 40.63166188874683]]}, "properties": {"street": "FORT HAMILTON PARKWAY", "from": "63 STREET", "to": "62 STREET", "side": "E", "zone": "WED_THU", "zone_label": "Wed/Thu", "schedules": ["THU 11:30AM-1PM"], "all_days": ["THU"], "color": "#e34948"}}, {"type": "Feature", "geometry": {"type": "LineString", "coordinates": [[-74.00677831277785, 40.63472840347529], [-74.00484850335785, 40.6335636519893]]}, "properties": {"street": "59 STREET", "from": "FT HAMILTON PARKWAY", "to": "9 AVENUE", "side": "S", "zone": "MON_THU", "zone_label": "Mon/Thu", "schedules": ["THU 9:30AM-11AM"], "all_days": ["THU"], "color": "#eda100"}}, {"type": "Feature", "geometry": {"type": "LineString", "coordinates": [[-74.00808086235398, 40.61968390130776], [-74.00588029295498, 40.61835410052376]]}, "properties": {"street": "76 STREET", "from": "14 AVENUE", "to": "13 AVENUE", "side": "S", "zone": "WED_FRI", "zone_label": "Wed/Fri", "schedules": ["FRI 8:30AM-10AM"], "all_days": ["FRI"], "color": "#eb6834"}}, {"type": "Feature", "geometry": {"type": "LineString", "coordinates": [[-74.01111358331643, 40.61332267167488], [-74.00891050423543, 40.61199040697288]]}, "properties": {"street": "85 STREET", "from": "14 AVENUE", "to": "15 AVENUE", "side": "S", "zone": "MON_TUE", "zone_label": "Mon/Tue", "schedules": ["TUE 11:30AM-1PM"], "all_days": ["TUE"], "color": "#2a78d6"}}, {"type": "Feature", "geometry": {"type": "LineString", "coordinates": [[-74.01186627875903, 40.62299206571022], [-74.01215847574286, 40.622710874777844], [-74.01249219236406, 40.622389731352435]]}, "properties": {"street": "11 AVENUE", "from": "BAY RIDGE PARKWAY", "to": "76 STREET", "side": "W", "zone": "WED_FRI", "zone_label": "Wed/Fri", "schedules": ["WED 9:30AM-11AM"], "all_days": ["WED"], "color": "#eb6834"}}, {"type": "Feature", "geometry": {"type": "LineString", "coordinates": [[-74.00198727254619, 40.63548303141745], [-74.00004253078419, 40.63430938242545]]}, "properties": {"street": "55 STREET", "from": "11 AVENUE", "to": "FORT HAMILTON PARKWAY", "side": "S", "zone": "MON_THU", "zone_label": "Mon/Thu", "schedules": ["THU 8:30AM-10AM"], "all_days": ["THU"], "color": "#eda100"}}, {"type": "Feature", "geometry": {"type": "LineString", "coordinates": [[-74.01003401940665, 40.606231845141146], [-74.01153376602664, 40.60478774486815]]}, "properties": {"street": "BAY   13 STREET", "from": "BATH AVENUE", "to": "CROPSEY AVENUE", "side": "W", "zone": "MON_TUE", "zone_label": "Mon/Tue", "schedules": ["MON 11:30AM-1PM"], "all_days": ["MON"], "color": "#2a78d6"}}, {"type": "Feature", "geometry": {"type": "LineString", "coordinates": [[-74.0111235261974, 40.637393114527185], [-74.0117278588224, 40.63681210255318]]}, "properties": {"street": "7 AVENUE", "from": "60 STREET", "to": "59 STREET", "side": "E", "zone": "THU_FRI", "zone_label": "Thu/Fri", "schedules": ["THU 11:30AM-1PM"], "all_days": ["THU"], "color": "#4a3aa7"}}, {"type": "Feature", "geometry": {"type": "LineString", "coordinates": [[-74.03266121999512, 40.61399184057555], [-74.03185840023887, 40.61359217112095], [-74.0312799837374, 40.61330421721272], [-74.03087815591572, 40.61310416722012]]}, "properties": {"street": "MARINE AVENUE", "from": "4 AVENUE", "to": "FORT HAMILTON PARKWAY", "side": "S", "zone": "THU_FRI", "zone_label": "Thu/Fri", "schedules": ["THU 11:30AM-1PM"], "all_days": ["THU"], "color": "#4a3aa7"}}, {"type": "Feature", "geometry": {"type": "LineString", "coordinates": [[-74.00231600222857, 40.63207324929331], [-74.00292016258958, 40.63149225630931]]}, "properties": {"street": "11 AVENUE", "from": "60 STREET", "to": "59 STREET", "side": "E", "zone": "MON_THU", "zone_label": "Mon/Thu", "schedules": ["MON 8:30AM-10AM"], "all_days": ["MON"], "color": "#eda100"}}, {"type": "Feature", "geometry": {"type": "LineString", "coordinates": [[-74.00873589265998, 40.61560863800802], [-74.00846507926816, 40.61544491609603], [-74.00653539690066, 40.614278246527405]]}, "properties": {"street": "81 STREET", "from": "14 AVENUE", "to": "15 AVENUE", "side": "N", "zone": "THU_FRI", "zone_label": "Thu/Fri", "schedules": ["THU 11:30AM-1PM"], "all_days": ["THU"], "color": "#4a3aa7"}}, {"type": "Feature", "geometry": {"type": "LineString", "coordinates": [[-74.00388724231297, 40.60269563153656], [-74.00517414674998, 40.60145919986356]]}, "properties": {"street": "19 AVENUE", "from": "BATH AVENUE", "to": "CROPSEY AVENUE", "side": "W", "zone": "MON_TUE", "zone_label": "Mon/Tue", "schedules": ["MON 11:30AM-1PM"], "all_days": ["MON"], "color": "#2a78d6"}}, {"type": "Feature", "geometry": {"type": "LineString", "coordinates": [[-74.03167164112418, 40.629177290850514], [-74.02898939969518, 40.62854228498152]]}, "properties": {"street": "79 STREET", "from": "RIDGE BOULEVARD", "to": "3 AVENUE", "side": "S", "zone": "THU_FRI", "zone_label": "Thu/Fri", "schedules": ["FRI 8:30AM-10AM"], "all_days": ["FRI"], "color": "#4a3aa7"}}, {"type": "Feature", "geometry": {"type": "LineString", "coordinates": [[-74.00981382956729, 40.603888206170694], [-74.01078494078429, 40.60294363430969]]}, "properties": {"street": "17 AVENUE", "from": "CROPSEY AVENUE", "to": "17 COURT", "side": "W", "zone": "MON_TUE", "zone_label": "Mon/Tue", "schedules": ["MON 11:30AM-1PM"], "all_days": ["MON"], "color": "#2a78d6"}}, {"type": "Feature", "geometry": {"type": "LineString", "coordinates": [[-74.02832583037632, 40.635233054551904], [-74.02650537096687, 40.63496257321458], [-74.02641427182047, 40.63485552898329]]}, "properties": {"street": "OVINGTON AVENUE", "from": "3 AVENUE", "to": "RIDGE BOULEVARD", "side": "S", "zone": "MON_TUE", "zone_label": "Mon/Tue", "schedules": ["TUE 8:30AM-10AM"], "all_days": ["TUE"], "color": "#2a78d6"}}, {"type": "Feature", "geometry": {"type": "LineString", "coordinates": [[-74.01255948800998, 40.618826936525544], [-74.01035809041998, 40.61749654726655]]}, "properties": {"street": "80 STREET", "from": "13 AVENUE", "to": "12 AVENUE", "side": "N", "zone": "WED_FRI", "zone_label": "Wed/Fri", "schedules": ["WED 8:30AM-10AM"], "all_days": ["WED"], "color": "#eb6834"}}, {"type": "Feature", "geometry": {"type": "LineString", "coordinates": [[-74.02987539534898, 40.63347309875584], [-74.03015264012599, 40.63278966720784]]}, "properties": {"street": "RIDGE BOULEVARD", "from": "74 STREET", "to": "73 STREET", "side": "E", "zone": "MON_TUE", "zone_label": "Mon/Tue", "schedules": ["TUE 9:30AM-11AM"], "all_days": ["TUE"], "color": "#2a78d6"}}, {"type": "Feature", "geometry": {"type": "LineString", "coordinates": [[-74.01972852499411, 40.628685961902285], [-74.0183551248971, 40.62784569765029]]}, "properties": {"street": "74 STREET", "from": "7 AVENUE", "to": "6 AVENUE", "side": "S", "zone": "MON_TUE", "zone_label": "Mon/Tue", "schedules": ["TUE 11:30AM-1PM"], "all_days": ["TUE"], "color": "#2a78d6"}}, {"type": "Feature", "geometry": {"type": "LineString", "coordinates": [[-74.00641902239437, 40.605985249197545], [-74.00765938454437, 40.604796034374544]]}, "properties": {"street": "BAY   16 STREET", "from": "RUTHERFORD PLACE", "to": "BATH AVENUE", "side": "W", "zone": "MON_TUE", "zone_label": "Mon/Tue", "schedules": ["MON 11:30AM-1PM"], "all_days": ["MON"], "color": "#2a78d6"}}, {"type": "Feature", "geometry": {"type": "LineString", "coordinates": [[-74.02298662583247, 40.62868493081048], [-74.02062645259147, 40.62726022426648]]}, "properties": {"street": "76 STREET", "from": "6 AVENUE", "to": "5 AVENUE", "side": "S", "zone": "MON_TUE", "zone_label": "Mon/Tue", "schedules": ["TUE 11:30AM-1PM"], "all_days": ["TUE"], "color": "#2a78d6"}}, {"type": "Feature", "geometry": {"type": "LineString", "coordinates": [[-74.02621109828915, 40.61509969612945], [-74.0264782363305, 40.61466552091418], [-74.02733235927758, 40.61322979517608]]}, "properties": {"street": "DAHLGREEN PLACE", "from": "FT HILL PLACE", "to": "92 STREET", "side": "E", "zone": "MON_TUE", "zone_label": "Mon/Tue", "schedules": ["TUE 11:30AM-1PM"], "all_days": ["TUE"], "color": "#2a78d6"}}, {"type": "Feature", "geometry": {"type": "LineString", "coordinates": [[-74.00157941677742, 40.60146949967324], [-74.00284696406642, 40.60023059095224]]}, "properties": {"street": "20 AVENUE", "from": "BATH AVENUE", "to": "CROPSEY AVENUE", "side": "W", "zone": "MON_TUE", "zone_label": "Mon/Tue", "schedules": ["MON 11:30AM-1PM"], "all_days": ["MON"], "color": "#2a78d6"}}, {"type": "Feature", "geometry": {"type": "LineString", "coordinates": [[-74.01754539983274, 40.62093099966418], [-74.01713932353438, 40.62068496638457], [-74.0153427446368, 40.61959641031329]]}, "properties": {"street": "81 STREET", "from": "7 AVENUE", "to": "10 AVENUE", "side": "N", "zone": "WED_FRI", "zone_label": "Wed/Fri", "schedules": ["WED 11:30AM-1PM"], "all_days": ["WED"], "color": "#eb6834"}}, {"type": "Feature", "geometry": {"type": "LineString", "coordinates": [[-74.02369535145269, 40.61697155328447], [-74.02314651555767, 40.616698222164196], [-74.02279285237906, 40.61652208760175]]}, "properties": {"street": "90 STREET", "from": "PARROTT PLACE", "to": "BATTERY AVENUE", "side": "N", "zone": "MON_TUE", "zone_label": "Mon/Tue", "schedules": ["MON 11:30AM-1PM"], "all_days": ["MON"], "color": "#2a78d6"}}, {"type": "Feature", "geometry": {"type": "LineString", "coordinates": [[-74.03340504936446, 40.62494501250592], [-74.03072145091046, 40.62430647749192]]}, "properties": {"street": "85 STREET", "from": "RIDGE BOULEVARD", "to": "THIRD AVENUE", "side": "S", "zone": "MON_TUE", "zone_label": "Mon/Tue", "schedules": ["TUE 8:30AM-10AM"], "all_days": ["TUE"], "color": "#2a78d6"}}, {"type": "Feature", "geometry": {"type": "LineString", "coordinates": [[-74.01591813351688, 40.61899360621054], [-74.01649858117588, 40.61843576852754]]}, "properties": {"street": "11 AVENUE", "from": "83 STREET", "to": "82 STREET", "side": "E", "zone": "WED_FRI", "zone_label": "Wed/Fri", "schedules": ["FRI 9:30AM-11AM"], "all_days": ["FRI"], "color": "#eb6834"}}, {"type": "Feature", "geometry": {"type": "LineString", "coordinates": [[-74.01493026686262, 40.63033627509436], [-74.01452373081752, 40.63009077434842], [-74.01272980184068, 40.62900737295871]]}, "properties": {"street": "BAY RIDGE AVENUE", "from": "8 AVENUE", "to": "FT HAMILTON PARKWAY", "side": "S", "zone": "OTHER", "zone_label": "Other", "schedules": ["THU 11:30AM-1PM"], "all_days": ["THU"], "color": "#898781"}}, {"type": "Feature", "geometry": {"type": "LineString", "coordinates": [[-74.02564845838671, 40.62941579693029], [-74.02550725293833, 40.62937863143701], [-74.02323345467647, 40.62800422749327]]}, "properties": {"street": "77 STREET", "from": "4 AVENUE", "to": "5 AVENUE", "side": "N", "zone": "THU_FRI", "zone_label": "Thu/Fri", "schedules": ["THU 8:30AM-10AM"], "all_days": ["THU"], "color": "#4a3aa7"}}, {"type": "Feature", "geometry": {"type": "LineString", "coordinates": [[-74.01519276669637, 40.60934494985574], [-74.01698807373238, 40.60764298231174]]}, "properties": {"street": "14 AVENUE", "from": "CROPSEY AVENUE", "to": "BATH AVENUE", "side": "E", "zone": "OTHER", "zone_label": "Other", "schedules": ["FRI 11:30AM-1PM"], "all_days": ["FRI"], "color": "#898781"}}, {"type": "Feature", "geometry": {"type": "LineString", "coordinates": [[-74.00949571629971, 40.62527055200498], [-74.01007568158772, 40.624713927232975]]}, "properties": {"street": "11 AVENUE", "from": "71 STREET", "to": "72 STREET", "side": "W", "zone": "WED_THU", "zone_label": "Wed/Thu", "schedules": ["WED 9:30AM-11AM"], "all_days": ["WED"], "color": "#e34948"}}, {"type": "Feature", "geometry": {"type": "LineString", "coordinates": [[-74.00445428491888, 40.637012706154685], [-74.00503726654688, 40.636452955343685]]}, "properties": {"street": "9 AVENUE", "from": "55 STREET", "to": "56 STREET", "side": "W", "zone": "MON_THU", "zone_label": "Mon/Thu", "schedules": ["MON 9:30AM-11AM"], "all_days": ["MON"], "color": "#eda100"}}, {"type": "Feature", "geometry": {"type": "LineString", "coordinates": [[-74.0160446231991, 40.62926647784206], [-74.0135475623261, 40.62776071643406]]}, "properties": {"street": "71 STREET", "from": "7 AVENUE", "to": "8 AVENUE", "side": "N", "zone": "WED_THU", "zone_label": "Wed/Thu", "schedules": ["WED 11:30AM-1PM"], "all_days": ["WED"], "color": "#e34948"}}, {"type": "Feature", "geometry": {"type": "LineString", "coordinates": [[-74.00536555988748, 40.61535161107156], [-74.00594724513648, 40.61479250292656]]}, "properties": {"street": "15 AVENUE", "from": "80 STREET", "to": "79 STREET", "side": "E", "zone": "THU_FRI", "zone_label": "Thu/Fri", "schedules": ["FRI 11:30AM-1PM"], "all_days": ["FRI"], "color": "#4a3aa7"}}, {"type": "Feature", "geometry": {"type": "LineString", "coordinates": [[-74.01893502548756, 40.63146112496618], [-74.01910349881857, 40.63105621494918]]}, "properties": {"street": "6 AVENUE", "from": "OVINGTON AVENUE", "to": "72 STREET", "side": "W", "zone": "OTHER", "zone_label": "Other", "schedules": ["MON 11:30AM-1PM"], "all_days": ["MON"], "color": "#898781"}}, {"type": "Feature", "geometry": {"type": "LineString", "coordinates": [[-74.0196765264519, 40.628734917687716], [-74.0183031263549, 40.62789465343572]]}, "properties": {"street": "74 STREET", "from": "7 AVENUE", "to": "6 AVENUE", "side": "N", "zone": "MON_TUE", "zone_label": "Mon/Tue", "schedules": ["MON 11:30AM-1PM"], "all_days": ["MON"], "color": "#2a78d6"}}, {"type": "Feature", "geometry": {"type": "LineString", "coordinates": [[-73.99998423662022, 40.63431449772161], [-74.00056763394022, 40.63375420182861]]}, "properties": {"street": "11 AVENUE", "from": "56 STREET", "to": "55 STREET", "side": "E", "zone": "MON_THU", "zone_label": "Mon/Thu", "schedules": ["MON 8:30AM-10AM"], "all_days": ["MON"], "color": "#eda100"}}, {"type": "Feature", "geometry": {"type": "LineString", "coordinates": [[-74.01312485619042, 40.60561040484306], [-74.01512510508842, 40.603685940665066]]}, "properties": {"street": "BAY   11 STREET", "from": "INDEPENDENCE AVENUE", "to": "CROPSEY AVENUE", "side": "E", "zone": "MON_TUE", "zone_label": "Mon/Tue", "schedules": ["TUE 11:30AM-1PM"], "all_days": ["TUE"], "color": "#2a78d6"}}, {"type": "Feature", "geometry": {"type": "LineString", "coordinates": [[-74.01585248377542, 40.62255722101206], [-74.01364954907041, 40.621227434789056]]}, "properties": {"street": "78 STREET", "from": "11 AVENUE", "to": "10 AVENUE", "side": "S", "zone": "WED_FRI", "zone_label": "Wed/Fri", "schedules": ["FRI 9:30AM-11AM"], "all_days": ["FRI"], "color": "#eb6834"}}, {"type": "Feature", "geometry": {"type": "LineString", "coordinates": [[-74.02170467099928, 40.62071221905595], [-74.02117382927308, 40.62038969723455], [-74.02057026211254, 40.62002298018835]]}, "properties": {"street": "84 STREET", "from": "7 AVENUE", "to": "DYKER PLACE", "side": "N", "zone": "WED_FRI", "zone_label": "Wed/Fri", "schedules": ["WED 11:30AM-1PM"], "all_days": ["WED"], "color": "#eb6834"}}, {"type": "Feature", "geometry": {"type": "LineString", "coordinates": [[-74.00322821412446, 40.63813708026713], [-74.00270455445589, 40.63782058947481], [-74.00050058931299, 40.63648849027187]]}, "properties": {"street": "53 STREET", "from": "FT HAMILTON PARKWAY", "to": "9 AVENUE", "side": "N", "zone": "MON_THU", "zone_label": "Mon/Thu", "schedules": ["MON 9:30AM-11AM"], "all_days": ["MON"], "color": "#eda100"}}, {"type": "Feature", "geometry": {"type": "LineString", "coordinates": [[-74.02568879803577, 40.6221243106913], [-74.02372390208677, 40.6209328488433]]}, "properties": {"street": "85 STREET", "from": "5 AVENUE", "to": "FT HAMILTON PARKWAY", "side": "S", "zone": "THU_FRI", "zone_label": "Thu/Fri", "schedules": ["FRI 11:30AM-1PM"], "all_days": ["FRI"], "color": "#4a3aa7"}}, {"type": "Feature", "geometry": {"type": "LineString", "coordinates": [[-74.01445753509824, 40.60894320807964], [-74.01374241085924, 40.60851151387163]]}, "properties": {"street": "BATH AVENUE", "from": "BAY    8 STREET", "to": "BAY    7 STREET", "side": "N", "zone": "WED_FRI", "zone_label": "Wed/Fri", "schedules": ["FRI 11:30AM-1PM"], "all_days": ["FRI"], "color": "#eb6834"}}, {"type": "Feature", "geometry": {"type": "LineString", "coordinates": [[-74.00234883261327, 40.601893346534766], [-74.00363535965927, 40.600655725458765]]}, "properties": {"street": "BAY   23 STREET", "from": "BATH AVENUE", "to": "CROPSEY AVENUE", "side": "W", "zone": "MON_TUE", "zone_label": "Mon/Tue", "schedules": ["MON 11:30AM-1PM"], "all_days": ["MON"], "color": "#2a78d6"}}, {"type": "Feature", "geometry": {"type": "LineString", "coordinates": [[-74.00151401318857, 40.60143092363076], [-74.00278156047757, 40.60019201490976]]}, "properties": {"street": "20 AVENUE", "from": "CROPSEY AVENUE", "to": "BATH AVENUE", "side": "E", "zone": "MON_TUE", "zone_label": "Mon/Tue", "schedules": ["TUE 11:30AM-1PM"], "all_days": ["TUE"], "color": "#2a78d6"}}, {"type": "Feature", "geometry": {"type": "LineString", "coordinates": [[-74.00525373106957, 40.61895676363439], [-74.00305224962858, 40.61762825039839]]}, "properties": {"street": "BAY RIDGE PARKWAY", "from": "14 AVENUE", "to": "15 AVENUE", "side": "S", "zone": "OTHER", "zone_label": "Other", "schedules": ["WED 11:30AM-1PM"], "all_days": ["WED"], "color": "#898781"}}, {"type": "Feature", "geometry": {"type": "LineString", "coordinates": [[-74.01850929520339, 40.63236870075473], [-74.01695081311138, 40.63165312728073]]}, "properties": {"street": "BAY RIDGE AVENUE", "from": "6 AVENUE", "to": "7 AVENUE", "side": "N", "zone": "MON_TUE", "zone_label": "Mon/Tue", "schedules": ["MON 11:30AM-1PM"], "all_days": ["MON"], "color": "#2a78d6"}}, {"type": "Feature", "geometry": {"type": "LineString", "coordinates": [[-74.02487368757465, 40.61562349175536], [-74.02511738044335, 40.61520637284529], [-74.02538802036786, 40.614743123738045], [-74.02645030561068, 40.61292759174783]]}, "properties": {"street": "BATTERY AVENUE", "from": "92 STREET", "to": "FT HILL PLACE", "side": "W", "zone": "OTHER", "zone_label": "Other", "schedules": ["MON 11:30AM-1PM"], "all_days": ["MON"], "color": "#898781"}}, {"type": "Feature", "geometry": {"type": "LineString", "coordinates": [[-74.00600553277899, 40.61478738365335], [-74.00420144354447, 40.61369800589266], [-74.00380520240738, 40.61345873144847]]}, "properties": {"street": "80 STREET", "from": "16 AVENUE", "to": "15 AVENUE", "side": "S", "zone": "THU_FRI", "zone_label": "Thu/Fri", "schedules": ["FRI 11:30AM-1PM"], "all_days": ["FRI"], "color": "#4a3aa7"}}, {"type": "Feature", "geometry": {"type": "LineString", "coordinates": [[-74.02958770952475, 40.61981427486659], [-74.02822887381174, 40.619154399215596]]}, "properties": {"street": "90 STREET", "from": "4 AVENUE", "to": "3 AVENUE", "side": "S", "zone": "MON_TUE", "zone_label": "Mon/Tue", "schedules": ["TUE 8:30AM-10AM"], "all_days": ["TUE"], "color": "#2a78d6"}}, {"type": "Feature", "geometry": {"type": "LineString", "coordinates": [[-74.03405693133865, 40.62334139714206], [-74.03236247275308, 40.62294076768009], [-74.0313735079498, 40.6227069247288]]}, "properties": {"street": "87 STREET", "from": "3 AVENUE", "to": "RIDGE BOULEVARD", "side": "S", "zone": "MON_TUE", "zone_label": "Mon/Tue", "schedules": ["TUE 8:30AM-10AM"], "all_days": ["TUE"], "color": "#2a78d6"}}, {"type": "Feature", "geometry": {"type": "LineString", "coordinates": [[-74.0224295978836, 40.62291367682074], [-74.0227274991506, 40.62219576875674]]}, "properties": {"street": "6 AVENUE", "from": "82 STREET", "to": "83 STREET", "side": "W", "zone": "THU_FRI", "zone_label": "Thu/Fri", "schedules": ["THU 11:30AM-1PM"], "all_days": ["THU"], "color": "#4a3aa7"}}, {"type": "Feature", "geometry": {"type": "LineString", "coordinates": [[-74.00568192793237, 40.6254385303831], [-74.00348334416938, 40.6241064331601]]}, "properties": {"street": "OVINGTON AVENUE", "from": "13 AVENUE", "to": "12 AVENUE", "side": "S", "zone": "WED_THU", "zone_label": "Wed/Thu", "schedules": ["THU 8:30AM-10AM"], "all_days": ["THU"], "color": "#e34948"}}, {"type": "Feature", "geometry": {"type": "LineString", "coordinates": [[-74.03431161927361, 40.62272045215369], [-74.03388313659373, 40.622619271144174], [-74.03162807743169, 40.62208673374743]]}, "properties": {"street": "88 STREET", "from": "COLONIAL ROAD", "to": "RIDGE BOULEVARD", "side": "N", "zone": "THU_FRI", "zone_label": "Thu/Fri", "schedules": ["FRI 8:30AM-10AM"], "all_days": ["FRI"], "color": "#4a3aa7"}}, {"type": "Feature", "geometry": {"type": "LineString", "coordinates": [[-74.010474054106, 40.64151907046754], [-74.008268496958, 40.64018862583454]]}, "properties": {"street": "54 STREET", "from": "6 AVENUE", "to": "7 AVENUE", "side": "S", "zone": "THU_FRI", "zone_label": "Thu/Fri", "schedules": ["FRI 11:30AM-1PM"], "all_days": ["FRI"], "color": "#4a3aa7"}}, {"type": "Feature", "geometry": {"type": "LineString", "coordinates": [[-74.00904717711578, 40.60836655418767], [-74.01048466294458, 40.606985064924025], [-74.01079220120143, 40.60668949683985]]}, "properties": {"street": "16 AVENUE", "from": "BATH AVENUE", "to": "BENSON AVENUE", "side": "E", "zone": "MON_TUE", "zone_label": "Mon/Tue", "schedules": ["TUE 11:30AM-1PM"], "all_days": ["TUE"], "color": "#2a78d6"}}, {"type": "Feature", "geometry": {"type": "LineString", "coordinates": [[-74.03439879308625, 40.63933416902226], [-74.03351823563925, 40.639067604982266]]}, "properties": {"street": "68 STREET", "from": "OWLS HEAD COURT", "to": "SHORE ROAD", "side": "S", "zone": "MON_TUE", "zone_label": "Mon/Tue", "schedules": ["TUE 9:30AM-11AM"], "all_days": ["TUE"], "color": "#2a78d6"}}, {"type": "Feature", "geometry": {"type": "LineString", "coordinates": [[-74.0088522613632, 40.61199544980547], [-74.0094803799242, 40.61139482356147]]}, "properties": {"street": "15 AVENUE", "from": "86 STREET", "to": "85 STREET", "side": "E", "zone": "MON_TUE", "zone_label": "Mon/Tue", "schedules": ["TUE 11:30AM-1PM"], "all_days": ["TUE"], "color": "#2a78d6"}}, {"type": "Feature", "geometry": {"type": "LineString", "coordinates": [[-74.00531815535902, 40.60011896932988], [-74.00457741473002, 40.599644488932874]]}, "properties": {"street": "20 DRIVE", "from": "BAY   22 STREET", "to": "20 AVENUE", "side": "N", "zone": "MON_TUE", "zone_label": "Mon/Tue", "schedules": ["TUE 11:30AM-1PM"], "all_days": ["TUE"], "color": "#2a78d6"}}, {"type": "Feature", "geometry": {"type": "LineString", "coordinates": [[-74.02752096941629, 40.63213283562938], [-74.02480534604229, 40.63148394466638]]}, "properties": {"street": "74 STREET", "from": "3 AVENUE", "to": "4 AVENUE", "side": "S", "zone": "THU_FRI", "zone_label": "Thu/Fri", "schedules": ["FRI 8:30AM-10AM"], "all_days": ["FRI"], "color": "#4a3aa7"}}, {"type": "Feature", "geometry": {"type": "LineString", "coordinates": [[-74.00640941339483, 40.61784751492055], [-74.00420865463484, 40.61651467473255]]}, "properties": {"street": "77 STREET", "from": "14 AVENUE", "to": "15 AVENUE", "side": "N", "zone": "OTHER", "zone_label": "Other", "schedules": ["MON 11:30AM-1PM"], "all_days": ["MON"], "color": "#898781"}}, {"type": "Feature", "geometry": {"type": "LineString", "coordinates": [[-74.02898320176044, 40.6358839202977], [-74.02917501532144, 40.6353898560887]]}, "properties": {"street": "RIDGE BOULEVARD", "from": "70 STREET", "to": "71 STREET", "side": "W", "zone": "OTHER", "zone_label": "Other", "schedules": ["MON 9:30AM-11AM"], "all_days": ["MON"], "color": "#898781"}}, {"type": "Feature", "geometry": {"type": "LineString", "coordinates": [[-74.01855218595063, 40.63231489930127], [-74.01699370385862, 40.63159932582727]]}, "properties": {"street": "BAY RIDGE AVENUE", "from": "6 AVENUE", "to": "7 AVENUE", "side": "S", "zone": "MON_TUE", "zone_label": "Mon/Tue", "schedules": ["TUE 11:30AM-1PM"], "all_days": ["TUE"], "color": "#2a78d6"}}, {"type": "Feature", "geometry": {"type": "LineString", "coordinates": [[-74.00747768028565, 40.630609366036275], [-74.00527404490964, 40.62927825983627]]}, "properties": {"street": "64 STREET", "from": "10 AVENUE", "to": "11 AVENUE", "side": "N", "zone": "WED_THU", "zone_label": "Wed/Thu", "schedules": ["WED 9:30AM-11AM"], "all_days": ["WED"], "color": "#e34948"}}, {"type": "Feature", "geometry": {"type": "LineString", "coordinates": [[-74.00689642987962, 40.63116666355493], [-74.00469326035763, 40.62983724802993]]}, "properties": {"street": "63 STREET", "from": "11 AVENUE", "to": "10 AVENUE", "side": "N", "zone": "WED_THU", "zone_label": "Wed/Thu", "schedules": ["WED 9:30AM-11AM"], "all_days": ["WED"], "color": "#e34948"}}, {"type": "Feature", "geometry": {"type": "LineString", "coordinates": [[-74.00662100770187, 40.600010539377145], [-74.00515153548251, 40.5991369555888], [-74.00457213530959, 40.5996004851387]]}, "properties": {"street": "19 LANE", "from": "19 AVENUE", "to": "20 DRIVE", "side": "N", "zone": "MON_TUE", "zone_label": "Mon/Tue", "schedules": ["MON 11:30AM-1PM"], "all_days": ["MON"], "color": "#2a78d6"}}, {"type": "Feature", "geometry": {"type": "LineString", "coordinates": [[-74.02064943895341, 40.621789305821224], [-74.02002505417141, 40.62143442244623]]}, "properties": {"street": "82 STREET", "from": "7 AVENUE", "to": "DYKER PLACE", "side": "S", "zone": "WED_FRI", "zone_label": "Wed/Fri", "schedules": ["FRI 11:30AM-1PM"], "all_days": ["FRI"], "color": "#eb6834"}}, {"type": "Feature", "geometry": {"type": "LineString", "coordinates": [[-74.0084029341609, 40.60524529526928], [-74.0098136914349, 40.60388834022428]]}, "properties": {"street": "17 AVENUE", "from": "BATH AVENUE", "to": "CROPSEY AVENUE", "side": "W", "zone": "MON_TUE", "zone_label": "Mon/Tue", "schedules": ["MON 11:30AM-1PM"], "all_days": ["MON"], "color": "#2a78d6"}}, {"type": "Feature", "geometry": {"type": "LineString", "coordinates": [[-74.00526047097948, 40.61900085148405], [-74.00588701057148, 40.61839817508005]]}, "properties": {"street": "14 AVENUE", "from": "BAY RIDGE PARKWAY", "to": "76 STREET", "side": "W", "zone": "WED_FRI", "zone_label": "Wed/Fri", "schedules": ["WED 8:30AM-10AM"], "all_days": ["WED"], "color": "#eb6834"}}, {"type": "Feature", "geometry": {"type": "LineString", "coordinates": [[-74.00117106713418, 40.62283139251183], [-74.00166264514918, 40.62236110787283]]}, "properties": {"street": "14 AVENUE", "from": "BAY RIDGE AVENUE", "to": "OVINGTON AVENUE", "side": "E", "zone": "WED_THU", "zone_label": "Wed/Thu", "schedules": ["THU 8:30AM-10AM"], "all_days": ["THU"], "color": "#e34948"}}, {"type": "Feature", "geometry": {"type": "LineString", "coordinates": [[-74.01723686056378, 40.62530202389816], [-74.01676611099263, 40.625016439707494], [-74.0146367518363, 40.62372459255672]]}, "properties": {"street": "76 STREET", "from": "10 AVENUE", "to": "FT HAMILTON PARKWAY", "side": "N", "zone": "WED_FRI", "zone_label": "Wed/Fri", "schedules": ["WED 11:30AM-1PM"], "all_days": ["WED"], "color": "#eb6834"}}, {"type": "Feature", "geometry": {"type": "LineString", "coordinates": [[-74.03346099405658, 40.6320066526404], [-74.03300787550057, 40.6318992345484]]}, "properties": {"street": "76 STREET", "from": "COLONIAL ROAD", "to": "NARROWS AVENUE", "side": "S", "zone": "THU_FRI", "zone_label": "Thu/Fri", "schedules": ["FRI 9:30AM-11AM"], "all_days": ["FRI"], "color": "#4a3aa7"}}, {"type": "Feature", "geometry": {"type": "LineString", "coordinates": [[-74.01857030074989, 40.632351137077606], [-74.01867055312117, 40.632106501365946], [-74.01893507992015, 40.63146099465324]]}, "properties": {"street": "6 AVENUE", "from": "BAY RIDGE AVENUE", "to": "OVINGTON AVENUE", "side": "W", "zone": "MON_TUE", "zone_label": "Mon/Tue", "schedules": ["MON 11:30AM-1PM"], "all_days": ["MON"], "color": "#2a78d6"}}, {"type": "Feature", "geometry": {"type": "LineString", "coordinates": [[-74.0208749097202, 40.6192954892851], [-74.01987012816821, 40.618689310984095]]}, "properties": {"street": "85 STREET", "from": "7 AVENUE", "to": "10 AVENUE", "side": "N", "zone": "WED_FRI", "zone_label": "Wed/Fri", "schedules": ["WED 11:30AM-1PM"], "all_days": ["WED"], "color": "#eb6834"}}, {"type": "Feature", "geometry": {"type": "LineString", "coordinates": [[-74.01466366599772, 40.60641302264077], [-74.01648499465172, 40.60466102587877]]}, "properties": {"street": "15 AVENUE", "from": "INDEPENDENCE AVENUE", "to": "CROPSEY AVENUE", "side": "E", "zone": "WED_FRI", "zone_label": "Wed/Fri", "schedules": ["FRI 11:30AM-1PM"], "all_days": ["FRI"], "color": "#eb6834"}}, {"type": "Feature", "geometry": {"type": "LineString", "coordinates": [[-74.00182360415964, 40.60346542218712], [-74.00107566882164, 40.603068616630125]]}, "properties": {"street": "BENSON AVENUE", "from": "BAY   23 STREET", "to": "BAY   22 STREET", "side": "N", "zone": "OTHER", "zone_label": "Other", "schedules": ["WED 8:30AM-10AM"], "all_days": ["WED"], "color": "#898781"}}, {"type": "Feature", "geometry": {"type": "LineString", "coordinates": [[-74.00497501359405, 40.61238399957838], [-74.00526043476728, 40.61210946317297], [-74.00555549499522, 40.61182565905492]]}, "properties": {"street": "16 AVENUE", "from": "82 STREET", "to": "83 STREET", "side": "W", "zone": "MON_TUE", "zone_label": "Mon/Tue", "schedules": ["TUE 11:30AM-1PM"], "all_days": ["TUE"], "color": "#2a78d6"}}, {"type": "Feature", "geometry": {"type": "LineString", "coordinates": [[-74.01454237598284, 40.63760374641097], [-74.01233917246284, 40.63627497350297]]}, "properties": {"street": "61 STREET", "from": "7 AVENUE", "to": "6 AVENUE", "side": "N", "zone": "THU_FRI", "zone_label": "Thu/Fri", "schedules": ["THU 11:30AM-1PM"], "all_days": ["THU"], "color": "#4a3aa7"}}, {"type": "Feature", "geometry": {"type": "LineString", "coordinates": [[-74.01005051451371, 40.60249769005079], [-74.0109014913407, 40.601684720117795]]}, "properties": {"street": "BAY   16 STREET", "from": "17 COURT", "to": "SHORE PARKWAY", "side": "W", "zone": "OTHER", "zone_label": "Other", "schedules": ["MON 11:30AM-1PM"], "all_days": ["MON"], "color": "#898781"}}, {"type": "Feature", "geometry": {"type": "LineString", "coordinates": [[-74.0100415601468, 40.628145259523066], [-74.0078619450518, 40.626792289415064]]}, "properties": {"street": "OVINGTON AVENUE", "from": "11 AVENUE", "to": "10 AVENUE", "side": "S", "zone": "WED_THU", "zone_label": "Wed/Thu", "schedules": ["THU 9:30AM-11AM"], "all_days": ["THU"], "color": "#e34948"}}, {"type": "Feature", "geometry": {"type": "LineString", "coordinates": [[-74.02372536195942, 40.62098105029269], [-74.02449505630342, 40.62046860984069]]}, "properties": {"street": "FORT HAMILTON PARKWAY", "from": "85 STREET", "to": "86 STREET", "side": "W", "zone": "THU_FRI", "zone_label": "Thu/Fri", "schedules": ["THU 11:30AM-1PM"], "all_days": ["THU"], "color": "#4a3aa7"}}, {"type": "Feature", "geometry": {"type": "LineString", "coordinates": [[-74.01123318622832, 40.623549605761944], [-74.00938294206433, 40.62243278388465], [-74.00902907020135, 40.62221918186374]]}, "properties": {"street": "74 STREET", "from": "12 AVENUE", "to": "11 AVENUE", "side": "S", "zone": "WED_THU", "zone_label": "Wed/Thu", "schedules": ["THU 9:30AM-11AM"], "all_days": ["THU"], "color": "#e34948"}}, {"type": "Feature", "geometry": {"type": "LineString", "coordinates": [[-74.010422486354, 40.64156829377646], [-74.008216929206, 40.64023784914346]]}, "properties": {"street": "54 STREET", "from": "6 AVENUE", "to": "7 AVENUE", "side": "N", "zone": "THU_FRI", "zone_label": "Thu/Fri", "schedules": ["THU 11:30AM-1PM"], "all_days": ["THU"], "color": "#4a3aa7"}}, {"type": "Feature", "geometry": {"type": "LineString", "coordinates": [[-74.01331585671241, 40.61465280221582], [-74.01141898967, 40.61350713804938], [-74.01111356533939, 40.613322660456255]]}, "properties": {"street": "85 STREET", "from": "13 AVENUE", "to": "14 AVENUE", "side": "S", "zone": "WED_FRI", "zone_label": "Wed/Fri", "schedules": ["FRI 8:30AM-10AM"], "all_days": ["FRI"], "color": "#eb6834"}}, {"type": "Feature", "geometry": {"type": "LineString", "coordinates": [[-74.01392966748008, 40.638142007902594], [-74.01453563680008, 40.63755964816159]]}, "properties": {"street": "6 AVENUE", "from": "61 STREET", "to": "60 STREET", "side": "E", "zone": "THU_FRI", "zone_label": "Thu/Fri", "schedules": ["FRI 11:30AM-1PM"], "all_days": ["FRI"], "color": "#4a3aa7"}}, {"type": "Feature", "geometry": {"type": "LineString", "coordinates": [[-74.02374079359731, 40.616918977043525], [-74.02319195793632, 40.61664564603981], [-74.02283829512093, 40.61646951165825]]}, "properties": {"street": "90 STREET", "from": "PARROTT PLACE", "to": "BATTERY AVENUE", "side": "S", "zone": "MON_TUE", "zone_label": "Mon/Tue", "schedules": ["TUE 11:30AM-1PM"], "all_days": ["TUE"], "color": "#2a78d6"}}, {"type": "Feature", "geometry": {"type": "LineString", "coordinates": [[-74.01551586152709, 40.61598153399005], [-74.0133158571831, 40.614652802233046]]}, "properties": {"street": "85 STREET", "from": "12 AVENUE", "to": "13 AVENUE", "side": "S", "zone": "WED_FRI", "zone_label": "Wed/Fri", "schedules": ["FRI 8:30AM-10AM"], "all_days": ["FRI"], "color": "#eb6834"}}, {"type": "Feature", "geometry": {"type": "LineString", "coordinates": [[-74.00590848000384, 40.606430756060526], [-74.00519341383384, 40.60599936825852]]}, "properties": {"street": "BENSON AVENUE", "from": "BAY   16 STREET", "to": "BAY   17 STREET", "side": "S", "zone": "MON_TUE", "zone_label": "Mon/Tue", "schedules": ["TUE 11:30AM-1PM"], "all_days": ["TUE"], "color": "#2a78d6"}}, {"type": "Feature", "geometry": {"type": "LineString", "coordinates": [[-74.01408427201639, 40.634596818348], [-74.01188373044438, 40.63326722563]]}, "properties": {"street": "64 STREET", "from": "7 AVENUE", "to": "8 AVENUE", "side": "N", "zone": "WED_THU", "zone_label": "Wed/Thu", "schedules": ["WED 11:30AM-1PM"], "all_days": ["WED"], "color": "#e34948"}}, {"type": "Feature", "geometry": {"type": "LineString", "coordinates": [[-74.00031004170197, 40.64089401438014], [-74.00089423826597, 40.64033460010614]]}, "properties": {"street": "9 AVENUE", "from": "49 STREET", "to": "48 STREET", "side": "E", "zone": "MON_THU", "zone_label": "Mon/Thu", "schedules": ["THU 8:30AM-10AM"], "all_days": ["THU"], "color": "#eda100"}}, {"type": "Feature", "geometry": {"type": "LineString", "coordinates": [[-74.01225000002582, 40.60757050208024], [-74.01387922430081, 40.606004678262245]]}, "properties": {"street": "BAY   10 STREET", "from": "BATH AVENUE", "to": "CROPSEY AVENUE", "side": "E", "zone": "WED_FRI", "zone_label": "Wed/Fri", "schedules": ["FRI 11:30AM-1PM"], "all_days": ["FRI"], "color": "#eb6834"}}, {"type": "Feature", "geometry": {"type": "LineString", "coordinates": [[-74.00983888764704, 40.64212968489953], [-74.00763490754704, 40.64079791412053]]}, "properties": {"street": "53 STREET", "from": "7 AVENUE", "to": "6 AVENUE", "side": "N", "zone": "THU_FRI", "zone_label": "Thu/Fri", "schedules": ["THU 11:30AM-1PM"], "all_days": ["THU"], "color": "#4a3aa7"}}, {"type": "Feature", "geometry": {"type": "LineString", "coordinates": [[-74.01799177773603, 40.633747745473535], [-74.01828535991102, 40.63305137283854]]}, "properties": {"street": "6 AVENUE", "from": "SENATOR STREET", "to": "68 STREET", "side": "W", "zone": "OTHER", "zone_label": "Other", "schedules": ["MON 11:30AM-1PM"], "all_days": ["MON"], "color": "#898781"}}, {"type": "Feature", "geometry": {"type": "LineString", "coordinates": [[-74.0040461653442, 40.6201198140399], [-74.0018455555442, 40.6187897467779]]}, "properties": {"street": "73 STREET", "from": "15 AVENUE", "to": "16 AVENUE", "side": "S", "zone": "THU_FRI", "zone_label": "Thu/Fri", "schedules": ["FRI 11:30AM-1PM"], "all_days": ["FRI"], "color": "#4a3aa7"}}, {"type": "Feature", "geometry": {"type": "LineString", "coordinates": [[-74.00647251002376, 40.64191712756346], [-74.00558503221646, 40.6413821125045], [-74.00426961952196, 40.64058908278221]]}, "properties": {"street": "51 STREET", "from": "7 AVENUE", "to": "6 AVENUE", "side": "N", "zone": "OTHER", "zone_label": "Other", "schedules": ["WED 11:30AM-1PM"], "all_days": ["WED"], "color": "#898781"}}, {"type": "Feature", "geometry": {"type": "LineString", "coordinates": [[-74.03456245191728, 40.62199941618979], [-74.03484833622728, 40.62131827488678]]}, "properties": {"street": "RIDGE BOULEVARD", "from": "91 STREET", "to": "90 STREET", "side": "E", "zone": "OTHER", "zone_label": "Other", "schedules": ["THU 8:30AM-10AM"], "all_days": ["THU"], "color": "#898781"}}, {"type": "Feature", "geometry": {"type": "LineString", "coordinates": [[-74.01679545541066, 40.63888262153392], [-74.01459393773165, 40.63755452101791]]}, "properties": {"street": "61 STREET", "from": "6 AVENUE", "to": "5 AVENUE", "side": "S", "zone": "WED_THU", "zone_label": "Wed/Thu", "schedules": ["WED 9:30AM-11AM"], "all_days": ["WED"], "color": "#e34948"}}, {"type": "Feature", "geometry": {"type": "LineString", "coordinates": [[-74.02283812709597, 40.61646942850096], [-74.02218501359697, 40.61614757763696]]}, "properties": {"street": "90 STREET", "from": "7 AVENUE", "to": "PARROTT PLACE", "side": "S", "zone": "MON_TUE", "zone_label": "Mon/Tue", "schedules": ["TUE 11:30AM-1PM"], "all_days": ["TUE"], "color": "#2a78d6"}}, {"type": "Feature", "geometry": {"type": "LineString", "coordinates": [[-74.03316914225873, 40.63271318588906], [-74.03048673145973, 40.63207718003806]]}, "properties": {"street": "BAY RIDGE PARKWAY", "from": "COLONIAL ROAD", "to": "RIDGE BOULEVARD", "side": "S", "zone": "THU_FRI", "zone_label": "Thu/Fri", "schedules": ["FRI 9:30AM-11AM"], "all_days": ["FRI"], "color": "#4a3aa7"}}, {"type": "Feature", "geometry": {"type": "LineString", "coordinates": [[-74.00386766028673, 40.62373440156363], [-74.00342629447356, 40.62346755470578], [-74.00207707648435, 40.62265180329683], [-74.00166928600383, 40.62240524128098]]}, "properties": {"street": "BAY RIDGE AVENUE", "from": "13 AVENUE", "to": "14 AVENUE", "side": "N", "zone": "WED_THU", "zone_label": "Wed/Thu", "schedules": ["WED 8:30AM-10AM"], "all_days": ["WED"], "color": "#e34948"}}, {"type": "Feature", "geometry": {"type": "LineString", "coordinates": [[-74.00613806173958, 40.63529222899574], [-74.00638664003127, 40.63505357738497], [-74.00672002119587, 40.634733513816315]]}, "properties": {"street": "9 AVENUE", "from": "59 STREET", "to": "58 STREET", "side": "E", "zone": "MON_THU", "zone_label": "Mon/Thu", "schedules": ["THU 9:30AM-11AM"], "all_days": ["THU"], "color": "#eda100"}}, {"type": "Feature", "geometry": {"type": "LineString", "coordinates": [[-74.02512741781557, 40.63084884363283], [-74.02540208003957, 40.63012628723683]]}, "properties": {"street": "4 AVENUE", "from": "BAY RIDGE PARKWAY", "to": "76 STREET", "side": "W", "zone": "OTHER", "zone_label": "Other", "schedules": ["THU 8:30AM-10AM"], "all_days": ["THU"], "color": "#898781"}}, {"type": "Feature", "geometry": {"type": "LineString", "coordinates": [[-74.01848899046533, 40.63720588066791], [-74.01853938010181, 40.6371566726872], [-74.01866873416124, 40.637030353104485]]}, "properties": {"street": "5 AVENUE", "from": "65 STREET", "to": "63 STREET", "side": "E", "zone": "OTHER", "zone_label": "Other", "schedules": ["WED 8AM-8:30AM"], "all_days": ["WED"], "color": "#898781"}}, {"type": "Feature", "geometry": {"type": "LineString", "coordinates": [[-74.00413526692392, 40.634091890938784], [-74.00485017028792, 40.633611805138784]]}, "properties": {"street": "FORT HAMILTON PARKWAY", "from": "58 STREET", "to": "59 STREET", "side": "W", "zone": "MON_THU", "zone_label": "Mon/Thu", "schedules": ["MON 8:30AM-10AM"], "all_days": ["MON"], "color": "#eda100"}}, {"type": "Feature", "geometry": {"type": "LineString", "coordinates": [[-74.01525080560494, 40.609339955952514], [-74.01450902362694, 40.608893951704516]]}, "properties": {"street": "BATH AVENUE", "from": "14 AVENUE", "to": "BAY    7 STREET", "side": "S", "zone": "WED_FRI", "zone_label": "Wed/Fri", "schedules": ["WED 11:30AM-1PM"], "all_days": ["WED"], "color": "#eb6834"}}, {"type": "Feature", "geometry": {"type": "LineString", "coordinates": [[-74.03116467063018, 40.61573650753037], [-74.02938063632116, 40.61484834520738]]}, "properties": {"street": "95 STREET", "from": "4 AVENUE", "to": "FT HAMILTON PARKWAY", "side": "N", "zone": "THU_FRI", "zone_label": "Thu/Fri", "schedules": ["FRI 11:30AM-1PM"], "all_days": ["FRI"], "color": "#4a3aa7"}}, {"type": "Feature", "geometry": {"type": "LineString", "coordinates": [[-74.02505866485916, 40.6377841125908], [-74.02523983644217, 40.6375980706838]]}, "properties": {"street": "3 AVENUE", "from": "SENATOR STREET", "to": "67 STREET", "side": "E", "zone": "MON_TUE", "zone_label": "Mon/Tue", "schedules": ["TUE 8:30AM-10AM"], "all_days": ["TUE"], "color": "#2a78d6"}}, {"type": "Feature", "geometry": {"type": "LineString", "coordinates": [[-74.02958770952475, 40.61981427486659], [-74.02822887381174, 40.619154399215596]]}, "properties": {"street": "90 STREET", "from": "5 AVENUE", "to": "4 AVENUE", "side": "S", "zone": "MON_TUE", "zone_label": "Mon/Tue", "schedules": ["TUE 8:30AM-10AM"], "all_days": ["TUE"], "color": "#2a78d6"}}, {"type": "Feature", "geometry": {"type": "LineString", "coordinates": [[-74.02300661538466, 40.621463176304886], [-74.02372547800766, 40.620980972880886]]}, "properties": {"street": "FORT HAMILTON PARKWAY", "from": "84 STREET", "to": "85 STREET", "side": "W", "zone": "THU_FRI", "zone_label": "Thu/Fri", "schedules": ["THU 11:30AM-1PM"], "all_days": ["THU"], "color": "#4a3aa7"}}, {"type": "Feature", "geometry": {"type": "LineString", "coordinates": [[-74.00954532962281, 40.61143384888125], [-74.01043118389953, 40.61058159064684], [-74.01098941708645, 40.61004452170417], [-74.01131233746791, 40.60973383774789]]}, "properties": {"street": "15 AVENUE", "from": "86 STREET", "to": "BENSON AVENUE", "side": "W", "zone": "WED_FRI", "zone_label": "Wed/Fri", "schedules": ["WED 11:30AM-1PM"], "all_days": ["WED"], "color": "#eb6834"}}, {"type": "Feature", "geometry": {"type": "LineString", "coordinates": [[-74.01822414100295, 40.63306854716068], [-74.01666857336396, 40.632339921320686]]}, "properties": {"street": "68 STREET", "from": "7 AVENUE", "to": "6 AVENUE", "side": "N", "zone": "MON_TUE", "zone_label": "Mon/Tue", "schedules": ["MON 11:30AM-1PM"], "all_days": ["MON"], "color": "#2a78d6"}}, {"type": "Feature", "geometry": {"type": "LineString", "coordinates": [[-74.01630507849681, 40.630284207668545], [-74.01660522004082, 40.629574690282546]]}, "properties": {"street": "7 AVENUE", "from": "71 STREET", "to": "70 STREET", "side": "E", "zone": "OTHER", "zone_label": "Other", "schedules": ["THU 11:30AM-1PM"], "all_days": ["THU"], "color": "#898781"}}, {"type": "Feature", "geometry": {"type": "LineString", "coordinates": [[-74.03333711875565, 40.617927203059345], [-74.03254395721645, 40.617518890637555], [-74.03233034806533, 40.617408933573195]]}, "properties": {"street": "94 STREET", "from": "3 AVENUE", "to": "RIDGE BOULEVARD", "side": "S", "zone": "THU_FRI", "zone_label": "Thu/Fri", "schedules": ["THU 9:30AM-11AM"], "all_days": ["THU"], "color": "#4a3aa7"}}, {"type": "Feature", "geometry": {"type": "LineString", "coordinates": [[-74.02724415807393, 40.62030428509686], [-74.02633935639491, 40.61985367738085]]}, "properties": {"street": "88 STREET", "from": "5 AVENUE", "to": "GELSTON AVENUE", "side": "S", "zone": "THU_FRI", "zone_label": "Thu/Fri", "schedules": ["THU 11:30AM-1PM"], "all_days": ["THU"], "color": "#4a3aa7"}}, {"type": "Feature", "geometry": {"type": "LineString", "coordinates": [[-74.00252036733936, 40.64226858832063], [-74.00031671809136, 40.640938144682636]]}, "properties": {"street": "47 STREET", "from": "9 AVENUE", "to": "8 AVENUE", "side": "N", "zone": "MON_THU", "zone_label": "Mon/Thu", "schedules": ["MON 8:30AM-10AM"], "all_days": ["MON"], "color": "#eda100"}}, {"type": "Feature", "geometry": {"type": "LineString", "coordinates": [[-74.00206534494762, 40.615180449845376], [-74.00264732897062, 40.61462237578038]]}, "properties": {"street": "16 AVENUE", "from": "77 STREET", "to": "78 STREET", "side": "W", "zone": "OTHER", "zone_label": "Other", "schedules": ["WED 11:30AM-1PM"], "all_days": ["WED"], "color": "#898781"}}, {"type": "Feature", "geometry": {"type": "LineString", "coordinates": [[-74.01766059122794, 40.61731449086825], [-74.01829478459594, 40.61671459385225]]}, "properties": {"street": "11 AVENUE", "from": "86 STREET", "to": "85 STREET", "side": "E", "zone": "WED_FRI", "zone_label": "Wed/Fri", "schedules": ["FRI 9:30AM-11AM"], "all_days": ["FRI"], "color": "#eb6834"}}, {"type": "Feature", "geometry": {"type": "LineString", "coordinates": [[-74.01521734976008, 40.62316584498155], [-74.01330854236126, 40.62201233545304], [-74.01301622878636, 40.62183568723414]]}, "properties": {"street": "77 STREET", "from": "10 AVENUE", "to": "11 AVENUE", "side": "N", "zone": "WED_FRI", "zone_label": "Wed/Fri", "schedules": ["WED 9:30AM-11AM"], "all_days": ["WED"], "color": "#eb6834"}}, {"type": "Feature", "geometry": {"type": "LineString", "coordinates": [[-74.00416434985571, 40.63034757375058], [-74.00371304202451, 40.63007538903855], [-74.00308861019946, 40.62969878368721], [-74.00195718410917, 40.629016376202095]]}, "properties": {"street": "62 STREET", "from": "12 AVENUE", "to": "13 AVENUE", "side": "S", "zone": "WED_THU", "zone_label": "Wed/Thu", "schedules": ["THU 8:30AM-10AM"], "all_days": ["THU"], "color": "#e34948"}}, {"type": "Feature", "geometry": {"type": "LineString", "coordinates": [[-74.02358385159269, 40.627226141307084], [-74.02122117460769, 40.625799565254084]]}, "properties": {"street": "78 STREET", "from": "6 AVENUE", "to": "5 AVENUE", "side": "S", "zone": "MON_TUE", "zone_label": "Mon/Tue", "schedules": ["TUE 11:30AM-1PM"], "all_days": ["TUE"], "color": "#2a78d6"}}, {"type": "Feature", "geometry": {"type": "LineString", "coordinates": [[-74.03015265930858, 40.6327896210579], [-74.03043480028958, 40.6320978933169]]}, "properties": {"street": "RIDGE BOULEVARD", "from": "BAY RIDGE PARKWAY", "to": "74 STREET", "side": "E", "zone": "THU_FRI", "zone_label": "Thu/Fri", "schedules": ["FRI 9:30AM-11AM"], "all_days": ["FRI"], "color": "#4a3aa7"}}, {"type": "Feature", "geometry": {"type": "LineString", "coordinates": [[-74.0040461653442, 40.6201198140399], [-74.0018455555442, 40.6187897467779]]}, "properties": {"street": "73 STREET", "from": "14 AVENUE", "to": "15 AVENUE", "side": "S", "zone": "THU_FRI", "zone_label": "Thu/Fri", "schedules": ["FRI 11:30AM-1PM"], "all_days": ["FRI"], "color": "#4a3aa7"}}, {"type": "Feature", "geometry": {"type": "LineString", "coordinates": [[-74.00861266822537, 40.619175020675925], [-74.00640949379837, 40.61784756380093]]}, "properties": {"street": "77 STREET", "from": "13 AVENUE", "to": "14 AVENUE", "side": "N", "zone": "WED_FRI", "zone_label": "Wed/Fri", "schedules": ["WED 8:30AM-10AM"], "all_days": ["WED"], "color": "#eb6834"}}, {"type": "Feature", "geometry": {"type": "LineString", "coordinates": [[-74.01423000482158, 40.62066838214928], [-74.01202956700058, 40.61933661478928]]}, "properties": {"street": "79 STREET", "from": "11 AVENUE", "to": "12 AVENUE", "side": "S", "zone": "WED_FRI", "zone_label": "Wed/Fri", "schedules": ["FRI 9:30AM-11AM"], "all_days": ["FRI"], "color": "#eb6834"}}, {"type": "Feature", "geometry": {"type": "LineString", "coordinates": [[-74.00198901427156, 40.635531136176056], [-74.00270136567556, 40.635050495767054]]}, "properties": {"street": "FORT HAMILTON PARKWAY", "from": "55 STREET", "to": "56 STREET", "side": "W", "zone": "MON_THU", "zone_label": "Mon/Thu", "schedules": ["MON 8:30AM-10AM"], "all_days": ["MON"], "color": "#eda100"}}, {"type": "Feature", "geometry": {"type": "LineString", "coordinates": [[-74.00555485884993, 40.63585501829593], [-74.00613799767794, 40.635292290544925]]}, "properties": {"street": "9 AVENUE", "from": "58 STREET", "to": "57 STREET", "side": "E", "zone": "MON_THU", "zone_label": "Mon/Thu", "schedules": ["THU 9:30AM-11AM"], "all_days": ["THU"], "color": "#eda100"}}, {"type": "Feature", "geometry": {"type": "LineString", "coordinates": [[-74.00357032729121, 40.60061678912036], [-74.00404695752621, 40.600157443896364]]}, "properties": {"street": "BAY   23 STREET", "from": "DEAD END", "to": "CROPSEY AVENUE", "side": "E", "zone": "MON_TUE", "zone_label": "Mon/Tue", "schedules": ["TUE 11:30AM-1PM"], "all_days": ["TUE"], "color": "#2a78d6"}}, {"type": "Feature", "geometry": {"type": "LineString", "coordinates": [[-74.02719871232009, 40.62035686062715], [-74.02629391064107, 40.61990625291114]]}, "properties": {"street": "88 STREET", "from": "5 AVENUE", "to": "GELSTON AVENUE", "side": "N", "zone": "THU_FRI", "zone_label": "Thu/Fri", "schedules": ["FRI 11:30AM-1PM"], "all_days": ["FRI"], "color": "#4a3aa7"}}, {"type": "Feature", "geometry": {"type": "LineString", "coordinates": [[-74.01028453732812, 40.621015859020964], [-74.00808086650811, 40.61968390350796]]}, "properties": {"street": "76 STREET", "from": "13 AVENUE", "to": "12 AVENUE", "side": "S", "zone": "WED_FRI", "zone_label": "Wed/Fri", "schedules": ["FRI 8:30AM-10AM"], "all_days": ["FRI"], "color": "#eb6834"}}, {"type": "Feature", "geometry": {"type": "LineString", "coordinates": [[-74.00866417122063, 40.61912576874407], [-74.00646099679363, 40.61779831186907]]}, "properties": {"street": "77 STREET", "from": "13 AVENUE", "to": "14 AVENUE", "side": "S", "zone": "WED_FRI", "zone_label": "Wed/Fri", "schedules": ["FRI 8:30AM-10AM"], "all_days": ["FRI"], "color": "#eb6834"}}, {"type": "Feature", "geometry": {"type": "LineString", "coordinates": [[-74.00240590864412, 40.5982587221235], [-74.00170109037812, 40.5978367585055]]}, "properties": {"street": "21 DRIVE", "from": "20 LANE", "to": "21 AVENUE", "side": "S", "zone": "OTHER", "zone_label": "Other", "schedules": ["WED 9:30AM-11AM"], "all_days": ["WED"], "color": "#898781"}}, {"type": "Feature", "geometry": {"type": "LineString", "coordinates": [[-74.0341744357803, 40.63746243711535], [-74.0324467355725, 40.63692521926671], [-74.03216270593899, 40.63683689564933]]}, "properties": {"street": "70 STREET", "from": "NARROWS AVENUE", "to": "LOUISE TERRACE", "side": "S", "zone": "MON_TUE", "zone_label": "Mon/Tue", "schedules": ["TUE 9:30AM-11AM"], "all_days": ["TUE"], "color": "#2a78d6"}}, {"type": "Feature", "geometry": {"type": "LineString", "coordinates": [[-74.0329827796813, 40.6187993459435], [-74.0305090371083, 40.6175644961745]]}, "properties": {"street": "93 STREET", "from": "3 AVENUE", "to": "4 AVENUE", "side": "S", "zone": "MON_TUE", "zone_label": "Mon/Tue", "schedules": ["TUE 9:30AM-11AM"], "all_days": ["TUE"], "color": "#2a78d6"}}, {"type": "Feature", "geometry": {"type": "LineString", "coordinates": [[-74.0081556742262, 40.6299574288782], [-74.0059534642002, 40.62862771177819]]}, "properties": {"street": "65 STREET", "from": "10 AVENUE", "to": "11 AVENUE", "side": "S", "zone": "WED_THU", "zone_label": "Wed/Thu", "schedules": ["THU 9:30AM-11AM"], "all_days": ["THU"], "color": "#e34948"}}, {"type": "Feature", "geometry": {"type": "LineString", "coordinates": [[-74.01214821928198, 40.6295663683383], [-74.01145430841298, 40.629146202806304]]}, "properties": {"street": "68 STREET", "from": "FT HAMILTON PARKWAY", "to": "9 AVENUE", "side": "S", "zone": "WED_THU", "zone_label": "Wed/Thu", "schedules": ["THU 11:30AM-1PM"], "all_days": ["THU"], "color": "#e34948"}}, {"type": "Feature", "geometry": {"type": "LineString", "coordinates": [[-74.01493609714541, 40.61654151438653], [-74.0127352817134, 40.61521164623954]]}, "properties": {"street": "84 STREET", "from": "13 AVENUE", "to": "12 AVENUE", "side": "S", "zone": "WED_FRI", "zone_label": "Wed/Fri", "schedules": ["FRI 8:30AM-10AM"], "all_days": ["FRI"], "color": "#eb6834"}}, {"type": "Feature", "geometry": {"type": "LineString", "coordinates": [[-74.01106268216164, 40.64100360178006], [-74.01164493327364, 40.64044362881007]]}, "properties": {"street": "6 AVENUE", "from": "55 STREET", "to": "56 STREET", "side": "W", "zone": "THU_FRI", "zone_label": "Thu/Fri", "schedules": ["THU 11:30AM-1PM"], "all_days": ["THU"], "color": "#4a3aa7"}}, {"type": "Feature", "geometry": {"type": "LineString", "coordinates": [[-74.012338018937, 40.60520494942522], [-74.01374784891503, 40.60363993368672], [-74.01394738296301, 40.603418435295616]]}, "properties": {"street": "16 AVENUE", "from": "SHORE PARKWAY", "to": "CROPSEY AVENUE", "side": "E", "zone": "MON_TUE", "zone_label": "Mon/Tue", "schedules": ["TUE 11:30AM-1PM"], "all_days": ["TUE"], "color": "#2a78d6"}}, {"type": "Feature", "geometry": {"type": "LineString", "coordinates": [[-74.00734531039691, 40.61010517538641], [-74.00765117293322, 40.609810957658425], [-74.00911218505657, 40.608405521516886]]}, "properties": {"street": "16 AVENUE", "from": "86 STREET", "to": "BENSON AVENUE", "side": "W", "zone": "MON_TUE", "zone_label": "Mon/Tue", "schedules": ["MON 11:30AM-1PM"], "all_days": ["MON"], "color": "#2a78d6"}}, {"type": "Feature", "geometry": {"type": "LineString", "coordinates": [[-74.01223096475819, 40.60224134531708], [-74.0116245771212, 40.602089742227086]]}, "properties": {"street": "SHORE PARKWAY", "from": "BAY   16 STREET", "to": "BAY   14 STREET", "side": "S", "zone": "MON_TUE", "zone_label": "Mon/Tue", "schedules": ["TUE 11:30AM-1PM"], "all_days": ["TUE"], "color": "#2a78d6"}}, {"type": "Feature", "geometry": {"type": "LineString", "coordinates": [[-74.00257196328464, 40.64221938169936], [-74.00036831403663, 40.640888938061366]]}, "properties": {"street": "47 STREET", "from": "9 AVENUE", "to": "8 AVENUE", "side": "S", "zone": "MON_THU", "zone_label": "Mon/Thu", "schedules": ["THU 8:30AM-10AM"], "all_days": ["THU"], "color": "#eda100"}}, {"type": "Feature", "geometry": {"type": "LineString", "coordinates": [[-74.00380514100088, 40.613458694837554], [-74.00134537850589, 40.611979003868555]]}, "properties": {"street": "80 STREET", "from": "17 AVENUE", "to": "16 AVENUE", "side": "S", "zone": "THU_FRI", "zone_label": "Thu/Fri", "schedules": ["FRI 11:30AM-1PM"], "all_days": ["FRI"], "color": "#4a3aa7"}}, {"type": "Feature", "geometry": {"type": "LineString", "coordinates": [[-74.02638389968621, 40.61823574281462], [-74.02595358276595, 40.618022507476], [-74.02591450764781, 40.61800313803112], [-74.02555155388359, 40.61782326771672]]}, "properties": {"street": "90 STREET", "from": "GATLING PLACE", "to": "FT HAMILTON PARKWAY", "side": "S", "zone": "THU_FRI", "zone_label": "Thu/Fri", "schedules": ["THU 11:30AM-1PM"], "all_days": ["THU"], "color": "#4a3aa7"}}, {"type": "Feature", "geometry": {"type": "LineString", "coordinates": [[-74.00878761557878, 40.6293989800063], [-74.00937145118779, 40.628839999434305]]}, "properties": {"street": "10 AVENUE", "from": "66 STREET", "to": "67 STREET", "side": "W", "zone": "WED_THU", "zone_label": "Wed/Thu", "schedules": ["WED 9:30AM-11AM"], "all_days": ["WED"], "color": "#e34948"}}, {"type": "Feature", "geometry": {"type": "LineString", "coordinates": [[-74.03224548223157, 40.62777852109759], [-74.02956179117956, 40.62714178282559]]}, "properties": {"street": "81 STREET", "from": "RIDGE BOULEVARD", "to": "3 AVENUE", "side": "N", "zone": "MON_TUE", "zone_label": "Mon/Tue", "schedules": ["MON 8:30AM-10AM"], "all_days": ["MON"], "color": "#2a78d6"}}, {"type": "Feature", "geometry": {"type": "LineString", "coordinates": [[-74.03233021426412, 40.63476938184097], [-74.02964661666111, 40.63413115049297]]}, "properties": {"street": "72 STREET", "from": "COLONIAL ROAD", "to": "RIDGE BOULEVARD", "side": "S", "zone": "MON_TUE", "zone_label": "Mon/Tue", "schedules": ["TUE 9:30AM-11AM"], "all_days": ["TUE"], "color": "#2a78d6"}}, {"type": "Feature", "geometry": {"type": "LineString", "coordinates": [[-74.03044093435312, 40.62498814747941], [-74.02782796537532, 40.62436846478721], [-74.02776952687421, 40.6242919725867]]}, "properties": {"street": "84 STREET", "from": "4 AVENUE", "to": "3 AVENUE", "side": "S", "zone": "MON_TUE", "zone_label": "Mon/Tue", "schedules": ["TUE 8:30AM-10AM"], "all_days": ["TUE"], "color": "#2a78d6"}}, {"type": "Feature", "geometry": {"type": "LineString", "coordinates": [[-74.01434923387967, 40.63089492787566], [-74.01373343434821, 40.630523233011424], [-74.0121481708978, 40.629566338765336]]}, "properties": {"street": "68 STREET", "from": "9 AVENUE", "to": "8 AVENUE", "side": "S", "zone": "WED_THU", "zone_label": "Wed/Thu", "schedules": ["THU 11:30AM-1PM"], "all_days": ["THU"], "color": "#e34948"}}, {"type": "Feature", "geometry": {"type": "LineString", "coordinates": [[-74.02818382506102, 40.61920716965836], [-74.02728022543103, 40.61875704648036]]}, "properties": {"street": "90 STREET", "from": "GELSTON AVENUE", "to": "5 AVENUE", "side": "N", "zone": "THU_FRI", "zone_label": "Thu/Fri", "schedules": ["FRI 11:30AM-1PM"], "all_days": ["FRI"], "color": "#4a3aa7"}}, {"type": "Feature", "geometry": {"type": "LineString", "coordinates": [[-74.01059288921428, 40.62411425312572], [-74.01117489082628, 40.62355473134872]]}, "properties": {"street": "11 AVENUE", "from": "74 STREET", "to": "73 STREET", "side": "E", "zone": "WED_THU", "zone_label": "Wed/Thu", "schedules": ["THU 9:30AM-11AM"], "all_days": ["THU"], "color": "#e34948"}}, {"type": "Feature", "geometry": {"type": "LineString", "coordinates": [[-74.00142459030957, 40.61574353737862], [-74.00016685670957, 40.61498320017562]]}, "properties": {"street": "76 STREET", "from": "NEW UTRECHT AVENUE", "to": "16 AVENUE", "side": "N", "zone": "OTHER", "zone_label": "Other", "schedules": ["MON 11:30AM-1PM"], "all_days": ["MON"], "color": "#898781"}}, {"type": "Feature", "geometry": {"type": "LineString", "coordinates": [[-74.01270567521124, 40.61057699318506], [-74.01372655663005, 40.60959546034414], [-74.01445080634657, 40.60889911499721]]}, "properties": {"street": "BAY    7 STREET", "from": "BATH AVENUE", "to": "BENSON AVENUE", "side": "E", "zone": "WED_FRI", "zone_label": "Wed/Fri", "schedules": ["FRI 11:30AM-1PM"], "all_days": ["FRI"], "color": "#eb6834"}}, {"type": "Feature", "geometry": {"type": "LineString", "coordinates": [[-74.01163821813466, 40.64039956030204], [-74.00943565369967, 40.63906837164904]]}, "properties": {"street": "56 STREET", "from": "6 AVENUE", "to": "7 AVENUE", "side": "S", "zone": "THU_FRI", "zone_label": "Thu/Fri", "schedules": ["FRI 11:30AM-1PM"], "all_days": ["FRI"], "color": "#4a3aa7"}}, {"type": "Feature", "geometry": {"type": "LineString", "coordinates": [[-74.02780447055235, 40.631441538872195], [-74.02509979454835, 40.6308100776722]]}, "properties": {"street": "BAY RIDGE PARKWAY", "from": "3 AVENUE", "to": "4 AVENUE", "side": "S", "zone": "THU_FRI", "zone_label": "Thu/Fri", "schedules": ["FRI 8:30AM-10AM"], "all_days": ["FRI"], "color": "#4a3aa7"}}, {"type": "Feature", "geometry": {"type": "LineString", "coordinates": [[-74.02962185313322, 40.63419115842811], [-74.02693970266023, 40.63355416074911]]}, "properties": {"street": "72 STREET", "from": "RIDGE BOULEVARD", "to": "THIRD AVENUE", "side": "N", "zone": "MON_TUE", "zone_label": "Mon/Tue", "schedules": ["MON 8:30AM-10AM"], "all_days": ["MON"], "color": "#2a78d6"}}, {"type": "Feature", "geometry": {"type": "LineString", "coordinates": [[-74.03046353421817, 40.61655314315473], [-74.03001448013207, 40.6163295272176], [-74.0297850424123, 40.61621527463758]]}, "properties": {"street": "94 STREET", "from": "GELSTON AVENUE", "to": "5 AVENUE", "side": "N", "zone": "OTHER", "zone_label": "Other", "schedules": ["FRI 11:30AM-1PM"], "all_days": ["FRI"], "color": "#898781"}}, {"type": "Feature", "geometry": {"type": "LineString", "coordinates": [[-74.01812711190627, 40.62036925631301], [-74.01592483083726, 40.61903768619501]]}, "properties": {"street": "82 STREET", "from": "11 AVENUE", "to": "10 AVENUE", "side": "N", "zone": "WED_FRI", "zone_label": "Wed/Fri", "schedules": ["WED 9:30AM-11AM"], "all_days": ["WED"], "color": "#eb6834"}}, {"type": "Feature", "geometry": {"type": "LineString", "coordinates": [[-74.03338026611553, 40.62500501491408], [-74.03069666766153, 40.62436647990008]]}, "properties": {"street": "85 STREET", "from": "RIDGE BOULEVARD", "to": "3 AVENUE", "side": "N", "zone": "OTHER", "zone_label": "Other", "schedules": ["MON 8:30AM-10AM"], "all_days": ["MON"], "color": "#898781"}}, {"type": "Feature", "geometry": {"type": "LineString", "coordinates": [[-74.00167797082491, 40.608011734644485], [-74.00167060119492, 40.60768485427049]]}, "properties": {"street": "NEW UTRECHT AVENUE", "from": "85 STREET", "to": "18 AVENUE", "side": "E", "zone": "DAILY", "zone_label": "Daily (except Sun)", "schedules": ["MON/TUE/WED/THU/FRI/SAT 6:30AM-7AM"], "all_days": ["MON", "TUE", "WED", "THU", "FRI", "SAT"], "color": "#e87ba4"}}, {"type": "Feature", "geometry": {"type": "LineString", "coordinates": [[-74.02092172000552, 40.62652643360701], [-74.01929055264652, 40.625559704020006]]}, "properties": {"street": "77 STREET", "from": "6 AVENUE", "to": "7 AVENUE", "side": "S", "zone": "MON_TUE", "zone_label": "Mon/Tue", "schedules": ["TUE 11:30AM-1PM"], "all_days": ["TUE"], "color": "#2a78d6"}}, {"type": "Feature", "geometry": {"type": "LineString", "coordinates": [[-74.0053256465015, 40.62922906237795], [-74.00312536062451, 40.62789955226496]]}, "properties": {"street": "64 STREET", "from": "11 AVENUE", "to": "12 AVENUE", "side": "S", "zone": "WED_THU", "zone_label": "Wed/Thu", "schedules": ["THU 9:30AM-11AM"], "all_days": ["THU"], "color": "#e34948"}}, {"type": "Feature", "geometry": {"type": "LineString", "coordinates": [[-74.02295073702022, 40.636125085075996], [-74.02327617366923, 40.635336372046]]}, "properties": {"street": "4 AVENUE", "from": "67 STREET", "to": "SENATOR STREET", "side": "W", "zone": "DAILY", "zone_label": "Daily (except Sun)", "schedules": ["MON 8:30AM-10AM"], "all_days": ["MON"], "color": "#e87ba4"}}, {"type": "Feature", "geometry": {"type": "LineString", "coordinates": [[-74.02353227178531, 40.62727535063292], [-74.02116959480031, 40.62584877457992]]}, "properties": {"street": "78 STREET", "from": "6 AVENUE", "to": "5 AVENUE", "side": "N", "zone": "MON_TUE", "zone_label": "Mon/Tue", "schedules": ["MON 11:30AM-1PM"], "all_days": ["MON"], "color": "#2a78d6"}}, {"type": "Feature", "geometry": {"type": "LineString", "coordinates": [[-74.0027050150763, 40.624854309905125], [-74.0005053397663, 40.62352274183712]]}, "properties": {"street": "67 STREET", "from": "13 AVENUE", "to": "14 AVENUE", "side": "N", "zone": "WED_THU", "zone_label": "Wed/Thu", "schedules": ["WED 8:30AM-10AM"], "all_days": ["WED"], "color": "#e34948"}}, {"type": "Feature", "geometry": {"type": "LineString", "coordinates": [[-74.01631943781418, 40.630318840093445], [-74.01546485780918, 40.62982536555645]]}, "properties": {"street": "70 STREET", "from": "8 AVENUE", "to": "7 AVENUE", "side": "N", "zone": "WED_THU", "zone_label": "Wed/Thu", "schedules": ["WED 11:30AM-1PM"], "all_days": ["WED"], "color": "#e34948"}}, {"type": "Feature", "geometry": {"type": "LineString", "coordinates": [[-74.00699840665197, 40.632142749682785], [-74.00631408807398, 40.631726380327784]]}, "properties": {"street": "62 STREET", "from": "FORT HAMILTON PARKWAY", "to": "10 AVENUE", "side": "N", "zone": "WED_THU", "zone_label": "Wed/Thu", "schedules": ["WED 9:30AM-11AM"], "all_days": ["WED"], "color": "#e34948"}}, {"type": "Feature", "geometry": {"type": "LineString", "coordinates": [[-74.01158659121734, 40.64044874736396], [-74.00938402678234, 40.63911755871096]]}, "properties": {"street": "56 STREET", "from": "6 AVENUE", "to": "7 AVENUE", "side": "N", "zone": "THU_FRI", "zone_label": "Thu/Fri", "schedules": ["THU 11:30AM-1PM"], "all_days": ["THU"], "color": "#4a3aa7"}}, {"type": "Feature", "geometry": {"type": "LineString", "coordinates": [[-74.00187974865091, 40.611464750407414], [-74.0012778810839, 40.61110162350441]]}, "properties": {"street": "81 STREET", "from": "NEW UTRECHT AVENUE", "to": "18 AVENUE", "side": "N", "zone": "THU_FRI", "zone_label": "Thu/Fri", "schedules": ["THU 11:30AM-1PM"], "all_days": ["THU"], "color": "#4a3aa7"}}, {"type": "Feature", "geometry": {"type": "LineString", "coordinates": [[-74.00228382258074, 40.60185438847523], [-74.00357034962674, 40.60061676739923]]}, "properties": {"street": "BAY   23 STREET", "from": "BATH AVENUE", "to": "CROPSEY AVENUE", "side": "E", "zone": "MON_TUE", "zone_label": "Mon/Tue", "schedules": ["TUE 11:30AM-1PM"], "all_days": ["TUE"], "color": "#2a78d6"}}, {"type": "Feature", "geometry": {"type": "LineString", "coordinates": [[-74.00258906652347, 40.61462746384912], [-74.00060237517947, 40.61342746691012]]}, "properties": {"street": "78 STREET", "from": "NEW UTRECHT AVENUE", "to": "16 AVENUE", "side": "N", "zone": "THU_FRI", "zone_label": "Thu/Fri", "schedules": ["THU 11:30AM-1PM"], "all_days": ["THU"], "color": "#4a3aa7"}}, {"type": "Feature", "geometry": {"type": "LineString", "coordinates": [[-74.03193154613331, 40.621345287144], [-74.02921399247332, 40.620699579723]]}, "properties": {"street": "89 STREET", "from": "4 AVENUE", "to": "3 AVENUE", "side": "S", "zone": "MON_TUE", "zone_label": "Mon/Tue", "schedules": ["TUE 8:30AM-10AM"], "all_days": ["TUE"], "color": "#2a78d6"}}, {"type": "Feature", "geometry": {"type": "LineString", "coordinates": [[-74.01261780741717, 40.618821811570996], [-74.01319763124317, 40.618263865296996]]}, "properties": {"street": "12 AVENUE", "from": "80 STREET", "to": "81 STREET", "side": "W", "zone": "WED_FRI", "zone_label": "Wed/Fri", "schedules": ["WED 8:30AM-10AM"], "all_days": ["WED"], "color": "#eb6834"}}, {"type": "Feature", "geometry": {"type": "LineString", "coordinates": [[-74.02059978204859, 40.62183963980877], [-74.01997539726659, 40.62148475643377]]}, "properties": {"street": "82 STREET", "from": "7 AVENUE", "to": "DYKER PLACE", "side": "N", "zone": "WED_FRI", "zone_label": "Wed/Fri", "schedules": ["WED 11:30AM-1PM"], "all_days": ["WED"], "color": "#eb6834"}}, {"type": "Feature", "geometry": {"type": "LineString", "coordinates": [[-74.02086104611462, 40.61926174561413], [-74.02117714691161, 40.61847107580813]]}, "properties": {"street": "7 AVENUE", "from": "86 STREET", "to": "85 STREET", "side": "E", "zone": "WED_FRI", "zone_label": "Wed/Fri", "schedules": ["FRI 11:30AM-1PM"], "all_days": ["FRI"], "color": "#eb6834"}}, {"type": "Feature", "geometry": {"type": "LineString", "coordinates": [[-74.02048935069045, 40.634742649530004], [-74.01793368842046, 40.633766247492005]]}, "properties": {"street": "SENATOR STREET", "from": "5 AVENUE", "to": "6 AVENUE", "side": "N", "zone": "MON_TUE", "zone_label": "Mon/Tue", "schedules": ["MON 11:30AM-1PM"], "all_days": ["MON"], "color": "#2a78d6"}}, {"type": "Feature", "geometry": {"type": "LineString", "coordinates": [[-74.02056105056714, 40.627275637521514], [-74.02085660949113, 40.62654202083352]]}, "properties": {"street": "6 AVENUE", "from": "77 STREET", "to": "76 STREET", "side": "E", "zone": "MON_TUE", "zone_label": "Mon/Tue", "schedules": ["TUE 11:30AM-1PM"], "all_days": ["TUE"], "color": "#2a78d6"}}, {"type": "Feature", "geometry": {"type": "LineString", "coordinates": [[-74.01870846335899, 40.61980986522548], [-74.01650530375399, 40.618479863641475]]}, "properties": {"street": "83 STREET", "from": "10 AVENUE", "to": "11 AVENUE", "side": "N", "zone": "WED_FRI", "zone_label": "Wed/Fri", "schedules": ["WED 9:30AM-11AM"], "all_days": ["WED"], "color": "#eb6834"}}, {"type": "Feature", "geometry": {"type": "LineString", "coordinates": [[-74.00341104395459, 40.620728208914215], [-74.00121202303657, 40.619397437308216]]}, "properties": {"street": "72 STREET", "from": "15 AVENUE", "to": "14 AVENUE", "side": "N", "zone": "THU_FRI", "zone_label": "Thu/Fri", "schedules": ["THU 11:30AM-1PM"], "all_days": ["THU"], "color": "#4a3aa7"}}, {"type": "Feature", "geometry": {"type": "LineString", "coordinates": [[-74.0131393235301, 40.6182689971862], [-74.0109372709171, 40.6169391680092]]}, "properties": {"street": "81 STREET", "from": "12 AVENUE", "to": "13 AVENUE", "side": "N", "zone": "WED_FRI", "zone_label": "Wed/Fri", "schedules": ["WED 8:30AM-10AM"], "all_days": ["WED"], "color": "#eb6834"}}, {"type": "Feature", "geometry": {"type": "LineString", "coordinates": [[-74.0046932520187, 40.629837242686634], [-74.0024900521637, 40.628507037078634]]}, "properties": {"street": "63 STREET", "from": "12 AVENUE", "to": "11 AVENUE", "side": "N", "zone": "WED_THU", "zone_label": "Wed/Thu", "schedules": ["WED 9:30AM-11AM"], "all_days": ["WED"], "color": "#e34948"}}, {"type": "Feature", "geometry": {"type": "LineString", "coordinates": [[-74.02956180031325, 40.627141784981596], [-74.02892054001795, 40.62698976048605], [-74.02858125765755, 40.62690932070643], [-74.02737992491046, 40.626624495719085], [-74.0268459779748, 40.6264959374408]]}, "properties": {"street": "81 STREET", "from": "3 AVENUE", "to": "4 AVENUE", "side": "N", "zone": "MON_TUE", "zone_label": "Mon/Tue", "schedules": ["MON 8:30AM-10AM"], "all_days": ["MON"], "color": "#2a78d6"}}, {"type": "Feature", "geometry": {"type": "LineString", "coordinates": [[-74.0324897089734, 40.63623606659908], [-74.03220348482374, 40.636149094070745], [-74.03181144844945, 40.636029974772356]]}, "properties": {"street": "MACKAY PLACE", "from": "LOUISE TERRACE", "to": "COLONIAL ROAD", "side": "N", "zone": "OTHER", "zone_label": "Other", "schedules": ["MON 9:30AM-11AM"], "all_days": ["MON"], "color": "#898781"}}, {"type": "Feature", "geometry": {"type": "LineString", "coordinates": [[-74.00049864033328, 40.62347869440353], [-74.00117098926528, 40.62283146701953]]}, "properties": {"street": "14 AVENUE", "from": "OVINGTON AVENUE", "to": "67 STREET", "side": "E", "zone": "WED_THU", "zone_label": "Wed/Thu", "schedules": ["THU 8:30AM-10AM"], "all_days": ["THU"], "color": "#e34948"}}, {"type": "Feature", "geometry": {"type": "LineString", "coordinates": [[-74.0133321753913, 40.63876812633237], [-74.0111302342063, 40.63743718709038]]}, "properties": {"street": "59 STREET", "from": "7 AVENUE", "to": "6 AVENUE", "side": "N", "zone": "THU_FRI", "zone_label": "Thu/Fri", "schedules": ["THU 11:30AM-1PM"], "all_days": ["THU"], "color": "#4a3aa7"}}, {"type": "Feature", "geometry": {"type": "LineString", "coordinates": [[-74.02122105462976, 40.62579949330181], [-74.01965868273876, 40.62486323885181]]}, "properties": {"street": "78 STREET", "from": "7 AVENUE", "to": "6 AVENUE", "side": "S", "zone": "MON_TUE", "zone_label": "Mon/Tue", "schedules": ["TUE 11:30AM-1PM"], "all_days": ["TUE"], "color": "#2a78d6"}}, {"type": "Feature", "geometry": {"type": "LineString", "coordinates": [[-74.01105700137909, 40.62716683150045], [-74.00885476704609, 40.625835297593454]]}, "properties": {"street": "70 STREET", "from": "11 AVENUE", "to": "10 AVENUE", "side": "N", "zone": "WED_THU", "zone_label": "Wed/Thu", "schedules": ["WED 9:30AM-11AM"], "all_days": ["WED"], "color": "#e34948"}}, {"type": "Feature", "geometry": {"type": "LineString", "coordinates": [[-74.00996898022535, 40.60619291126685], [-74.01146872684535, 40.604748810993854]]}, "properties": {"street": "BAY   13 STREET", "from": "BATH AVENUE", "to": "CROPSEY AVENUE", "side": "E", "zone": "MON_TUE", "zone_label": "Mon/Tue", "schedules": ["TUE 11:30AM-1PM"], "all_days": ["TUE"], "color": "#2a78d6"}}, {"type": "Feature", "geometry": {"type": "LineString", "coordinates": [[-74.01079221013826, 40.60668948851176], [-74.01105946130946, 40.60643281550803], [-74.01233971147433, 40.60520320171155]]}, "properties": {"street": "16 AVENUE", "from": "CROPSEY AVENUE", "to": "BATH AVENUE", "side": "E", "zone": "MON_TUE", "zone_label": "Mon/Tue", "schedules": ["TUE 11:30AM-1PM"], "all_days": ["TUE"], "color": "#2a78d6"}}, {"type": "Feature", "geometry": {"type": "LineString", "coordinates": [[-74.01930350696884, 40.62559618523125], [-74.01949835301679, 40.62522733512646], [-74.0196714627533, 40.62489961532733]]}, "properties": {"street": "7 AVENUE", "from": "77 STREET", "to": "78 STREET", "side": "W", "zone": "OTHER", "zone_label": "Other", "schedules": ["MON 11:30AM-1PM"], "all_days": ["MON"], "color": "#898781"}}, {"type": "Feature", "geometry": {"type": "LineString", "coordinates": [[-74.0203180395653, 40.628079658141225], [-74.02064021969629, 40.627294176384225]]}, "properties": {"street": "6 AVENUE", "from": "74 STREET", "to": "BAY RIDGE PARKWAY", "side": "W", "zone": "MON_TUE", "zone_label": "Mon/Tue", "schedules": ["MON 11:30AM-1PM"], "all_days": ["MON"], "color": "#2a78d6"}}, {"type": "Feature", "geometry": {"type": "LineString", "coordinates": [[-74.00433445425827, 40.61294943928485], [-74.00187970921228, 40.61146472666785]]}, "properties": {"street": "81 STREET", "from": "16 AVENUE", "to": "17 AVENUE", "side": "N", "zone": "THU_FRI", "zone_label": "Thu/Fri", "schedules": ["THU 11:30AM-1PM"], "all_days": ["THU"], "color": "#4a3aa7"}}, {"type": "Feature", "geometry": {"type": "LineString", "coordinates": [[-74.00062352427202, 40.619913193939375], [-74.00120532415501, 40.61935338046637]]}, "properties": {"street": "15 AVENUE", "from": "72 STREET", "to": "71 STREET", "side": "E", "zone": "THU_FRI", "zone_label": "Thu/Fri", "schedules": ["FRI 11:30AM-1PM"], "all_days": ["FRI"], "color": "#4a3aa7"}}, {"type": "Feature", "geometry": {"type": "LineString", "coordinates": [[-74.02726823030673, 40.61871361741846], [-74.02836423297573, 40.617434576327454]]}, "properties": {"street": "GELSTON AVENUE", "from": "90 STREET", "to": "92 STREET", "side": "E", "zone": "THU_FRI", "zone_label": "Thu/Fri", "schedules": ["THU 11:30AM-1PM"], "all_days": ["THU"], "color": "#4a3aa7"}}, {"type": "Feature", "geometry": {"type": "LineString", "coordinates": [[-74.00873484701667, 40.61094489720646], [-74.0090840460324, 40.61061009188703], [-74.00962233485055, 40.61009398645275], [-74.01018509515855, 40.60955441721895], [-74.01050585456596, 40.60924686065001]]}, "properties": {"street": "BAY   10 STREET", "from": "86 STREET", "to": "BENSON AVENUE", "side": "E", "zone": "WED_FRI", "zone_label": "Wed/Fri", "schedules": ["FRI 11:30AM-1PM"], "all_days": ["FRI"], "color": "#eb6834"}}, {"type": "Feature", "geometry": {"type": "LineString", "coordinates": [[-74.03011118242028, 40.62568986798137], [-74.03038900832229, 40.62500885776637]]}, "properties": {"street": "3 AVENUE", "from": "84 STREET", "to": "83 STREET", "side": "E", "zone": "MON_TUE", "zone_label": "Mon/Tue", "schedules": ["TUE 8:30AM-10AM"], "all_days": ["TUE"], "color": "#2a78d6"}}, {"type": "Feature", "geometry": {"type": "LineString", "coordinates": [[-74.02606191429656, 40.63572231350543], [-74.02354097344757, 40.63459691074943]]}, "properties": {"street": "BAY RIDGE AVENUE", "from": "3 AVENUE", "to": "4 AVENUE", "side": "S", "zone": "MON_TUE", "zone_label": "Mon/Tue", "schedules": ["TUE 8:30AM-10AM"], "all_days": ["TUE"], "color": "#2a78d6"}}, {"type": "Feature", "geometry": {"type": "LineString", "coordinates": [[-74.0044475761349, 40.63696860771628], [-74.0019872816449, 40.63548303663628]]}, "properties": {"street": "55 STREET", "from": "FORT HAMILTON PARKWAY", "to": "9 AVENUE", "side": "S", "zone": "MON_THU", "zone_label": "Mon/Thu", "schedules": ["THU 9:30AM-11AM"], "all_days": ["THU"], "color": "#eda100"}}, {"type": "Feature", "geometry": {"type": "LineString", "coordinates": [[-74.01487867711538, 40.63038548041964], [-74.01447213926848, 40.63013997858559], [-74.01267820988333, 40.629056576949296]]}, "properties": {"street": "BAY RIDGE AVENUE", "from": "9 AVENUE", "to": "8 AVENUE", "side": "N", "zone": "OTHER", "zone_label": "Other", "schedules": ["WED 11:30AM-1PM"], "all_days": ["WED"], "color": "#898781"}}, {"type": "Feature", "geometry": {"type": "LineString", "coordinates": [[-74.01093725859333, 40.61693916025339], [-74.00873589644033, 40.61560864033139]]}, "properties": {"street": "81 STREET", "from": "13 AVENUE", "to": "14 AVENUE", "side": "N", "zone": "WED_FRI", "zone_label": "Wed/Fri", "schedules": ["WED 8:30AM-10AM"], "all_days": ["WED"], "color": "#eb6834"}}, {"type": "Feature", "geometry": {"type": "LineString", "coordinates": [[-74.00198901427156, 40.635531136176056], [-74.00270136567556, 40.635050495767054]]}, "properties": {"street": "FORT HAMILTON PARKWAY", "from": "56 STREET", "to": "55 STREET", "side": "E", "zone": "MON_THU", "zone_label": "Mon/Thu", "schedules": ["THU 8:30AM-10AM"], "all_days": ["THU"], "color": "#eda100"}}, {"type": "Feature", "geometry": {"type": "LineString", "coordinates": [[-74.01180796473952, 40.62299719881747], [-74.00960564061852, 40.62166724545747]]}, "properties": {"street": "BAY RIDGE PARKWAY", "from": "12 AVENUE", "to": "11 AVENUE", "side": "N", "zone": "WED_FRI", "zone_label": "Wed/Fri", "schedules": ["WED 9:30AM-11AM"], "all_days": ["WED"], "color": "#eb6834"}}, {"type": "Feature", "geometry": {"type": "LineString", "coordinates": [[-74.00815236444242, 40.616165993341795], [-74.00789216305219, 40.61600865437174], [-74.00595394151486, 40.61483658093643]]}, "properties": {"street": "80 STREET", "from": "15 AVENUE", "to": "14 AVENUE", "side": "N", "zone": "THU_FRI", "zone_label": "Thu/Fri", "schedules": ["THU 11:30AM-1PM"], "all_days": ["THU"], "color": "#4a3aa7"}}, {"type": "Feature", "geometry": {"type": "LineString", "coordinates": [[-74.00420281506788, 40.6092282000565], [-74.00346223042688, 40.608780179456495]]}, "properties": {"street": "85 STREET", "from": "17 AVENUE", "to": "BAY   16 STREET", "side": "N", "zone": "OTHER", "zone_label": "Other", "schedules": ["WED 8:30AM-10AM"], "all_days": ["WED"], "color": "#898781"}}, {"type": "Feature", "geometry": {"type": "LineString", "coordinates": [[-74.03461422755247, 40.62197893884258], [-74.03418834920788, 40.62187835218175], [-74.03415214630895, 40.62186979878403], [-74.0327499754888, 40.621538608369704], [-74.03193148027927, 40.621345271491435]]}, "properties": {"street": "89 STREET", "from": "RIDGE BOULEVARD", "to": "COLONIAL ROAD", "side": "S", "zone": "THU_FRI", "zone_label": "Thu/Fri", "schedules": ["THU 8:30AM-10AM"], "all_days": ["THU"], "color": "#4a3aa7"}}, {"type": "Feature", "geometry": {"type": "LineString", "coordinates": [[-74.0140160140835, 40.60345363256732], [-74.01426662154716, 40.6031684064061], [-74.01455664312601, 40.602838328824326]]}, "properties": {"street": "16 AVENUE", "from": "INDEPENDENCE AVENUE", "to": "SHORE PARKWAY", "side": "W", "zone": "OTHER", "zone_label": "Other", "schedules": ["MON 11:30AM-1PM"], "all_days": ["MON"], "color": "#898781"}}, {"type": "Feature", "geometry": {"type": "LineString", "coordinates": [[-74.01321362969429, 40.63538625993176], [-74.01365965851522, 40.63495593360347], [-74.01407751272076, 40.634552783634376]]}, "properties": {"street": "7 AVENUE", "from": "64 STREET", "to": "61 STREET", "side": "E", "zone": "OTHER", "zone_label": "Other", "schedules": ["THU 11:30AM-1PM"], "all_days": ["THU"], "color": "#898781"}}, {"type": "Feature", "geometry": {"type": "LineString", "coordinates": [[-74.0146368330201, 40.623724641114165], [-74.01273147124473, 40.62257450750884], [-74.01243388399192, 40.6223948678836]]}, "properties": {"street": "76 STREET", "from": "11 AVENUE", "to": "10 AVENUE", "side": "N", "zone": "WED_FRI", "zone_label": "Wed/Fri", "schedules": ["WED 9:30AM-11AM"], "all_days": ["WED"], "color": "#eb6834"}}, {"type": "Feature", "geometry": {"type": "LineString", "coordinates": [[-74.03468087836313, 40.62912312137127], [-74.03497846816914, 40.62839250269327]]}, "properties": {"street": "COLONIAL ROAD", "from": "81 STREET", "to": "82 STREET", "side": "W", "zone": "MON_TUE", "zone_label": "Mon/Tue", "schedules": ["MON 9:30AM-11AM"], "all_days": ["MON"], "color": "#2a78d6"}}, {"type": "Feature", "geometry": {"type": "LineString", "coordinates": [[-74.01930050818672, 40.63351759810936], [-74.01977291868471, 40.63290910050236]]}, "properties": {"street": "VISTA PLACE", "from": "68 STREET", "to": "BAY RIDGE AVENUE", "side": "W", "zone": "MON_TUE", "zone_label": "Mon/Tue", "schedules": ["MON 11:30AM-1PM"], "all_days": ["MON"], "color": "#2a78d6"}}, {"type": "Feature", "geometry": {"type": "LineString", "coordinates": [[-74.03227020314644, 40.627718503634405], [-74.02958651209443, 40.627081765362405]]}, "properties": {"street": "81 STREET", "from": "RIDGE BOULEVARD", "to": "3 AVENUE", "side": "S", "zone": "MON_TUE", "zone_label": "Mon/Tue", "schedules": ["TUE 8:30AM-10AM"], "all_days": ["TUE"], "color": "#2a78d6"}}, {"type": "Feature", "geometry": {"type": "LineString", "coordinates": [[-74.00178722077037, 40.61879488265829], [-74.00236754818238, 40.61823588297929]]}, "properties": {"street": "15 AVENUE", "from": "74 STREET", "to": "73 STREET", "side": "E", "zone": "THU_FRI", "zone_label": "Thu/Fri", "schedules": ["FRI 11:30AM-1PM"], "all_days": ["FRI"], "color": "#4a3aa7"}}, {"type": "Feature", "geometry": {"type": "LineString", "coordinates": [[-74.00555457297916, 40.603561665561934], [-74.00674843888416, 40.60228107652493]]}, "properties": {"street": "BAY   19 STREET", "from": "BATH AVENUE", "to": "CROPSEY AVENUE", "side": "E", "zone": "MON_TUE", "zone_label": "Mon/Tue", "schedules": ["TUE 11:30AM-1PM"], "all_days": ["TUE"], "color": "#2a78d6"}}, {"type": "Feature", "geometry": {"type": "LineString", "coordinates": [[-74.01696330503901, 40.62148665898395], [-74.01476039661, 40.620157633177946]]}, "properties": {"street": "80 STREET", "from": "10 AVENUE", "to": "7 AVENUE", "side": "N", "zone": "WED_FRI", "zone_label": "Wed/Fri", "schedules": ["WED 11:30AM-1PM"], "all_days": ["WED"], "color": "#eb6834"}}, {"type": "Feature", "geometry": {"type": "LineString", "coordinates": [[-74.01140268053001, 40.62919538441471], [-74.00989526078902, 40.628285215947706]]}, "properties": {"street": "68 STREET", "from": "10 AVENUE", "to": "FT HAMILTON PARKWAY", "side": "N", "zone": "WED_THU", "zone_label": "Wed/Thu", "schedules": ["WED 9:30AM-11AM"], "all_days": ["WED"], "color": "#e34948"}}, {"type": "Feature", "geometry": {"type": "LineString", "coordinates": [[-74.01211712826898, 40.628717157537885], [-74.01175494900181, 40.62849836828342], [-74.01085411573892, 40.62795417165722], [-74.01047579504467, 40.62772562114515]]}, "properties": {"street": "BAY RIDGE AVENUE", "from": "10 AVENUE", "to": "FT HAMILTON PARKWAY", "side": "N", "zone": "WED_THU", "zone_label": "Wed/Thu", "schedules": ["WED 9:30AM-11AM"], "all_days": ["WED"], "color": "#e34948"}}, {"type": "Feature", "geometry": {"type": "LineString", "coordinates": [[-74.0158592354999, 40.62260128916098], [-74.01644005694389, 40.62204185872898]]}, "properties": {"street": "10 AVENUE", "from": "78 STREET", "to": "79 STREET", "side": "W", "zone": "WED_FRI", "zone_label": "Wed/Fri", "schedules": ["WED 11:30AM-1PM"], "all_days": ["WED"], "color": "#eb6834"}}, {"type": "Feature", "geometry": {"type": "LineString", "coordinates": [[-74.00408208258017, 40.60813389279827], [-74.00585022829718, 40.60643587309927]]}, "properties": {"street": "BAY   16 STREET", "from": "86 STREET", "to": "BENSON AVENUE", "side": "E", "zone": "MON_TUE", "zone_label": "Mon/Tue", "schedules": ["TUE 11:30AM-1PM"], "all_days": ["TUE"], "color": "#2a78d6"}}, {"type": "Feature", "geometry": {"type": "LineString", "coordinates": [[-74.0043232685033, 40.60101023770983], [-74.0053125746413, 40.600075246514834]]}, "properties": {"street": "BAY   22 STREET", "from": "CROPSEY AVENUE", "to": "20 DRIVE", "side": "E", "zone": "MON_TUE", "zone_label": "Mon/Tue", "schedules": ["TUE 11:30AM-1PM"], "all_days": ["TUE"], "color": "#2a78d6"}}, {"type": "Feature", "geometry": {"type": "LineString", "coordinates": [[-74.00762517701398, 40.616678092935366], [-74.00542387650498, 40.61534650892536]]}, "properties": {"street": "79 STREET", "from": "14 AVENUE", "to": "15 AVENUE", "side": "S", "zone": "THU_FRI", "zone_label": "Thu/Fri", "schedules": ["FRI 11:30AM-1PM"], "all_days": ["FRI"], "color": "#4a3aa7"}}, {"type": "Feature", "geometry": {"type": "LineString", "coordinates": [[-74.00537155796897, 40.600070906506126], [-74.00463081733997, 40.59959642610912]]}, "properties": {"street": "20 DRIVE", "from": "BAY   22 STREET", "to": "19 LANE", "side": "S", "zone": "OTHER", "zone_label": "Other", "schedules": ["MON 11:30AM-1PM"], "all_days": ["MON"], "color": "#898781"}}, {"type": "Feature", "geometry": {"type": "LineString", "coordinates": [[-74.00055378426462, 40.63648749299066], [-74.00126922311362, 40.636009393179656]]}, "properties": {"street": "FORT HAMILTON PARKWAY", "from": "53 STREET", "to": "52 STREET", "side": "E", "zone": "MON_THU", "zone_label": "Mon/Thu", "schedules": ["THU 8:30AM-10AM"], "all_days": ["THU"], "color": "#eda100"}}, {"type": "Feature", "geometry": {"type": "LineString", "coordinates": [[-74.00902909294213, 40.622219195960746], [-74.00682915406513, 40.620889287485745]]}, "properties": {"street": "74 STREET", "from": "13 AVENUE", "to": "12 AVENUE", "side": "S", "zone": "WED_THU", "zone_label": "Wed/Thu", "schedules": ["THU 8:30AM-10AM"], "all_days": ["THU"], "color": "#e34948"}}, {"type": "Feature", "geometry": {"type": "LineString", "coordinates": [[-74.02109876420919, 40.62304283689433], [-74.02161681054318, 40.62243969765933]]}, "properties": {"street": "7 AVENUE", "from": "82 STREET", "to": "81 STREET", "side": "E", "zone": "THU_FRI", "zone_label": "Thu/Fri", "schedules": ["FRI 11:30AM-1PM"], "all_days": ["FRI"], "color": "#4a3aa7"}}, {"type": "Feature", "geometry": {"type": "LineString", "coordinates": [[-74.00562217340884, 40.603597995054066], [-74.00681603931383, 40.602317406017065]]}, "properties": {"street": "BAY   19 STREET", "from": "BATH AVENUE", "to": "CROPSEY AVENUE", "side": "W", "zone": "MON_TUE", "zone_label": "Mon/Tue", "schedules": ["MON 11:30AM-1PM"], "all_days": ["MON"], "color": "#2a78d6"}}, {"type": "Feature", "geometry": {"type": "LineString", "coordinates": [[-74.0057351344943, 40.63228638996219], [-74.0035296230763, 40.63095577268019]]}, "properties": {"street": "61 STREET", "from": "11 AVENUE", "to": "10 AVENUE", "side": "N", "zone": "OTHER", "zone_label": "Other", "schedules": ["MON 8:30AM-10AM"], "all_days": ["MON"], "color": "#898781"}}, {"type": "Feature", "geometry": {"type": "LineString", "coordinates": [[-74.00315223453697, 40.641658168048465], [-74.00095251703497, 40.640329527803466]]}, "properties": {"street": "49 STREET", "from": "9 AVENUE", "to": "8 AVENUE", "side": "S", "zone": "MON_THU", "zone_label": "Mon/Thu", "schedules": ["THU 8:30AM-10AM"], "all_days": ["THU"], "color": "#eda100"}}, {"type": "Feature", "geometry": {"type": "LineString", "coordinates": [[-74.0130569670538, 40.608058132429335], [-74.0147286663288, 40.606451994627335]]}, "properties": {"street": "15 AVENUE", "from": "BATH AVENUE", "to": "CROPSEY AVENUE", "side": "W", "zone": "WED_FRI", "zone_label": "Wed/Fri", "schedules": ["WED 11:30AM-1PM"], "all_days": ["WED"], "color": "#eb6834"}}, {"type": "Feature", "geometry": {"type": "LineString", "coordinates": [[-74.03405520306963, 40.63054323685044], [-74.03137353403963, 40.62990871922944]]}, "properties": {"street": "78 STREET", "from": "COLONIAL ROAD", "to": "NARROWS AVENUE", "side": "S", "zone": "THU_FRI", "zone_label": "Thu/Fri", "schedules": ["FRI 9:30AM-11AM"], "all_days": ["FRI"], "color": "#4a3aa7"}}, {"type": "Feature", "geometry": {"type": "LineString", "coordinates": [[-74.00252036733936, 40.64226858832063], [-74.00031671809136, 40.640938144682636]]}, "properties": {"street": "48 STREET", "from": "7 AVENUE", "to": "8 AVENUE", "side": "N", "zone": "OTHER", "zone_label": "Other", "schedules": ["WED 11:30AM-1PM"], "all_days": ["WED"], "color": "#898781"}}, {"type": "Feature", "geometry": {"type": "LineString", "coordinates": [[-74.03436349430349, 40.62269973009793], [-74.03464148956849, 40.62201825936593]]}, "properties": {"street": "RIDGE BOULEVARD", "from": "88 STREET", "to": "89 STREET", "side": "W", "zone": "THU_FRI", "zone_label": "Thu/Fri", "schedules": ["FRI 8:30AM-10AM"], "all_days": ["FRI"], "color": "#4a3aa7"}}, {"type": "Feature", "geometry": {"type": "LineString", "coordinates": [[-74.00564426663637, 40.60551396482572], [-74.00687925764137, 40.60432701857272]]}, "properties": {"street": "BAY   17 STREET", "from": "BATH AVENUE", "to": "RUTHERFORD PLACE", "side": "E", "zone": "MON_TUE", "zone_label": "Mon/Tue", "schedules": ["TUE 11:30AM-1PM"], "all_days": ["TUE"], "color": "#2a78d6"}}, {"type": "Feature", "geometry": {"type": "LineString", "coordinates": [[-74.00832674743693, 40.626345099551514], [-74.00793007332597, 40.62610599724337], [-74.00653392166002, 40.625264416715424], [-74.00612266859494, 40.62501651137084]]}, "properties": {"street": "BAY RIDGE AVENUE", "from": "11 AVENUE", "to": "12 AVENUE", "side": "S", "zone": "WED_THU", "zone_label": "Wed/Thu", "schedules": ["THU 9:30AM-11AM"], "all_days": ["THU"], "color": "#e34948"}}, {"type": "Feature", "geometry": {"type": "LineString", "coordinates": [[-74.0114471477068, 40.61989708698408], [-74.01031053098609, 40.619210061108994], [-74.00924482712733, 40.618565865478594]]}, "properties": {"street": "78 STREET", "from": "13 AVENUE", "to": "12 AVENUE", "side": "S", "zone": "WED_FRI", "zone_label": "Wed/Fri", "schedules": ["FRI 8:30AM-10AM"], "all_days": ["FRI"], "color": "#eb6834"}}, {"type": "Feature", "geometry": {"type": "LineString", "coordinates": [[-74.00561323414351, 40.635849857779604], [-74.00341578605551, 40.6345219845796]]}, "properties": {"street": "57 STREET", "from": "FT HAMILTON PARKWAY", "to": "9 AVENUE", "side": "S", "zone": "MON_THU", "zone_label": "Mon/Thu", "schedules": ["THU 9:30AM-11AM"], "all_days": ["THU"], "color": "#eda100"}}, {"type": "Feature", "geometry": {"type": "LineString", "coordinates": [[-74.0148777363257, 40.616546685129585], [-74.01545750873369, 40.61598670945159]]}, "properties": {"street": "12 AVENUE", "from": "85 STREET", "to": "84 STREET", "side": "E", "zone": "WED_FRI", "zone_label": "Wed/Fri", "schedules": ["FRI 8:30AM-10AM"], "all_days": ["FRI"], "color": "#eb6834"}}, {"type": "Feature", "geometry": {"type": "LineString", "coordinates": [[-74.00975768466468, 40.60389474773476], [-74.00897259638268, 40.60348391306976]]}, "properties": {"street": "CROPSEY AVENUE", "from": "BAY   16 STREET", "to": "17 AVENUE", "side": "N", "zone": "MON_TUE", "zone_label": "Mon/Tue", "schedules": ["MON 11:30AM-1PM"], "all_days": ["MON"], "color": "#2a78d6"}}, {"type": "Feature", "geometry": {"type": "LineString", "coordinates": [[-74.0343362302284, 40.622660409058305], [-74.03390774869628, 40.62255922831983], [-74.03165268975232, 40.62202669097457]]}, "properties": {"street": "88 STREET", "from": "RIDGE BOULEVARD", "to": "3 AVENUE", "side": "S", "zone": "MON_TUE", "zone_label": "Mon/Tue", "schedules": ["TUE 8:30AM-10AM"], "all_days": ["TUE"], "color": "#2a78d6"}}, {"type": "Feature", "geometry": {"type": "LineString", "coordinates": [[-74.03284600127813, 40.62630726846351], [-74.03063741872455, 40.62578197453959], [-74.03016314178956, 40.62566916555038]]}, "properties": {"street": "83 STREET", "from": "RIDGE BOULEVARD", "to": "3 AVENUE", "side": "S", "zone": "MON_TUE", "zone_label": "Mon/Tue", "schedules": ["TUE 8:30AM-10AM"], "all_days": ["TUE"], "color": "#2a78d6"}}, {"type": "Feature", "geometry": {"type": "LineString", "coordinates": [[-74.00749320897435, 40.60267336158277], [-74.00916863981764, 40.6010656818589], [-74.00944024544607, 40.60080505789003]]}, "properties": {"street": "18 AVENUE", "from": "CROPSEY AVENUE", "to": "SHORE PARKWAY", "side": "W", "zone": "MON_TUE", "zone_label": "Mon/Tue", "schedules": ["MON 11:30AM-1PM"], "all_days": ["MON"], "color": "#2a78d6"}}, {"type": "Feature", "geometry": {"type": "LineString", "coordinates": [[-74.01436143102968, 40.61714503665152], [-74.01494282101969, 40.61658558591652]]}, "properties": {"street": "12 AVENUE", "from": "83 STREET", "to": "84 STREET", "side": "W", "zone": "WED_FRI", "zone_label": "Wed/Fri", "schedules": ["WED 8:30AM-10AM"], "all_days": ["WED"], "color": "#eb6834"}}, {"type": "Feature", "geometry": {"type": "LineString", "coordinates": [[-74.03025651804663, 40.63509218671132], [-74.0298466762561, 40.634994479646345], [-74.02934513289416, 40.634874911318086]]}, "properties": {"street": "71 STREET", "from": "RIDGE BOULEVARD", "to": "PERRY TERRACE", "side": "N", "zone": "OTHER", "zone_label": "Other", "schedules": ["MON 9:30AM-11AM"], "all_days": ["MON"], "color": "#898781"}}, {"type": "Feature", "geometry": {"type": "LineString", "coordinates": [[-74.00747474495685, 40.607376657505405], [-74.00665188145486, 40.60687866531241]]}, "properties": {"street": "BENSON AVENUE", "from": "BAY   14 STREET", "to": "17 AVENUE", "side": "S", "zone": "MON_TUE", "zone_label": "Mon/Tue", "schedules": ["TUE 11:30AM-1PM"], "all_days": ["TUE"], "color": "#2a78d6"}}, {"type": "Feature", "geometry": {"type": "LineString", "coordinates": [[-74.00288409085029, 40.62123725531628], [-74.00068182482829, 40.61990805756128]]}, "properties": {"street": "71 STREET", "from": "15 AVENUE", "to": "NEW UTRECHT AVENUE", "side": "S", "zone": "THU_FRI", "zone_label": "Thu/Fri", "schedules": ["FRI 11:30AM-1PM"], "all_days": ["FRI"], "color": "#4a3aa7"}}, {"type": "Feature", "geometry": {"type": "LineString", "coordinates": [[-74.02898943272942, 40.62854229283273], [-74.02841677283409, 40.62840631841962], [-74.02715712666526, 40.62810925722456], [-74.02627693741233, 40.627898199019604]]}, "properties": {"street": "79 STREET", "from": "3 AVENUE", "to": "4 AVENUE", "side": "S", "zone": "THU_FRI", "zone_label": "Thu/Fri", "schedules": ["FRI 8:30AM-10AM"], "all_days": ["FRI"], "color": "#4a3aa7"}}, {"type": "Feature", "geometry": {"type": "LineString", "coordinates": [[-74.00919911672948, 40.63066677619855], [-74.00810411443747, 40.63000665190855]]}, "properties": {"street": "65 STREET", "from": "10 AVENUE", "to": "FT HAMILTON PARKWAY", "side": "N", "zone": "WED_THU", "zone_label": "Wed/Thu", "schedules": ["WED 9:30AM-11AM"], "all_days": ["WED"], "color": "#e34948"}}, {"type": "Feature", "geometry": {"type": "LineString", "coordinates": [[-74.0028325307977, 40.62128647382172], [-74.00063026477571, 40.61995727606672]]}, "properties": {"street": "71 STREET", "from": "15 AVENUE", "to": "NEW UTRECHT AVENUE", "side": "N", "zone": "THU_FRI", "zone_label": "Thu/Fri", "schedules": ["THU 11:30AM-1PM"], "all_days": ["THU"], "color": "#4a3aa7"}}, {"type": "Feature", "geometry": {"type": "LineString", "coordinates": [[-74.00292014222278, 40.63149227618365], [-74.00352286168678, 40.630911703377656]]}, "properties": {"street": "11 AVENUE", "from": "61 STREET", "to": "60 STREET", "side": "E", "zone": "MON_THU", "zone_label": "Mon/Thu", "schedules": ["MON 8:30AM-10AM"], "all_days": ["MON"], "color": "#eda100"}}, {"type": "Feature", "geometry": {"type": "LineString", "coordinates": [[-74.00187104377035, 40.603413877742874], [-74.00112310843235, 40.60301707218588]]}, "properties": {"street": "BENSON AVENUE", "from": "BAY   23 STREET", "to": "BAY   22 STREET", "side": "S", "zone": "OTHER", "zone_label": "Other", "schedules": ["TUE 8:30AM-10AM"], "all_days": ["TUE"], "color": "#898781"}}, {"type": "Feature", "geometry": {"type": "LineString", "coordinates": [[-74.01609379957988, 40.615416888625255], [-74.01442663368557, 40.61441305123869], [-74.01388212423687, 40.614085214918966]]}, "properties": {"street": "86 STREET", "from": "13 AVENUE", "to": "12 AVENUE", "side": "N", "zone": "OTHER", "zone_label": "Other", "schedules": ["WED 8:30AM-10AM"], "all_days": ["WED"], "color": "#898781"}}, {"type": "Feature", "geometry": {"type": "LineString", "coordinates": [[-74.01459393280714, 40.63755451835703], [-74.01239072928715, 40.63622574544903]]}, "properties": {"street": "61 STREET", "from": "7 AVENUE", "to": "6 AVENUE", "side": "S", "zone": "THU_FRI", "zone_label": "Thu/Fri", "schedules": ["FRI 11:30AM-1PM"], "all_days": ["FRI"], "color": "#4a3aa7"}}, {"type": "Feature", "geometry": {"type": "LineString", "coordinates": [[-74.00658139116196, 40.62802332722219], [-74.00437707821597, 40.62669397615218]]}, "properties": {"street": "66 STREET", "from": "12 AVENUE", "to": "11 AVENUE", "side": "S", "zone": "WED_THU", "zone_label": "Wed/Thu", "schedules": ["THU 9:30AM-11AM"], "all_days": ["THU"], "color": "#e34948"}}, {"type": "Feature", "geometry": {"type": "LineString", "coordinates": [[-74.00346268725143, 40.62067904097978], [-74.00126366633341, 40.61934826937378]]}, "properties": {"street": "72 STREET", "from": "NEW UTRECHT AVENUE", "to": "15 AVENUE", "side": "S", "zone": "THU_FRI", "zone_label": "Thu/Fri", "schedules": ["FRI 11:30AM-1PM"], "all_days": ["FRI"], "color": "#4a3aa7"}}, {"type": "Feature", "geometry": {"type": "LineString", "coordinates": [[-74.00759439887943, 40.60475704969069], [-74.00896357778043, 40.603438559430685]]}, "properties": {"street": "BAY   16 STREET", "from": "BATH AVENUE", "to": "CROPSEY AVENUE", "side": "E", "zone": "MON_TUE", "zone_label": "Mon/Tue", "schedules": ["TUE 11:30AM-1PM"], "all_days": ["TUE"], "color": "#2a78d6"}}, {"type": "Feature", "geometry": {"type": "LineString", "coordinates": [[-74.01231499393019, 40.60760948068576], [-74.01394421820518, 40.60604365686776]]}, "properties": {"street": "BAY   10 STREET", "from": "BATH AVENUE", "to": "CROPSEY AVENUE", "side": "W", "zone": "WED_FRI", "zone_label": "Wed/Fri", "schedules": ["WED 11:30AM-1PM"], "all_days": ["WED"], "color": "#eb6834"}}, {"type": "Feature", "geometry": {"type": "LineString", "coordinates": [[-74.00769812378724, 40.61316101796042], [-74.00549718712924, 40.611830777578426]]}, "properties": {"street": "83 STREET", "from": "15 AVENUE", "to": "16 AVENUE", "side": "N", "zone": "MON_TUE", "zone_label": "Mon/Tue", "schedules": ["MON 11:30AM-1PM"], "all_days": ["MON"], "color": "#2a78d6"}}, {"type": "Feature", "geometry": {"type": "LineString", "coordinates": [[-74.00821245253447, 40.603045150116415], [-74.00983933106579, 40.60145960781362], [-74.01009840081188, 40.60120710619214]]}, "properties": {"street": "BAY   17 STREET", "from": "SHORE PARKWAY", "to": "CROPSEY AVENUE", "side": "E", "zone": "MON_TUE", "zone_label": "Mon/Tue", "schedules": ["TUE 11:30AM-1PM"], "all_days": ["TUE"], "color": "#2a78d6"}}, {"type": "Feature", "geometry": {"type": "LineString", "coordinates": [[-74.02123493396572, 40.6258335240321], [-74.02137041667052, 40.62550354822542], [-74.0215355159546, 40.62510143520983]]}, "properties": {"street": "6 AVENUE", "from": "78 STREET", "to": "79 STREET", "side": "W", "zone": "MON_TUE", "zone_label": "Mon/Tue", "schedules": ["MON 11:30AM-1PM"], "all_days": ["MON"], "color": "#2a78d6"}}, {"type": "Feature", "geometry": {"type": "LineString", "coordinates": [[-74.0338970869295, 40.638146379502345], [-74.0321073496155, 40.637592596860344]]}, "properties": {"street": "BAY RIDGE AVENUE", "from": "NARROWS AVENUE", "to": "COLONIAL ROAD", "side": "S", "zone": "MON_TUE", "zone_label": "Mon/Tue", "schedules": ["TUE 9:30AM-11AM"], "all_days": ["TUE"], "color": "#2a78d6"}}, {"type": "Feature", "geometry": {"type": "LineString", "coordinates": [[-74.00391927777126, 40.62368521649437], [-74.00347791263245, 40.62341837004422], [-74.00212869508964, 40.62260261890516], [-74.00172090535618, 40.622356057341015]]}, "properties": {"street": "BAY RIDGE AVENUE", "from": "14 AVENUE", "to": "15 AVENUE", "side": "S", "zone": "THU_FRI", "zone_label": "Thu/Fri", "schedules": ["FRI 11:30AM-1PM"], "all_days": ["FRI"], "color": "#4a3aa7"}}, {"type": "Feature", "geometry": {"type": "LineString", "coordinates": [[-74.01968726999769, 40.64253915839342], [-74.01990603407346, 40.642320988097644], [-74.01991112542835, 40.6423159104836], [-74.02026503130524, 40.641962963634725]]}, "properties": {"street": "3 AVENUE", "from": "59 STREET", "to": "58 STREET", "side": "E", "zone": "MON_THU", "zone_label": "Mon/Thu", "schedules": ["MON 9:30AM-11AM"], "all_days": ["MON"], "color": "#eda100"}}, {"type": "Feature", "geometry": {"type": "LineString", "coordinates": [[-74.00518692094833, 40.63286077350461], [-74.00579335643833, 40.63228133310661]]}, "properties": {"street": "10 AVENUE", "from": "60 STREET", "to": "61 STREET", "side": "W", "zone": "MON_THU", "zone_label": "Mon/Thu", "schedules": ["MON 8:30AM-10AM"], "all_days": ["MON"], "color": "#eda100"}}, {"type": "Feature", "geometry": {"type": "LineString", "coordinates": [[-74.0160446231991, 40.62926647784206], [-74.0135475623261, 40.62776071643406]]}, "properties": {"street": "71 STREET", "from": "8 AVENUE", "to": "FT HAMILTON PARKWAY", "side": "N", "zone": "WED_THU", "zone_label": "Wed/Thu", "schedules": ["WED 11:30AM-1PM"], "all_days": ["WED"], "color": "#e34948"}}, {"type": "Feature", "geometry": {"type": "LineString", "coordinates": [[-74.02986730571588, 40.63615608477656], [-74.03030852297488, 40.63507146527156]]}, "properties": {"street": "PERRY TERRACE", "from": "70 STREET", "to": "71 STREET", "side": "W", "zone": "MON_TUE", "zone_label": "Mon/Tue", "schedules": ["MON 9:30AM-11AM"], "all_days": ["MON"], "color": "#2a78d6"}}, {"type": "Feature", "geometry": {"type": "LineString", "coordinates": [[-74.00197686414381, 40.60780109836826], [-74.00173745990581, 40.60765951300927]]}, "properties": {"street": "85 STREET", "from": "NEW UTRECHT AVENUE", "to": "19 AVENUE", "side": "S", "zone": "OTHER", "zone_label": "Other", "schedules": ["TUE 8:30AM-10AM"], "all_days": ["TUE"], "color": "#898781"}}, {"type": "Feature", "geometry": {"type": "LineString", "coordinates": [[-74.00313146652348, 40.598719452260454], [-74.00240683569048, 40.59825929367745]]}, "properties": {"street": "21 DRIVE", "from": "BAY   25 STREET", "to": "20 LANE", "side": "S", "zone": "OTHER", "zone_label": "Other", "schedules": ["WED 9:30AM-11AM"], "all_days": ["WED"], "color": "#898781"}}, {"type": "Feature", "geometry": {"type": "LineString", "coordinates": [[-74.0058500809234, 40.60643601570121], [-74.0063539215944, 40.605946374711216]]}, "properties": {"street": "BAY   16 STREET", "from": "BENSON AVENUE", "to": "RUTHERFORD PLACE", "side": "E", "zone": "MON_TUE", "zone_label": "Mon/Tue", "schedules": ["TUE 11:30AM-1PM"], "all_days": ["TUE"], "color": "#2a78d6"}}, {"type": "Feature", "geometry": {"type": "LineString", "coordinates": [[-74.02211939118722, 40.623611650464], [-74.02133759258477, 40.623142438249936], [-74.02115915789476, 40.623035345371356]]}, "properties": {"street": "81 STREET", "from": "6 AVENUE", "to": "7 AVENUE", "side": "S", "zone": "THU_FRI", "zone_label": "Thu/Fri", "schedules": ["FRI 11:30AM-1PM"], "all_days": ["FRI"], "color": "#4a3aa7"}}, {"type": "Feature", "geometry": {"type": "LineString", "coordinates": [[-74.00200708151712, 40.6151855374999], [-74.00037300270313, 40.6141984933319]]}, "properties": {"street": "77 STREET", "from": "16 AVENUE", "to": "NEW UTRECHT AVENUE", "side": "N", "zone": "OTHER", "zone_label": "Other", "schedules": ["MON 11:30AM-1PM"], "all_days": ["MON"], "color": "#898781"}}, {"type": "Feature", "geometry": {"type": "LineString", "coordinates": [[-74.0034156921762, 40.63452192832571], [-74.0012049391762, 40.63319385928872]]}, "properties": {"street": "57 STREET", "from": "12 AVENUE", "to": "11 AVENUE", "side": "S", "zone": "MON_THU", "zone_label": "Mon/Thu", "schedules": ["THU 8:30AM-10AM"], "all_days": ["THU"], "color": "#eda100"}}, {"type": "Feature", "geometry": {"type": "LineString", "coordinates": [[-74.03403229188135, 40.62340143353594], [-74.03233783269494, 40.6230008039319], [-74.03134886686222, 40.622766960737195]]}, "properties": {"street": "87 STREET", "from": "3 AVENUE", "to": "RIDGE BOULEVARD", "side": "N", "zone": "MON_TUE", "zone_label": "Mon/Tue", "schedules": ["MON 8:30AM-10AM"], "all_days": ["MON"], "color": "#2a78d6"}}, {"type": "Feature", "geometry": {"type": "LineString", "coordinates": [[-74.01338380323469, 40.638718940615625], [-74.0111818620497, 40.63738800137363]]}, "properties": {"street": "59 STREET", "from": "7 AVENUE", "to": "6 AVENUE", "side": "S", "zone": "THU_FRI", "zone_label": "Thu/Fri", "schedules": ["FRI 11:30AM-1PM"], "all_days": ["FRI"], "color": "#4a3aa7"}}, {"type": "Feature", "geometry": {"type": "LineString", "coordinates": [[-74.01579416596411, 40.62256236834102], [-74.0163749874081, 40.622002937909016]]}, "properties": {"street": "10 AVENUE", "from": "79 STREET", "to": "78 STREET", "side": "E", "zone": "WED_FRI", "zone_label": "Wed/Fri", "schedules": ["FRI 11:30AM-1PM"], "all_days": ["FRI"], "color": "#eb6834"}}, {"type": "Feature", "geometry": {"type": "LineString", "coordinates": [[-74.01130561367523, 40.60968976063198], [-74.01056411412924, 40.60924177601898]]}, "properties": {"street": "BENSON AVENUE", "from": "15 AVENUE", "to": "BAY   10 STREET", "side": "S", "zone": "WED_FRI", "zone_label": "Wed/Fri", "schedules": ["FRI 11:30AM-1PM"], "all_days": ["FRI"], "color": "#eb6834"}}, {"type": "Feature", "geometry": {"type": "LineString", "coordinates": [[-74.00432120052686, 40.64053986744049], [-74.00211785510486, 40.63920888077449]]}, "properties": {"street": "51 STREET", "from": "9 AVENUE", "to": "8 AVENUE", "side": "S", "zone": "MON_THU", "zone_label": "Mon/Thu", "schedules": ["THU 8:30AM-10AM"], "all_days": ["THU"], "color": "#eda100"}}, {"type": "Feature", "geometry": {"type": "LineString", "coordinates": [[-74.00413526692392, 40.634091890938784], [-74.00485017028792, 40.633611805138784]]}, "properties": {"street": "FORT HAMILTON PARKWAY", "from": "59 STREET", "to": "58 STREET", "side": "E", "zone": "MON_THU", "zone_label": "Mon/Thu", "schedules": ["THU 8:30AM-10AM"], "all_days": ["THU"], "color": "#eda100"}}, {"type": "Feature", "geometry": {"type": "LineString", "coordinates": [[-74.03431161927361, 40.62272045215369], [-74.03388313659373, 40.622619271144174], [-74.03162807743169, 40.62208673374743]]}, "properties": {"street": "88 STREET", "from": "RIDGE BOULEVARD", "to": "3 AVENUE", "side": "N", "zone": "MON_TUE", "zone_label": "Mon/Tue", "schedules": ["MON 8:30AM-10AM"], "all_days": ["MON"], "color": "#2a78d6"}}, {"type": "Feature", "geometry": {"type": "LineString", "coordinates": [[-74.02147055536653, 40.62511691138941], [-74.02005012226753, 40.624279486432414]]}, "properties": {"street": "79 STREET", "from": "7 AVENUE", "to": "6 AVENUE", "side": "N", "zone": "MON_TUE", "zone_label": "Mon/Tue", "schedules": ["MON 11:30AM-1PM"], "all_days": ["MON"], "color": "#2a78d6"}}, {"type": "Feature", "geometry": {"type": "LineString", "coordinates": [[-74.00728028954708, 40.61006621916559], [-74.00758615138277, 40.60977200211157], [-74.00904716335943, 40.608366566111116]]}, "properties": {"street": "16 AVENUE", "from": "BENSON AVENUE", "to": "86 STREET", "side": "E", "zone": "MON_TUE", "zone_label": "Mon/Tue", "schedules": ["TUE 11:30AM-1PM"], "all_days": ["TUE"], "color": "#2a78d6"}}, {"type": "Feature", "geometry": {"type": "LineString", "coordinates": [[-74.01157720224802, 40.61637271304736], [-74.01216036994502, 40.61581537412837]]}, "properties": {"street": "13 AVENUE", "from": "82 STREET", "to": "83 STREET", "side": "W", "zone": "WED_FRI", "zone_label": "Wed/Fri", "schedules": ["WED 8:30AM-10AM"], "all_days": ["WED"], "color": "#eb6834"}}, {"type": "Feature", "geometry": {"type": "LineString", "coordinates": [[-74.00647251002376, 40.64191712756346], [-74.00558503221646, 40.6413821125045], [-74.00426961952196, 40.64058908278221]]}, "properties": {"street": "51 STREET", "from": "8 AVENUE", "to": "7 AVENUE", "side": "N", "zone": "OTHER", "zone_label": "Other", "schedules": ["WED 11:30AM-1PM"], "all_days": ["WED"], "color": "#898781"}}, {"type": "Feature", "geometry": {"type": "LineString", "coordinates": [[-74.00974854211472, 40.60384951430531], [-74.01071965333172, 40.602904942444304]]}, "properties": {"street": "17 AVENUE", "from": "17 COURT", "to": "CROPSEY AVENUE", "side": "E", "zone": "MON_TUE", "zone_label": "Mon/Tue", "schedules": ["TUE 11:30AM-1PM"], "all_days": ["TUE"], "color": "#2a78d6"}}, {"type": "Feature", "geometry": {"type": "LineString", "coordinates": [[-74.00931533474701, 40.64268404499651], [-74.009897225323, 40.64212456751451]]}, "properties": {"street": "6 AVENUE", "from": "52 STREET", "to": "53 STREET", "side": "W", "zone": "THU_FRI", "zone_label": "Thu/Fri", "schedules": ["THU 11:30AM-1PM"], "all_days": ["THU"], "color": "#4a3aa7"}}, {"type": "Feature", "geometry": {"type": "LineString", "coordinates": [[-74.03434942899251, 40.629825424801915], [-74.03167189212351, 40.62917735090891]]}, "properties": {"street": "79 STREET", "from": "NARROWS AVENUE", "to": "COLONIAL ROAD", "side": "S", "zone": "THU_FRI", "zone_label": "Thu/Fri", "schedules": ["FRI 9:30AM-11AM"], "all_days": ["FRI"], "color": "#4a3aa7"}}, {"type": "Feature", "geometry": {"type": "LineString", "coordinates": [[-74.02367211961452, 40.62098193298112], [-74.02311652483651, 40.620643441447115]]}, "properties": {"street": "85 STREET", "from": "DEAD END", "to": "FT HAMILTON PARKWAY", "side": "N", "zone": "THU_FRI", "zone_label": "Thu/Fri", "schedules": ["THU 11:30AM-1PM"], "all_days": ["THU"], "color": "#4a3aa7"}}, {"type": "Feature", "geometry": {"type": "LineString", "coordinates": [[-74.01378940869657, 40.641778079931626], [-74.01158661424657, 40.640448761582626]]}, "properties": {"street": "56 STREET", "from": "5 AVENUE", "to": "6 AVENUE", "side": "N", "zone": "WED_THU", "zone_label": "Wed/Thu", "schedules": ["THU 8:30AM-10AM"], "all_days": ["THU"], "color": "#e34948"}}, {"type": "Feature", "geometry": {"type": "LineString", "coordinates": [[-74.03162802741353, 40.62208672186946], [-74.03114050095333, 40.621971074541406], [-74.03005622990298, 40.62171385061873], [-74.02891206695773, 40.621442412109545]]}, "properties": {"street": "88 STREET", "from": "3 AVENUE", "to": "4 AVENUE", "side": "N", "zone": "MON_TUE", "zone_label": "Mon/Tue", "schedules": ["MON 8:30AM-10AM"], "all_days": ["MON"], "color": "#2a78d6"}}, {"type": "Feature", "geometry": {"type": "LineString", "coordinates": [[-74.00213992100346, 40.599745475118645], [-74.00313769580147, 40.59876276649265]]}, "properties": {"street": "BAY   25 STREET", "from": "CROPSEY AVENUE", "to": "21 DRIVE", "side": "W", "zone": "WED_FRI", "zone_label": "Wed/Fri", "schedules": ["WED 9:30AM-11AM"], "all_days": ["WED"], "color": "#eb6834"}}, {"type": "Feature", "geometry": {"type": "LineString", "coordinates": [[-74.01216872610502, 40.62866795811812], [-74.01180654730618, 40.62844916914658], [-74.01090571446109, 40.62790497277278], [-74.01052739431333, 40.627676422590845]]}, "properties": {"street": "BAY RIDGE AVENUE", "from": "FT HAMILTON PARKWAY", "to": "10 AVENUE", "side": "S", "zone": "WED_THU", "zone_label": "Wed/Thu", "schedules": ["THU 9:30AM-11AM"], "all_days": ["THU"], "color": "#e34948"}}, {"type": "Feature", "geometry": {"type": "LineString", "coordinates": [[-74.02640213247338, 40.634847084518846], [-74.02541051921179, 40.63439407691522], [-74.02390603587611, 40.633705684902324]]}, "properties": {"street": "OVINGTON AVENUE", "from": "3 AVENUE", "to": "4 AVENUE", "side": "S", "zone": "MON_TUE", "zone_label": "Mon/Tue", "schedules": ["TUE 8:30AM-10AM"], "all_days": ["TUE"], "color": "#2a78d6"}}, {"type": "Feature", "geometry": {"type": "LineString", "coordinates": [[-74.01981710929822, 40.6176767734802], [-74.01830125880122, 40.6167588501272]]}, "properties": {"street": "86 STREET", "from": "11 AVENUE", "to": "10 AVENUE", "side": "N", "zone": "OTHER", "zone_label": "Other", "schedules": ["WED 9:30AM-11AM"], "all_days": ["WED"], "color": "#898781"}}, {"type": "Feature", "geometry": {"type": "LineString", "coordinates": [[-74.03492505419734, 40.61432305452134], [-74.03314140745135, 40.61343659662435]]}, "properties": {"street": "99 STREET", "from": "HARBOR COURT", "to": "3 AVENUE", "side": "N", "zone": "OTHER", "zone_label": "Other", "schedules": ["FRI 9:30AM-11AM"], "all_days": ["FRI"], "color": "#898781"}}, {"type": "Feature", "geometry": {"type": "LineString", "coordinates": [[-74.01215489473442, 40.62961043114279], [-74.01273651788543, 40.62905146053079]]}, "properties": {"street": "9 AVENUE", "from": "68 STREET", "to": "BAY RIDGE AVENUE", "side": "W", "zone": "WED_THU", "zone_label": "Wed/Thu", "schedules": ["WED 11:30AM-1PM"], "all_days": ["WED"], "color": "#e34948"}}, {"type": "Feature", "geometry": {"type": "LineString", "coordinates": [[-74.00995079185113, 40.614440252298174], [-74.00964094585865, 40.61425324939199], [-74.00894965617485, 40.613836039416434], [-74.00812760081102, 40.613339895513185], [-74.00774969674828, 40.61311181056169]]}, "properties": {"street": "83 STREET", "from": "14 AVENUE", "to": "15 AVENUE", "side": "S", "zone": "MON_TUE", "zone_label": "Mon/Tue", "schedules": ["TUE 11:30AM-1PM"], "all_days": ["TUE"], "color": "#2a78d6"}}, {"type": "Feature", "geometry": {"type": "LineString", "coordinates": [[-74.00243259584238, 40.61827482104092], [-74.00305898795338, 40.61767233943292]]}, "properties": {"street": "15 AVENUE", "from": "74 STREET", "to": "BAY RIDGE PARKWAY", "side": "W", "zone": "WED_THU", "zone_label": "Wed/Thu", "schedules": ["THU 11:30AM-1PM"], "all_days": ["THU"], "color": "#e34948"}}, {"type": "Feature", "geometry": {"type": "LineString", "coordinates": [[-74.01208987068757, 40.629571459989215], [-74.01267149383858, 40.62901248937722]]}, "properties": {"street": "9 AVENUE", "from": "BAY RIDGE AVENUE", "to": "68 STREET", "side": "E", "zone": "WED_THU", "zone_label": "Wed/Thu", "schedules": ["THU 11:30AM-1PM"], "all_days": ["THU"], "color": "#e34948"}}, {"type": "Feature", "geometry": {"type": "LineString", "coordinates": [[-74.00672001762024, 40.63473351767099], [-74.00732515657123, 40.63415235774299]]}, "properties": {"street": "9 AVENUE", "from": "60 STREET", "to": "59 STREET", "side": "E", "zone": "MON_THU", "zone_label": "Mon/Thu", "schedules": ["THU 9:30AM-11AM"], "all_days": ["THU"], "color": "#eda100"}}, {"type": "Feature", "geometry": {"type": "LineString", "coordinates": [[-74.01655687081178, 40.61843065036301], [-74.01435469649378, 40.61710095824101]]}, "properties": {"street": "83 STREET", "from": "11 AVENUE", "to": "12 AVENUE", "side": "S", "zone": "WED_FRI", "zone_label": "Wed/Fri", "schedules": ["FRI 9:30AM-11AM"], "all_days": ["FRI"], "color": "#eb6834"}}, {"type": "Feature", "geometry": {"type": "LineString", "coordinates": [[-74.01502781917881, 40.626752531151915], [-74.0128544075758, 40.62543935882692]]}, "properties": {"street": "73 STREET", "from": "7 AVENUE", "to": "FT HAMILTON PARKWAY", "side": "S", "zone": "WED_THU", "zone_label": "Wed/Thu", "schedules": ["THU 11:30AM-1PM"], "all_days": ["THU"], "color": "#e34948"}}, {"type": "Feature", "geometry": {"type": "LineString", "coordinates": [[-74.01399470266992, 40.63818097634741], [-74.01460067198991, 40.637598616606404]]}, "properties": {"street": "6 AVENUE", "from": "60 STREET", "to": "61 STREET", "side": "W", "zone": "THU_FRI", "zone_label": "Thu/Fri", "schedules": ["THU 11:30AM-1PM"], "all_days": ["THU"], "color": "#4a3aa7"}}, {"type": "Feature", "geometry": {"type": "LineString", "coordinates": [[-74.00593945814065, 40.64242859874525], [-74.00505507589274, 40.641894291215124], [-74.00373956513299, 40.64109948092435]]}, "properties": {"street": "50 STREET", "from": "6 AVENUE", "to": "7 AVENUE", "side": "S", "zone": "OTHER", "zone_label": "Other", "schedules": ["TUE 11:30AM-1PM"], "all_days": ["TUE"], "color": "#898781"}}, {"type": "Feature", "geometry": {"type": "LineString", "coordinates": [[-74.00619633334664, 40.635287106225356], [-74.00413357984664, 40.63404372552536]]}, "properties": {"street": "58 STREET", "from": "9 AVENUE", "to": "FORT HAMILTON PARKWAY", "side": "S", "zone": "MON_THU", "zone_label": "Mon/Thu", "schedules": ["THU 9:30AM-11AM"], "all_days": ["THU"], "color": "#eda100"}}, {"type": "Feature", "geometry": {"type": "LineString", "coordinates": [[-74.0073318867622, 40.63419646533246], [-74.0055404234162, 40.633116014856455]]}, "properties": {"street": "60 STREET", "from": "FT HAMILTON PARKWAY", "to": "9 AVENUE", "side": "N", "zone": "MON_THU", "zone_label": "Mon/Thu", "schedules": ["MON 9:30AM-11AM"], "all_days": ["MON"], "color": "#eda100"}}, {"type": "Feature", "geometry": {"type": "LineString", "coordinates": [[-74.00915310658242, 40.63249168711776], [-74.00973792382042, 40.631932623373764]]}, "properties": {"street": "9 AVENUE", "from": "63 STREET", "to": "64 STREET", "side": "W", "zone": "WED_THU", "zone_label": "Wed/Thu", "schedules": ["WED 11:30AM-1PM"], "all_days": ["WED"], "color": "#e34948"}}, {"type": "Feature", "geometry": {"type": "LineString", "coordinates": [[-74.00607110555381, 40.62506573047446], [-74.00590453178259, 40.62496508959902], [-74.00386766899959, 40.62373440736984]]}, "properties": {"street": "BAY RIDGE AVENUE", "from": "13 AVENUE", "to": "12 AVENUE", "side": "N", "zone": "WED_THU", "zone_label": "Wed/Thu", "schedules": ["WED 8:30AM-10AM"], "all_days": ["WED"], "color": "#e34948"}}, {"type": "Feature", "geometry": {"type": "LineString", "coordinates": [[-74.00187974865091, 40.611464750407414], [-74.0012778810839, 40.61110162350441]]}, "properties": {"street": "81 STREET", "from": "17 AVENUE", "to": "NEW UTRECHT AVENUE", "side": "N", "zone": "THU_FRI", "zone_label": "Thu/Fri", "schedules": ["THU 11:30AM-1PM"], "all_days": ["THU"], "color": "#4a3aa7"}}, {"type": "Feature", "geometry": {"type": "LineString", "coordinates": [[-74.00062602668616, 40.608846414905855], [-74.00091605901716, 40.60862572203886]]}, "properties": {"street": "18 AVENUE", "from": "84 STREET", "to": "83 STREET", "side": "E", "zone": "MON_TUE", "zone_label": "Mon/Tue", "schedules": ["TUE 7:30AM-8AM"], "all_days": ["TUE"], "color": "#2a78d6"}}, {"type": "Feature", "geometry": {"type": "LineString", "coordinates": [[-74.03343628854543, 40.6320666741796], [-74.03298316998942, 40.6319592560876]]}, "properties": {"street": "76 STREET", "from": "DEAD END", "to": "COLONIAL ROAD", "side": "N", "zone": "OTHER", "zone_label": "Other", "schedules": ["THU 9:30AM-11AM"], "all_days": ["THU"], "color": "#898781"}}, {"type": "Feature", "geometry": {"type": "LineString", "coordinates": [[-74.00232276457241, 40.63211735128614], [-74.00011842558541, 40.63078922618314]]}, "properties": {"street": "59 STREET", "from": "12 AVENUE", "to": "11 AVENUE", "side": "N", "zone": "MON_THU", "zone_label": "Mon/Thu", "schedules": ["MON 8:30AM-10AM"], "all_days": ["MON"], "color": "#eda100"}}, {"type": "Feature", "geometry": {"type": "LineString", "coordinates": [[-74.00519340590034, 40.60599936357749], [-74.00445182267734, 40.60555219528149]]}, "properties": {"street": "BENSON AVENUE", "from": "BAY   17 STREET", "to": "18 AVENUE", "side": "S", "zone": "MON_TUE", "zone_label": "Mon/Tue", "schedules": ["TUE 11:30AM-1PM"], "all_days": ["TUE"], "color": "#2a78d6"}}, {"type": "Feature", "geometry": {"type": "LineString", "coordinates": [[-74.02563708978424, 40.622173440020696], [-74.02367219383524, 40.6209819781727]]}, "properties": {"street": "85 STREET", "from": "5 AVENUE", "to": "FT HAMILTON PARKWAY", "side": "N", "zone": "THU_FRI", "zone_label": "Thu/Fri", "schedules": ["THU 11:30AM-1PM"], "all_days": ["THU"], "color": "#4a3aa7"}}, {"type": "Feature", "geometry": {"type": "LineString", "coordinates": [[-74.02153550974035, 40.62510144870357], [-74.02183523547035, 40.62437258321557]]}, "properties": {"street": "6 AVENUE", "from": "79 STREET", "to": "80 STREET", "side": "W", "zone": "MON_TUE", "zone_label": "Mon/Tue", "schedules": ["MON 11:30AM-1PM"], "all_days": ["MON"], "color": "#2a78d6"}}, {"type": "Feature", "geometry": {"type": "LineString", "coordinates": [[-74.00126913422213, 40.63600945228172], [-74.00198877778813, 40.63553129464872]]}, "properties": {"street": "FORT HAMILTON PARKWAY", "from": "55 STREET", "to": "54 STREET", "side": "E", "zone": "MON_THU", "zone_label": "Mon/Thu", "schedules": ["THU 8:30AM-10AM"], "all_days": ["THU"], "color": "#eda100"}}, {"type": "Feature", "geometry": {"type": "LineString", "coordinates": [[-74.00187979178192, 40.603459165487095], [-74.00310104909492, 40.6022879290031]]}, "properties": {"street": "BAY   22 STREET", "from": "BATH AVENUE", "to": "BENSON AVENUE", "side": "W", "zone": "MON_TUE", "zone_label": "Mon/Tue", "schedules": ["MON 11:30AM-1PM"], "all_days": ["MON"], "color": "#2a78d6"}}, {"type": "Feature", "geometry": {"type": "LineString", "coordinates": [[-74.00989924061689, 40.61448947329783], [-74.00958939501936, 40.61430247063001], [-74.00889810503915, 40.61388526047556], [-74.00807604908299, 40.61338911621481], [-74.00769814459773, 40.6131610310083]]}, "properties": {"street": "83 STREET", "from": "14 AVENUE", "to": "15 AVENUE", "side": "N", "zone": "MON_TUE", "zone_label": "Mon/Tue", "schedules": ["MON 11:30AM-1PM"], "all_days": ["MON"], "color": "#2a78d6"}}, {"type": "Feature", "geometry": {"type": "LineString", "coordinates": [[-74.0032295283275, 40.61406295793126], [-74.0038119293515, 40.61350281611526]]}, "properties": {"street": "16 AVENUE", "from": "79 STREET", "to": "80 STREET", "side": "W", "zone": "THU_FRI", "zone_label": "Thu/Fri", "schedules": ["FRI 11:30AM-1PM"], "all_days": ["FRI"], "color": "#4a3aa7"}}, {"type": "Feature", "geometry": {"type": "LineString", "coordinates": [[-74.00086878758434, 40.612599737611674], [-74.00076496538433, 40.612538169760676]]}, "properties": {"street": "79 STREET", "from": "17 AVENUE", "to": "18 AVENUE", "side": "S", "zone": "THU_FRI", "zone_label": "Thu/Fri", "schedules": ["FRI 11:30AM-1PM"], "all_days": ["FRI"], "color": "#4a3aa7"}}, {"type": "Feature", "geometry": {"type": "LineString", "coordinates": [[-74.00345022996298, 40.609951447684935], [-74.00268952155999, 40.60955232028693]]}, "properties": {"street": "84 STREET", "from": "17 AVENUE", "to": "BAY   16 STREET", "side": "S", "zone": "MON_TUE", "zone_label": "Mon/Tue", "schedules": ["TUE 11:30AM-1PM"], "all_days": ["TUE"], "color": "#2a78d6"}}, {"type": "Feature", "geometry": {"type": "LineString", "coordinates": [[-74.00148285537195, 40.61573846911278], [-74.00206533322094, 40.61518046134478]]}, "properties": {"street": "16 AVENUE", "from": "76 STREET", "to": "77 STREET", "side": "W", "zone": "OTHER", "zone_label": "Other", "schedules": ["WED 11:30AM-1PM"], "all_days": ["WED"], "color": "#898781"}}, {"type": "Feature", "geometry": {"type": "LineString", "coordinates": [[-74.0149762187892, 40.62680172787808], [-74.01280280718619, 40.62548855555308]]}, "properties": {"street": "73 STREET", "from": "FT HAMILTON PARKWAY", "to": "10 AVENUE", "side": "N", "zone": "WED_THU", "zone_label": "Wed/Thu", "schedules": ["WED 9:30AM-11AM"], "all_days": ["WED"], "color": "#e34948"}}, {"type": "Feature", "geometry": {"type": "LineString", "coordinates": [[-74.03375613588436, 40.63127481245495], [-74.03107435690737, 40.63063922512795]]}, "properties": {"street": "77 STREET", "from": "COLONIAL ROAD", "to": "RIDGE BOULEVARD", "side": "S", "zone": "THU_FRI", "zone_label": "Thu/Fri", "schedules": ["FRI 9:30AM-11AM"], "all_days": ["FRI"], "color": "#4a3aa7"}}, {"type": "Feature", "geometry": {"type": "LineString", "coordinates": [[-74.01975322164631, 40.64257723423658], [-74.01997198573055, 40.64235906393235], [-74.01997707718765, 40.64235398621639], [-74.02033098306076, 40.64200103937128]]}, "properties": {"street": "3 AVENUE", "from": "59 STREET", "to": "60 STREET", "side": "W", "zone": "MON_THU", "zone_label": "Mon/Thu", "schedules": ["MON/THU 12AM-3AM"], "all_days": ["MON", "THU"], "color": "#eda100"}}, {"type": "Feature", "geometry": {"type": "LineString", "coordinates": [[-74.0001314483872, 40.60048089153483], [-74.00140167296719, 40.59923753141783]]}, "properties": {"street": "BAY   26 STREET", "from": "CROPSEY AVENUE", "to": "BATH AVENUE", "side": "E", "zone": "WED_FRI", "zone_label": "Wed/Fri", "schedules": ["FRI 9:30AM-11AM"], "all_days": ["FRI"], "color": "#eb6834"}}, {"type": "Feature", "geometry": {"type": "LineString", "coordinates": [[-74.00023134737562, 40.61694391221696], [-74.00085782952561, 40.61634133446396]]}, "properties": {"street": "16 AVENUE", "from": "74 STREET", "to": "BAY RIDGE PARKWAY", "side": "W", "zone": "OTHER", "zone_label": "Other", "schedules": ["WED 11:30AM-1PM"], "all_days": ["WED"], "color": "#898781"}}, {"type": "Feature", "geometry": {"type": "LineString", "coordinates": [[-74.02224910186536, 40.62014176427665], [-74.02175215330536, 40.61983790396707], [-74.02122933983816, 40.61951464446047], [-74.02087452138456, 40.619295252296695]]}, "properties": {"street": "85 STREET", "from": "DYKER PLACE", "to": "7 AVENUE", "side": "N", "zone": "WED_FRI", "zone_label": "Wed/Fri", "schedules": ["WED 11:30AM-1PM"], "all_days": ["WED"], "color": "#eb6834"}}, {"type": "Feature", "geometry": {"type": "LineString", "coordinates": [[-74.01239565536878, 40.60519678696627], [-74.0119035113533, 40.60494000992636], [-74.01152470130667, 40.60474236596169]]}, "properties": {"street": "CROPSEY AVENUE", "from": "16 AVENUE", "to": "BAY   13 STREET", "side": "S", "zone": "MON_TUE", "zone_label": "Mon/Tue", "schedules": ["TUE 11:30AM-1PM"], "all_days": ["TUE"], "color": "#2a78d6"}}, {"type": "Feature", "geometry": {"type": "LineString", "coordinates": [[-74.00401669954019, 40.63397319102981], [-74.0017903615362, 40.63262872645981]]}, "properties": {"street": "58 STREET", "from": "FORT HAMILTON PARKWAY", "to": "11 AVENUE", "side": "S", "zone": "MON_THU", "zone_label": "Mon/Thu", "schedules": ["THU 8:30AM-10AM"], "all_days": ["THU"], "color": "#eda100"}}, {"type": "Feature", "geometry": {"type": "LineString", "coordinates": [[-74.02660151498868, 40.62720467349099], [-74.02689808840069, 40.62647523915499]]}, "properties": {"street": "4 AVENUE", "from": "80 STREET", "to": "81 STREET", "side": "W", "zone": "MON_TUE", "zone_label": "Mon/Tue", "schedules": ["MON 8:30AM-10AM"], "all_days": ["MON"], "color": "#2a78d6"}}, {"type": "Feature", "geometry": {"type": "LineString", "coordinates": [[-74.00352053940792, 40.608775078571405], [-74.00414706954791, 40.60817287926341]]}, "properties": {"street": "BAY   16 STREET", "from": "85 STREET", "to": "86 STREET", "side": "W", "zone": "MON_TUE", "zone_label": "Mon/Tue", "schedules": ["MON 11:30AM-1PM"], "all_days": ["MON"], "color": "#2a78d6"}}, {"type": "Feature", "geometry": {"type": "LineString", "coordinates": [[-74.02015362493563, 40.63911536954293], [-74.02074808452963, 40.63857714082093]]}, "properties": {"street": "4 AVENUE", "from": "63 STREET", "to": "64 STREET", "side": "W", "zone": "DAILY", "zone_label": "Daily (except Sun)", "schedules": ["MON 9:30AM-11AM"], "all_days": ["MON"], "color": "#e87ba4"}}, {"type": "Feature", "geometry": {"type": "LineString", "coordinates": [[-74.00753600667085, 40.63060423680324], [-74.00816240991284, 40.63000150385324]]}, "properties": {"street": "10 AVENUE", "from": "64 STREET", "to": "65 STREET", "side": "W", "zone": "WED_THU", "zone_label": "Wed/Thu", "schedules": ["WED 9:30AM-11AM"], "all_days": ["WED"], "color": "#e34948"}}, {"type": "Feature", "geometry": {"type": "LineString", "coordinates": [[-74.00463288134429, 40.61960455122912], [-74.00526047165428, 40.61900085111712]]}, "properties": {"street": "14 AVENUE", "from": "74 STREET", "to": "BAY RIDGE PARKWAY", "side": "W", "zone": "WED_FRI", "zone_label": "Wed/Fri", "schedules": ["WED 8:30AM-10AM"], "all_days": ["WED"], "color": "#eb6834"}}, {"type": "Feature", "geometry": {"type": "LineString", "coordinates": [[-74.00748144053821, 40.60742071921293], [-74.00922603054822, 40.60574220932793]]}, "properties": {"street": "BAY   14 STREET", "from": "BATH AVENUE", "to": "BENSON AVENUE", "side": "W", "zone": "MON_TUE", "zone_label": "Mon/Tue", "schedules": ["MON 11:30AM-1PM"], "all_days": ["MON"], "color": "#2a78d6"}}, {"type": "Feature", "geometry": {"type": "LineString", "coordinates": [[-74.00438607036173, 40.612900258607155], [-74.00193132531574, 40.611415545990155]]}, "properties": {"street": "81 STREET", "from": "16 AVENUE", "to": "17 AVENUE", "side": "S", "zone": "THU_FRI", "zone_label": "Thu/Fri", "schedules": ["FRI 11:30AM-1PM"], "all_days": ["FRI"], "color": "#4a3aa7"}}, {"type": "Feature", "geometry": {"type": "LineString", "coordinates": [[-74.03403229188135, 40.62340143353594], [-74.03233783269494, 40.6230008039319], [-74.03134886686222, 40.622766960737195]]}, "properties": {"street": "87 STREET", "from": "RIDGE BOULEVARD", "to": "COLONIAL ROAD", "side": "N", "zone": "THU_FRI", "zone_label": "Thu/Fri", "schedules": ["FRI 8:30AM-10AM"], "all_days": ["FRI"], "color": "#4a3aa7"}}, {"type": "Feature", "geometry": {"type": "LineString", "coordinates": [[-74.01375331075045, 40.63146972422783], [-74.01154839795144, 40.63013969163783]]}, "properties": {"street": "67 STREET", "from": "7 AVENUE", "to": "8 AVENUE", "side": "S", "zone": "WED_THU", "zone_label": "Wed/Thu", "schedules": ["THU 11:30AM-1PM"], "all_days": ["THU"], "color": "#e34948"}}, {"type": "Feature", "geometry": {"type": "LineString", "coordinates": [[-74.0256743681673, 40.629356068803716], [-74.02555785928368, 40.629328841722995], [-74.02328507331154, 40.62795503997673]]}, "properties": {"street": "77 STREET", "from": "4 AVENUE", "to": "5 AVENUE", "side": "S", "zone": "THU_FRI", "zone_label": "Thu/Fri", "schedules": ["FRI 8:30AM-10AM"], "all_days": ["FRI"], "color": "#4a3aa7"}}, {"type": "Feature", "geometry": {"type": "LineString", "coordinates": [[-74.02057501524779, 40.62730951969171], [-74.01893592252479, 40.62632855070171]]}, "properties": {"street": "76 STREET", "from": "7 AVENUE", "to": "6 AVENUE", "side": "N", "zone": "MON_TUE", "zone_label": "Mon/Tue", "schedules": ["MON 11:30AM-1PM"], "all_days": ["MON"], "color": "#2a78d6"}}, {"type": "Feature", "geometry": {"type": "LineString", "coordinates": [[-74.03392104425707, 40.638184737973184], [-74.03409537686488, 40.63775471603182], [-74.03419832739294, 40.63750077533481]]}, "properties": {"street": "NARROWS AVENUE", "from": "BAY RIDGE AVENUE", "to": "70 STREET", "side": "W", "zone": "MON_TUE", "zone_label": "Mon/Tue", "schedules": ["MON 9:30AM-11AM"], "all_days": ["MON"], "color": "#2a78d6"}}, {"type": "Feature", "geometry": {"type": "LineString", "coordinates": [[-74.03498780857461, 40.635464478521996], [-74.03455821441833, 40.63536276876922], [-74.03452219198661, 40.63535424254834], [-74.03274013190381, 40.63493231251353], [-74.03230548417643, 40.634829397785]]}, "properties": {"street": "72 STREET", "from": "NARROWS AVENUE", "to": "COLONIAL ROAD", "side": "N", "zone": "MON_TUE", "zone_label": "Mon/Tue", "schedules": ["MON 9:30AM-11AM"], "all_days": ["MON"], "color": "#2a78d6"}}, {"type": "Feature", "geometry": {"type": "LineString", "coordinates": [[-74.00004109166197, 40.62047184101177], [-74.00062356351897, 40.61991315597377]]}, "properties": {"street": "15 AVENUE", "from": "70 STREET", "to": "BAY RIDGE AVENUE", "side": "E", "zone": "OTHER", "zone_label": "Other", "schedules": ["FRI 11:30AM-1PM"], "all_days": ["FRI"], "color": "#898781"}}, {"type": "Feature", "geometry": {"type": "LineString", "coordinates": [[-74.01227241530744, 40.62599921677446], [-74.01006896633044, 40.62466981245346]]}, "properties": {"street": "72 STREET", "from": "11 AVENUE", "to": "10 AVENUE", "side": "S", "zone": "WED_THU", "zone_label": "Wed/Thu", "schedules": ["THU 9:30AM-11AM"], "all_days": ["THU"], "color": "#e34948"}}, {"type": "Feature", "geometry": {"type": "LineString", "coordinates": [[-74.0026645201237, 40.60387412298519], [-74.0038872826237, 40.602695593324185]]}, "properties": {"street": "19 AVENUE", "from": "BENSON AVENUE", "to": "BATH AVENUE", "side": "W", "zone": "MON_TUE", "zone_label": "Mon/Tue", "schedules": ["MON 11:30AM-1PM"], "all_days": ["MON"], "color": "#2a78d6"}}, {"type": "Feature", "geometry": {"type": "LineString", "coordinates": [[-74.00346933686187, 40.62072314549682], [-74.00405283506487, 40.620163930588824]]}, "properties": {"street": "14 AVENUE", "from": "72 STREET", "to": "73 STREET", "side": "W", "zone": "WED_THU", "zone_label": "Wed/Thu", "schedules": ["WED 8:30AM-10AM"], "all_days": ["WED"], "color": "#e34948"}}, {"type": "Feature", "geometry": {"type": "LineString", "coordinates": [[-74.0113888222405, 40.61990221144913], [-74.01197122108951, 40.61934172691813]]}, "properties": {"street": "12 AVENUE", "from": "79 STREET", "to": "78 STREET", "side": "E", "zone": "WED_FRI", "zone_label": "Wed/Fri", "schedules": ["FRI 8:30AM-10AM"], "all_days": ["FRI"], "color": "#eb6834"}}, {"type": "Feature", "geometry": {"type": "LineString", "coordinates": [[-74.01243387085603, 40.62239485975624], [-74.01175140352436, 40.62198252951771], [-74.01155134462321, 40.621861654496094], [-74.01135133469414, 40.621740806414934], [-74.01115196300283, 40.62162034549141], [-74.01023293641741, 40.62106505321386]]}, "properties": {"street": "76 STREET", "from": "12 AVENUE", "to": "11 AVENUE", "side": "N", "zone": "WED_FRI", "zone_label": "Wed/Fri", "schedules": ["WED 9:30AM-11AM"], "all_days": ["WED"], "color": "#eb6834"}}, {"type": "Feature", "geometry": {"type": "LineString", "coordinates": [[-74.00305228071272, 40.61762826948589], [-74.00085112298372, 40.61629726446789]]}, "properties": {"street": "BAY RIDGE PARKWAY", "from": "16 AVENUE", "to": "NEW UTRECHT AVENUE", "side": "S", "zone": "OTHER", "zone_label": "Other", "schedules": ["WED 11:30AM-1PM"], "all_days": ["WED"], "color": "#898781"}}, {"type": "Feature", "geometry": {"type": "LineString", "coordinates": [[-74.00671090336192, 40.610664510546194], [-74.00425442844093, 40.60917901887719]]}, "properties": {"street": "85 STREET", "from": "16 AVENUE", "to": "17 AVENUE", "side": "S", "zone": "OTHER", "zone_label": "Other", "schedules": ["TUE 8:30AM-10AM"], "all_days": ["TUE"], "color": "#898781"}}, {"type": "Feature", "geometry": {"type": "LineString", "coordinates": [[-74.0195023091793, 40.63969777631008], [-74.0173264827293, 40.638373903496074]]}, "properties": {"street": "62 STREET", "from": "4 AVENUE", "to": "5 AVENUE", "side": "N", "zone": "WED_THU", "zone_label": "Wed/Thu", "schedules": ["THU 9:30AM-11AM"], "all_days": ["THU"], "color": "#e34948"}}, {"type": "Feature", "geometry": {"type": "LineString", "coordinates": [[-74.0081457454323, 40.61612183943651], [-74.0087292700263, 40.61556448204351]]}, "properties": {"street": "14 AVENUE", "from": "81 STREET", "to": "80 STREET", "side": "E", "zone": "WED_FRI", "zone_label": "Wed/Fri", "schedules": ["FRI 8:30AM-10AM"], "all_days": ["FRI"], "color": "#eb6834"}}, {"type": "Feature", "geometry": {"type": "LineString", "coordinates": [[-74.0173266646179, 40.63837401322273], [-74.0151213126619, 40.637047473256736]]}, "properties": {"street": "62 STREET", "from": "5 AVENUE", "to": "6 AVENUE", "side": "N", "zone": "WED_THU", "zone_label": "Wed/Thu", "schedules": ["THU 9:30AM-11AM"], "all_days": ["THU"], "color": "#e34948"}}, {"type": "Feature", "geometry": {"type": "LineString", "coordinates": [[-74.01047577379256, 40.62772560793288], [-74.00827516391956, 40.626394306607885]]}, "properties": {"street": "BAY RIDGE AVENUE", "from": "11 AVENUE", "to": "10 AVENUE", "side": "N", "zone": "WED_THU", "zone_label": "Wed/Thu", "schedules": ["WED 9:30AM-11AM"], "all_days": ["WED"], "color": "#e34948"}}, {"type": "Feature", "geometry": {"type": "LineString", "coordinates": [[-74.00179706533771, 40.63267282681461], [-74.0023810241437, 40.632112225078615]]}, "properties": {"street": "11 AVENUE", "from": "58 STREET", "to": "59 STREET", "side": "W", "zone": "MON_THU", "zone_label": "Mon/Thu", "schedules": ["THU 8:30AM-10AM"], "all_days": ["THU"], "color": "#eda100"}}, {"type": "Feature", "geometry": {"type": "LineString", "coordinates": [[-74.01135355604846, 40.6337781018313], [-74.00914642851846, 40.6324475198003]]}, "properties": {"street": "63 STREET", "from": "9 AVENUE", "to": "8 AVENUE", "side": "S", "zone": "WED_THU", "zone_label": "Wed/Thu", "schedules": ["THU 11:30AM-1PM"], "all_days": ["THU"], "color": "#e34948"}}, {"type": "Feature", "geometry": {"type": "LineString", "coordinates": [[-74.00998910710719, 40.628193934710936], [-74.00780949201219, 40.626840964602934]]}, "properties": {"street": "OVINGTON AVENUE", "from": "11 AVENUE", "to": "10 AVENUE", "side": "N", "zone": "WED_THU", "zone_label": "Wed/Thu", "schedules": ["WED 9:30AM-11AM"], "all_days": ["WED"], "color": "#e34948"}}, {"type": "Feature", "geometry": {"type": "LineString", "coordinates": [[-74.00678503094977, 40.63477250392901], [-74.00739016990076, 40.63419134400101]]}, "properties": {"street": "9 AVENUE", "from": "59 STREET", "to": "60 STREET", "side": "W", "zone": "MON_THU", "zone_label": "Mon/Thu", "schedules": ["MON 9:30AM-11AM"], "all_days": ["MON"], "color": "#eda100"}}, {"type": "Feature", "geometry": {"type": "LineString", "coordinates": [[-74.00346222932926, 40.60878017857523], [-74.00192560277526, 40.60785048948623]]}, "properties": {"street": "85 STREET", "from": "BAY   16 STREET", "to": "18 AVENUE", "side": "N", "zone": "OTHER", "zone_label": "Other", "schedules": ["WED 8:30AM-10AM"], "all_days": ["WED"], "color": "#898781"}}, {"type": "Feature", "geometry": {"type": "LineString", "coordinates": [[-74.00278180255202, 40.600191781079815], [-74.00384927589802, 40.59916852263481]]}, "properties": {"street": "20 AVENUE", "from": "20 LANE", "to": "CROPSEY AVENUE", "side": "E", "zone": "MON_TUE", "zone_label": "Mon/Tue", "schedules": ["TUE 11:30AM-1PM"], "all_days": ["TUE"], "color": "#2a78d6"}}, {"type": "Feature", "geometry": {"type": "LineString", "coordinates": [[-74.01597641331347, 40.6189884819766], [-74.01377516109147, 40.6176602036996]]}, "properties": {"street": "82 STREET", "from": "12 AVENUE", "to": "11 AVENUE", "side": "S", "zone": "WED_FRI", "zone_label": "Wed/Fri", "schedules": ["FRI 9:30AM-11AM"], "all_days": ["FRI"], "color": "#eb6834"}}, {"type": "Feature", "geometry": {"type": "LineString", "coordinates": [[-74.00019688701282, 40.60051943239317], [-74.00146711159282, 40.59927607227617]]}, "properties": {"street": "BAY   26 STREET", "from": "CROPSEY AVENUE", "to": "BATH AVENUE", "side": "W", "zone": "WED_FRI", "zone_label": "Wed/Fri", "schedules": ["WED 9:30AM-11AM"], "all_days": ["WED"], "color": "#eb6834"}}, {"type": "Feature", "geometry": {"type": "LineString", "coordinates": [[-74.00270127660723, 40.6350505555575], [-74.00341741815122, 40.634570136761496]]}, "properties": {"street": "FORT HAMILTON PARKWAY", "from": "56 STREET", "to": "57 STREET", "side": "W", "zone": "MON_THU", "zone_label": "Mon/Thu", "schedules": ["MON 8:30AM-10AM"], "all_days": ["MON"], "color": "#eda100"}}, {"type": "Feature", "geometry": {"type": "LineString", "coordinates": [[-74.023285072321, 40.62795504003267], [-74.02092203299499, 40.62652662072467]]}, "properties": {"street": "77 STREET", "from": "5 AVENUE", "to": "6 AVENUE", "side": "S", "zone": "MON_TUE", "zone_label": "Mon/Tue", "schedules": ["TUE 11:30AM-1PM"], "all_days": ["TUE"], "color": "#2a78d6"}}, {"type": "Feature", "geometry": {"type": "LineString", "coordinates": [[-74.00011167430513, 40.630745114177145], [-74.00071663365513, 40.63016382644514]]}, "properties": {"street": "12 AVENUE", "from": "59 STREET", "to": "58 STREET", "side": "E", "zone": "MON_THU", "zone_label": "Mon/Thu", "schedules": ["THU 8:30AM-10AM"], "all_days": ["THU"], "color": "#eda100"}}, {"type": "Feature", "geometry": {"type": "LineString", "coordinates": [[-74.00382226252702, 40.602656643647435], [-74.00510916696403, 40.601420211974435]]}, "properties": {"street": "19 AVENUE", "from": "CROPSEY AVENUE", "to": "BATH AVENUE", "side": "E", "zone": "MON_TUE", "zone_label": "Mon/Tue", "schedules": ["TUE 11:30AM-1PM"], "all_days": ["TUE"], "color": "#2a78d6"}}, {"type": "Feature", "geometry": {"type": "LineString", "coordinates": [[-74.00307833609253, 40.59876768799555], [-74.00235370525952, 40.598307529412544]]}, "properties": {"street": "21 DRIVE", "from": "BAY   25 STREET", "to": "21 AVENUE", "side": "N", "zone": "OTHER", "zone_label": "Other", "schedules": ["FRI 9:30AM-11AM"], "all_days": ["FRI"], "color": "#898781"}}, {"type": "Feature", "geometry": {"type": "LineString", "coordinates": [[-74.0100478781439, 40.628189050800145], [-74.0105341391959, 40.62772047555114]]}, "properties": {"street": "10 AVENUE", "from": "68 STREET", "to": "BAY RIDGE AVENUE", "side": "W", "zone": "OTHER", "zone_label": "Other", "schedules": ["WED 9:30AM-11AM"], "all_days": ["WED"], "color": "#898781"}}, {"type": "Feature", "geometry": {"type": "LineString", "coordinates": [[-74.00850572168733, 40.63301699871844], [-74.00908804274432, 40.63245275181944]]}, "properties": {"street": "9 AVENUE", "from": "62 STREET", "to": "63 STREET", "side": "E", "zone": "WED_THU", "zone_label": "Wed/Thu", "schedules": ["THU 11:30AM-1PM"], "all_days": ["THU"], "color": "#e34948"}}, {"type": "Feature", "geometry": {"type": "LineString", "coordinates": [[-74.01149017441836, 40.63014475583595], [-74.01181746820112, 40.62983187312903], [-74.01208993626028, 40.62957139675466]]}, "properties": {"street": "9 AVENUE", "from": "68 STREET", "to": "67 STREET", "side": "E", "zone": "WED_THU", "zone_label": "Wed/Thu", "schedules": ["THU 11:30AM-1PM"], "all_days": ["THU"], "color": "#e34948"}}, {"type": "Feature", "geometry": {"type": "LineString", "coordinates": [[-74.03428435519852, 40.62268113111407], [-74.03456235046352, 40.62199966038207]]}, "properties": {"street": "RIDGE BOULEVARD", "from": "89 STREET", "to": "88 STREET", "side": "E", "zone": "THU_FRI", "zone_label": "Thu/Fri", "schedules": ["THU 8:30AM-10AM"], "all_days": ["THU"], "color": "#4a3aa7"}}, {"type": "Feature", "geometry": {"type": "LineString", "coordinates": [[-74.01369497450703, 40.63147489615794], [-74.01429088734602, 40.63090009368594]]}, "properties": {"street": "8 AVENUE", "from": "68 STREET", "to": "67 STREET", "side": "E", "zone": "WED_THU", "zone_label": "Wed/Thu", "schedules": ["THU 11:30AM-1PM"], "all_days": ["THU"], "color": "#e34948"}}, {"type": "Feature", "geometry": {"type": "LineString", "coordinates": [[-74.02333936335894, 40.64287707619174], [-74.02392444792893, 40.64231552746573]]}, "properties": {"street": "2 AVENUE", "from": "61 STREET", "to": "60 STREET", "side": "E", "zone": "OTHER", "zone_label": "Other", "schedules": ["MON 9:30AM-11AM"], "all_days": ["MON"], "color": "#898781"}}, {"type": "Feature", "geometry": {"type": "LineString", "coordinates": [[-74.02186615006951, 40.61766875076773], [-74.0228503596945, 40.61651286660973]]}, "properties": {"street": "PARROTT PLACE", "from": "88 STREET", "to": "90 STREET", "side": "W", "zone": "MON_TUE", "zone_label": "Mon/Tue", "schedules": ["MON 11:30AM-1PM"], "all_days": ["MON"], "color": "#2a78d6"}}, {"type": "Feature", "geometry": {"type": "LineString", "coordinates": [[-74.01754539983274, 40.62093099966418], [-74.01713932353438, 40.62068496638457], [-74.0153427446368, 40.61959641031329]]}, "properties": {"street": "81 STREET", "from": "10 AVENUE", "to": "11 AVENUE", "side": "N", "zone": "WED_FRI", "zone_label": "Wed/Fri", "schedules": ["WED 9:30AM-11AM"], "all_days": ["WED"], "color": "#eb6834"}}, {"type": "Feature", "geometry": {"type": "LineString", "coordinates": [[-74.01338428280388, 40.62492870609663], [-74.01118161575488, 40.62359881941363]]}, "properties": {"street": "74 STREET", "from": "11 AVENUE", "to": "10 AVENUE", "side": "N", "zone": "WED_THU", "zone_label": "Wed/Thu", "schedules": ["WED 9:30AM-11AM"], "all_days": ["WED"], "color": "#e34948"}}, {"type": "Feature", "geometry": {"type": "LineString", "coordinates": [[-74.02545379405005, 40.63717612855247], [-74.02289176379905, 40.63614345713647]]}, "properties": {"street": "SENATOR STREET", "from": "3 AVENUE", "to": "4 AVENUE", "side": "N", "zone": "MON_TUE", "zone_label": "Mon/Tue", "schedules": ["MON 8:30AM-10AM"], "all_days": ["MON"], "color": "#2a78d6"}}, {"type": "Feature", "geometry": {"type": "LineString", "coordinates": [[-74.01145426315398, 40.6291461756533], [-74.00994684341299, 40.628236007186295]]}, "properties": {"street": "68 STREET", "from": "10 AVENUE", "to": "FT HAMILTON PARKWAY", "side": "S", "zone": "WED_THU", "zone_label": "Wed/Thu", "schedules": ["THU 9:30AM-11AM"], "all_days": ["THU"], "color": "#e34948"}}, {"type": "Feature", "geometry": {"type": "LineString", "coordinates": [[-74.0098924627139, 40.61444542427969], [-74.0104727788119, 40.613885392493685]]}, "properties": {"street": "14 AVENUE", "from": "84 STREET", "to": "83 STREET", "side": "E", "zone": "WED_FRI", "zone_label": "Wed/Fri", "schedules": ["FRI 8:30AM-10AM"], "all_days": ["FRI"], "color": "#eb6834"}}, {"type": "Feature", "geometry": {"type": "LineString", "coordinates": [[-74.02275675681382, 40.61806995416998], [-74.02185390859383, 40.61762530803998]]}, "properties": {"street": "88 STREET", "from": "BATTERY AVENUE", "to": "PARROTT PLACE", "side": "S", "zone": "MON_TUE", "zone_label": "Mon/Tue", "schedules": ["TUE 11:30AM-1PM"], "all_days": ["TUE"], "color": "#2a78d6"}}, {"type": "Feature", "geometry": {"type": "LineString", "coordinates": [[-74.0034173112138, 40.634570208121055], [-74.0041351446298, 40.63409197287006]]}, "properties": {"street": "FORT HAMILTON PARKWAY", "from": "58 STREET", "to": "57 STREET", "side": "E", "zone": "MON_THU", "zone_label": "Mon/Thu", "schedules": ["THU 8:30AM-10AM"], "all_days": ["THU"], "color": "#eda100"}}, {"type": "Feature", "geometry": {"type": "LineString", "coordinates": [[-74.01771865519983, 40.61730954828916], [-74.01551583381583, 40.61598151695916]]}, "properties": {"street": "85 STREET", "from": "11 AVENUE", "to": "12 AVENUE", "side": "S", "zone": "WED_FRI", "zone_label": "Wed/Fri", "schedules": ["FRI 9:30AM-11AM"], "all_days": ["FRI"], "color": "#eb6834"}}, {"type": "Feature", "geometry": {"type": "LineString", "coordinates": [[-74.01384098955543, 40.64172886443238], [-74.01163819510543, 40.64039954608338]]}, "properties": {"street": "56 STREET", "from": "4 AVENUE", "to": "5 AVENUE", "side": "S", "zone": "WED_THU", "zone_label": "Wed/Thu", "schedules": ["WED 8:30AM-10AM"], "all_days": ["WED"], "color": "#e34948"}}, {"type": "Feature", "geometry": {"type": "LineString", "coordinates": [[-74.0331137089681, 40.611478945388455], [-74.0325368553041, 40.61119036280845]]}, "properties": {"street": "101 STREET", "from": "FT HAMILTON PARKWAY", "to": "JACKSON COURT", "side": "N", "zone": "OTHER", "zone_label": "Other", "schedules": ["FRI 11:30AM-1PM"], "all_days": ["FRI"], "color": "#898781"}}, {"type": "Feature", "geometry": {"type": "LineString", "coordinates": [[-74.01321025541279, 40.63204149045904], [-74.0137600302668, 40.63151383877804]]}, "properties": {"street": "8 AVENUE", "from": "66 STREET", "to": "67 STREET", "side": "W", "zone": "WED_THU", "zone_label": "Wed/Thu", "schedules": ["WED 11:30AM-1PM"], "all_days": ["WED"], "color": "#e34948"}}, {"type": "Feature", "geometry": {"type": "LineString", "coordinates": [[-74.01320754490362, 40.642338020026415], [-74.01100436595561, 40.641008736385416]]}, "properties": {"street": "55 STREET", "from": "5 AVENUE", "to": "4 AVENUE", "side": "N", "zone": "DAILY", "zone_label": "Daily (except Sun)", "schedules": ["THU 8:30AM-10AM"], "all_days": ["THU"], "color": "#e87ba4"}}, {"type": "Feature", "geometry": {"type": "LineString", "coordinates": [[-74.00193787026124, 40.61145976542885], [-74.00252133502224, 40.61090554660585]]}, "properties": {"street": "17 AVENUE", "from": "81 STREET", "to": "82 STREET", "side": "W", "zone": "OTHER", "zone_label": "Other", "schedules": ["MON 11:30AM-1PM"], "all_days": ["MON"], "color": "#898781"}}, {"type": "Feature", "geometry": {"type": "LineString", "coordinates": [[-74.00543056825452, 40.615390583992436], [-74.00601225350353, 40.61483147584744]]}, "properties": {"street": "15 AVENUE", "from": "79 STREET", "to": "80 STREET", "side": "W", "zone": "THU_FRI", "zone_label": "Thu/Fri", "schedules": ["THU 11:30AM-1PM"], "all_days": ["THU"], "color": "#4a3aa7"}}, {"type": "Feature", "geometry": {"type": "LineString", "coordinates": [[-74.00438927433511, 40.63697371514531], [-74.00497225596311, 40.63641396433431]]}, "properties": {"street": "9 AVENUE", "from": "56 STREET", "to": "55 STREET", "side": "E", "zone": "MON_THU", "zone_label": "Mon/Thu", "schedules": ["THU 9:30AM-11AM"], "all_days": ["THU"], "color": "#eda100"}}, {"type": "Feature", "geometry": {"type": "LineString", "coordinates": [[-74.02964660070077, 40.634131146727896], [-74.02696445022778, 40.63349414904889]]}, "properties": {"street": "72 STREET", "from": "RIDGE BOULEVARD", "to": "THIRD AVENUE", "side": "S", "zone": "MON_TUE", "zone_label": "Mon/Tue", "schedules": ["TUE 8:30AM-10AM"], "all_days": ["TUE"], "color": "#2a78d6"}}, {"type": "Feature", "geometry": {"type": "LineString", "coordinates": [[-74.009250281921, 40.64264508926549], [-74.00983217249698, 40.64208561178349]]}, "properties": {"street": "6 AVENUE", "from": "53 STREET", "to": "52 STREET", "side": "E", "zone": "THU_FRI", "zone_label": "Thu/Fri", "schedules": ["FRI 11:30AM-1PM"], "all_days": ["FRI"], "color": "#4a3aa7"}}, {"type": "Feature", "geometry": {"type": "LineString", "coordinates": [[-74.00034754278533, 40.62717224952275], [-74.00092840428033, 40.626612051216746]]}, "properties": {"street": "13 AVENUE", "from": "63 STREET", "to": "64 STREET", "side": "W", "zone": "WED_THU", "zone_label": "Wed/Thu", "schedules": ["WED 8:30AM-10AM"], "all_days": ["WED"], "color": "#e34948"}}, {"type": "Feature", "geometry": {"type": "LineString", "coordinates": [[-74.00594900730968, 40.601822570613415], [-74.00516510103469, 40.601413789017414]]}, "properties": {"street": "CROPSEY AVENUE", "from": "BAY   20 STREET", "to": "19 AVENUE", "side": "S", "zone": "MON_TUE", "zone_label": "Mon/Tue", "schedules": ["TUE 11:30AM-1PM"], "all_days": ["TUE"], "color": "#2a78d6"}}, {"type": "Feature", "geometry": {"type": "LineString", "coordinates": [[-74.00264802637732, 40.635051593440444], [-74.00057433053131, 40.63379828896444]]}, "properties": {"street": "56 STREET", "from": "11 AVENUE", "to": "12 AVENUE", "side": "N", "zone": "OTHER", "zone_label": "Other", "schedules": ["MON 8:30AM-10AM"], "all_days": ["MON"], "color": "#898781"}}, {"type": "Feature", "geometry": {"type": "LineString", "coordinates": [[-74.00816242902152, 40.6300014851695], [-74.00878769778453, 40.629398901303496]]}, "properties": {"street": "10 AVENUE", "from": "65 STREET", "to": "66 STREET", "side": "W", "zone": "WED_THU", "zone_label": "Wed/Thu", "schedules": ["WED 9:30AM-11AM"], "all_days": ["WED"], "color": "#e34948"}}, {"type": "Feature", "geometry": {"type": "LineString", "coordinates": [[-74.02175970928637, 40.631669144750965], [-74.01976011192725, 40.63075871087788], [-74.01962149362836, 40.63069559951455], [-74.019281544561, 40.630540812579746]]}, "properties": {"street": "72 STREET", "from": "FIFTH AVENUE", "to": "SIXTH AVENUE", "side": "S", "zone": "MON_TUE", "zone_label": "Mon/Tue", "schedules": ["TUE 11:30AM-1PM"], "all_days": ["TUE"], "color": "#2a78d6"}}, {"type": "Feature", "geometry": {"type": "LineString", "coordinates": [[-74.026498316502, 40.63994586198299], [-74.02663381020099, 40.63981412987399]]}, "properties": {"street": "RIDGE BOULEVARD", "from": "BELT PARKWAY", "to": "SHORE ROAD DRIVE", "side": "W", "zone": "OTHER", "zone_label": "Other", "schedules": ["MON 9:30AM-11AM"], "all_days": ["MON"], "color": "#898781"}}, {"type": "Feature", "geometry": {"type": "LineString", "coordinates": [[-74.00989051017295, 40.64208049439847], [-74.00768653007296, 40.640748723619474]]}, "properties": {"street": "53 STREET", "from": "7 AVENUE", "to": "6 AVENUE", "side": "S", "zone": "THU_FRI", "zone_label": "Thu/Fri", "schedules": ["FRI 11:30AM-1PM"], "all_days": ["FRI"], "color": "#4a3aa7"}}, {"type": "Feature", "geometry": {"type": "LineString", "coordinates": [[-74.00588783931737, 40.642477792018745], [-74.00500345629526, 40.64194348402087], [-74.00368794501502, 40.64114867341564]]}, "properties": {"street": "50 STREET", "from": "6 AVENUE", "to": "7 AVENUE", "side": "N", "zone": "OTHER", "zone_label": "Other", "schedules": ["WED 11:30AM-1PM"], "all_days": ["WED"], "color": "#898781"}}, {"type": "Feature", "geometry": {"type": "LineString", "coordinates": [[-74.02765837507626, 40.638832062629376], [-74.02784093951108, 40.6386462769014], [-74.02804488941965, 40.63816202518367]]}, "properties": {"street": "RIDGE BOULEVARD", "from": "67 STREET", "to": "SENATOR STREET", "side": "W", "zone": "MON_TUE", "zone_label": "Mon/Tue", "schedules": ["MON 9:30AM-11AM"], "all_days": ["MON"], "color": "#2a78d6"}}, {"type": "Feature", "geometry": {"type": "LineString", "coordinates": [[-74.00910539456004, 40.60836140140054], [-74.00827961279904, 40.60786463706554]]}, "properties": {"street": "BENSON AVENUE", "from": "16 AVENUE", "to": "BAY   13 STREET", "side": "S", "zone": "MON_TUE", "zone_label": "Mon/Tue", "schedules": ["TUE 11:30AM-1PM"], "all_days": ["TUE"], "color": "#2a78d6"}}, {"type": "Feature", "geometry": {"type": "LineString", "coordinates": [[-74.02293246404534, 40.63608870658291], [-74.02041473606634, 40.634946034870914]]}, "properties": {"street": "SENATOR STREET", "from": "4 AVENUE", "to": "5 AVENUE", "side": "S", "zone": "MON_TUE", "zone_label": "Mon/Tue", "schedules": ["TUE 8:30AM-10AM"], "all_days": ["TUE"], "color": "#2a78d6"}}, {"type": "Feature", "geometry": {"type": "LineString", "coordinates": [[-74.0343362302284, 40.622660409058305], [-74.03390774869628, 40.62255922831983], [-74.03165268975232, 40.62202669097457]]}, "properties": {"street": "88 STREET", "from": "COLONIAL ROAD", "to": "RIDGE BOULEVARD", "side": "S", "zone": "THU_FRI", "zone_label": "Thu/Fri", "schedules": ["THU 8:30AM-10AM"], "all_days": ["THU"], "color": "#4a3aa7"}}, {"type": "Feature", "geometry": {"type": "LineString", "coordinates": [[-74.00554877802064, 40.611781581832794], [-74.00309573770564, 40.61029915446979]]}, "properties": {"street": "83 STREET", "from": "16 AVENUE", "to": "17 AVENUE", "side": "S", "zone": "MON_TUE", "zone_label": "Mon/Tue", "schedules": ["TUE 11:30AM-1PM"], "all_days": ["TUE"], "color": "#2a78d6"}}, {"type": "Feature", "geometry": {"type": "LineString", "coordinates": [[-74.00659353795294, 40.6068837918403], [-74.00710307173793, 40.6063928418743]]}, "properties": {"street": "17 AVENUE", "from": "RUTHERFORD PLACE", "to": "BENSON AVENUE", "side": "E", "zone": "MON_TUE", "zone_label": "Mon/Tue", "schedules": ["TUE 11:30AM-1PM"], "all_days": ["TUE"], "color": "#2a78d6"}}, {"type": "Feature", "geometry": {"type": "LineString", "coordinates": [[-74.0037395497726, 40.641099472144205], [-74.0015348022936, 40.639768582489204]]}, "properties": {"street": "50 STREET", "from": "8 AVENUE", "to": "9 AVENUE", "side": "S", "zone": "MON_THU", "zone_label": "Mon/Thu", "schedules": ["THU 8:30AM-10AM"], "all_days": ["THU"], "color": "#eda100"}}, {"type": "Feature", "geometry": {"type": "LineString", "coordinates": [[-74.01720875007868, 40.641978605072325], [-74.01777620800567, 40.64142835548832]]}, "properties": {"street": "4 AVENUE", "from": "58 STREET", "to": "59 STREET", "side": "W", "zone": "OTHER", "zone_label": "Other", "schedules": ["MON 9:30AM-11AM"], "all_days": ["MON"], "color": "#898781"}}, {"type": "Feature", "geometry": {"type": "LineString", "coordinates": [[-74.02652234718532, 40.62718613200501], [-74.02681892059732, 40.626456697669006]]}, "properties": {"street": "4 AVENUE", "from": "81 STREET", "to": "80 STREET", "side": "E", "zone": "MON_TUE", "zone_label": "Mon/Tue", "schedules": ["TUE 8:30AM-10AM"], "all_days": ["TUE"], "color": "#2a78d6"}}, {"type": "Feature", "geometry": {"type": "LineString", "coordinates": [[-74.00733857426259, 40.61006108696997], [-74.00651612771759, 40.60956466985697]]}, "properties": {"street": "86 STREET", "from": "16 AVENUE", "to": "BAY   13 STREET", "side": "S", "zone": "MON_TUE", "zone_label": "Mon/Tue", "schedules": ["TUE 8AM-8:30AM"], "all_days": ["TUE"], "color": "#2a78d6"}}, {"type": "Feature", "geometry": {"type": "LineString", "coordinates": [[-74.00484695261278, 40.61595020441551], [-74.00543053866178, 40.61539061266351]]}, "properties": {"street": "15 AVENUE", "from": "78 STREET", "to": "79 STREET", "side": "W", "zone": "OTHER", "zone_label": "Other", "schedules": ["THU 11:30AM-1PM"], "all_days": ["THU"], "color": "#898781"}}, {"type": "Feature", "geometry": {"type": "LineString", "coordinates": [[-74.01870167964317, 40.619765828649584], [-74.01928163741917, 40.619205743876584]]}, "properties": {"street": "10 AVENUE", "from": "84 STREET", "to": "83 STREET", "side": "E", "zone": "WED_FRI", "zone_label": "Wed/Fri", "schedules": ["FRI 11:30AM-1PM"], "all_days": ["FRI"], "color": "#eb6834"}}, {"type": "Feature", "geometry": {"type": "LineString", "coordinates": [[-74.00345554055208, 40.60873610273459], [-74.00408207069208, 40.60813390342659]]}, "properties": {"street": "BAY   16 STREET", "from": "85 STREET", "to": "86 STREET", "side": "E", "zone": "MON_TUE", "zone_label": "Mon/Tue", "schedules": ["TUE 8:30AM-10AM"], "all_days": ["TUE"], "color": "#2a78d6"}}, {"type": "Feature", "geometry": {"type": "LineString", "coordinates": [[-74.00065404301377, 40.61337831677516], [-74.00018615526677, 40.61309405041316]]}, "properties": {"street": "78 STREET", "from": "17 AVENUE", "to": "NEW UTRECHT AVENUE", "side": "S", "zone": "THU_FRI", "zone_label": "Thu/Fri", "schedules": ["FRI 11:30AM-1PM"], "all_days": ["FRI"], "color": "#4a3aa7"}}, {"type": "Feature", "geometry": {"type": "LineString", "coordinates": [[-74.00513512176734, 40.60600452455142], [-74.00564423471033, 40.60551399499243]]}, "properties": {"street": "BAY   17 STREET", "from": "RUTHERFORD PLACE", "to": "BENSON AVENUE", "side": "E", "zone": "MON_TUE", "zone_label": "Mon/Tue", "schedules": ["TUE 11:30AM-1PM"], "all_days": ["TUE"], "color": "#2a78d6"}}, {"type": "Feature", "geometry": {"type": "LineString", "coordinates": [[-74.01400899997664, 40.62432676438159], [-74.01180795927564, 40.622997195827594]]}, "properties": {"street": "BAY RIDGE PARKWAY", "from": "11 AVENUE", "to": "10 AVENUE", "side": "N", "zone": "WED_FRI", "zone_label": "Wed/Fri", "schedules": ["WED 9:30AM-11AM"], "all_days": ["WED"], "color": "#eb6834"}}, {"type": "Feature", "geometry": {"type": "LineString", "coordinates": [[-74.00833353935262, 40.626389163823944], [-74.00857061845164, 40.62616050417898], [-74.00891313338317, 40.62583014921056]]}, "properties": {"street": "11 AVENUE", "from": "BAY RIDGE AVENUE", "to": "70 STREET", "side": "W", "zone": "WED_THU", "zone_label": "Wed/Thu", "schedules": ["WED 9:30AM-11AM"], "all_days": ["WED"], "color": "#e34948"}}, {"type": "Feature", "geometry": {"type": "LineString", "coordinates": [[-74.01610299007258, 40.6292612652524], [-74.01667513394958, 40.628707661224404]]}, "properties": {"street": "8 AVENUE", "from": "71 STREET", "to": "72 STREET", "side": "W", "zone": "WED_THU", "zone_label": "Wed/Thu", "schedules": ["WED 11:30AM-1PM"], "all_days": ["WED"], "color": "#e34948"}}, {"type": "Feature", "geometry": {"type": "LineString", "coordinates": [[-74.01836882233131, 40.62787916507906], [-74.01867995929732, 40.62708773826806]]}, "properties": {"street": "7 AVENUE", "from": "73 STREET", "to": "74 STREET", "side": "W", "zone": "OTHER", "zone_label": "Other", "schedules": ["MON 11:30AM-1PM"], "all_days": ["MON"], "color": "#898781"}}, {"type": "Feature", "geometry": {"type": "LineString", "coordinates": [[-74.0017320644983, 40.63263383050739], [-74.00231602330429, 40.63207322877139]]}, "properties": {"street": "11 AVENUE", "from": "59 STREET", "to": "58 STREET", "side": "E", "zone": "MON_THU", "zone_label": "Mon/Thu", "schedules": ["MON 8:30AM-10AM"], "all_days": ["MON"], "color": "#eda100"}}, {"type": "Feature", "geometry": {"type": "LineString", "coordinates": [[-74.00112323971032, 40.60301714220009], [-74.00034868249733, 40.60260280779109]]}, "properties": {"street": "BENSON AVENUE", "from": "20 AVENUE", "to": "BAY   23 STREET", "side": "S", "zone": "OTHER", "zone_label": "Other", "schedules": ["TUE 8:30AM-10AM"], "all_days": ["TUE"], "color": "#898781"}}, {"type": "Feature", "geometry": {"type": "LineString", "coordinates": [[-74.01539433582553, 40.6195472109125], [-74.01319086017052, 40.6182197656645]]}, "properties": {"street": "81 STREET", "from": "11 AVENUE", "to": "12 AVENUE", "side": "S", "zone": "WED_FRI", "zone_label": "Wed/Fri", "schedules": ["FRI 9:30AM-11AM"], "all_days": ["FRI"], "color": "#eb6834"}}, {"type": "Feature", "geometry": {"type": "LineString", "coordinates": [[-74.03068256677506, 40.63637073170636], [-74.03026034986796, 40.636243428981885], [-74.0298430172302, 40.63611759182773]]}, "properties": {"street": "70 STREET", "from": "RIDGECREST TERRACE", "to": "PERRY TERRACE", "side": "S", "zone": "MON_TUE", "zone_label": "Mon/Tue", "schedules": ["TUE 9:30AM-11AM"], "all_days": ["TUE"], "color": "#2a78d6"}}, {"type": "Feature", "geometry": {"type": "LineString", "coordinates": [[-74.0149369369806, 40.63038040880657], [-74.0155224081666, 40.62981987501158]]}, "properties": {"street": "8 AVENUE", "from": "BAY RIDGE AVENUE", "to": "70 STREET", "side": "W", "zone": "WED_THU", "zone_label": "Wed/Thu", "schedules": ["WED 11:30AM-1PM"], "all_days": ["WED"], "color": "#e34948"}}, {"type": "Feature", "geometry": {"type": "LineString", "coordinates": [[-74.00619713654145, 40.60386913127919], [-74.00561233227745, 40.60355418588519]]}, "properties": {"street": "BATH AVENUE", "from": "18 AVENUE", "to": "BAY   19 STREET", "side": "S", "zone": "OTHER", "zone_label": "Other", "schedules": ["MON/TUE/THU/FRI 7:30AM-8AM"], "all_days": ["MON", "TUE", "THU", "FRI"], "color": "#898781"}}, {"type": "Feature", "geometry": {"type": "LineString", "coordinates": [[-74.00822141546176, 40.60786977091387], [-74.00996902283076, 40.606192869638875]]}, "properties": {"street": "BAY   13 STREET", "from": "BENSON AVENUE", "to": "BATH AVENUE", "side": "E", "zone": "MON_TUE", "zone_label": "Mon/Tue", "schedules": ["TUE 11:30AM-1PM"], "all_days": ["TUE"], "color": "#2a78d6"}}, {"type": "Feature", "geometry": {"type": "LineString", "coordinates": [[-74.0036207723164, 40.61702990509753], [-74.0042019668594, 40.61647062530153]]}, "properties": {"street": "15 AVENUE", "from": "77 STREET", "to": "76 STREET", "side": "E", "zone": "OTHER", "zone_label": "Other", "schedules": ["WED 11:30AM-1PM"], "all_days": ["WED"], "color": "#898781"}}, {"type": "Feature", "geometry": {"type": "LineString", "coordinates": [[-74.00827778675755, 40.60308379506958], [-74.0099046654822, 40.60149825257839], [-74.01016373644212, 40.60124574977386]]}, "properties": {"street": "BAY   17 STREET", "from": "SHORE PARKWAY", "to": "CROPSEY AVENUE", "side": "W", "zone": "MON_TUE", "zone_label": "Mon/Tue", "schedules": ["MON 11:30AM-1PM"], "all_days": ["MON"], "color": "#2a78d6"}}, {"type": "Feature", "geometry": {"type": "LineString", "coordinates": [[-74.02094031790139, 40.619280005701874], [-74.02125641869839, 40.61848933589587]]}, "properties": {"street": "7 AVENUE", "from": "85 STREET", "to": "86 STREET", "side": "W", "zone": "WED_FRI", "zone_label": "Wed/Fri", "schedules": ["WED 11:30AM-1PM"], "all_days": ["WED"], "color": "#eb6834"}}, {"type": "Feature", "geometry": {"type": "LineString", "coordinates": [[-74.03218529918398, 40.636877973295796], [-74.03254341382298, 40.6362188633848]]}, "properties": {"street": "LOUISE TERRACE", "from": "70 STREET", "to": "MACKAY PLACE", "side": "W", "zone": "MON_TUE", "zone_label": "Mon/Tue", "schedules": ["MON 9:30AM-11AM"], "all_days": ["MON"], "color": "#2a78d6"}}, {"type": "Feature", "geometry": {"type": "LineString", "coordinates": [[-74.00357888825262, 40.600661886264994], [-74.00279029588161, 40.600236942767]]}, "properties": {"street": "CROPSEY AVENUE", "from": "20 AVENUE", "to": "BAY   23 STREET", "side": "N", "zone": "MON_TUE", "zone_label": "Mon/Tue", "schedules": ["MON 11:30AM-1PM"], "all_days": ["MON"], "color": "#2a78d6"}}, {"type": "Feature", "geometry": {"type": "LineString", "coordinates": [[-74.0063347916699, 40.632615935006854], [-74.0064337898295, 40.632549946372116], [-74.00664778598347, 40.632407304068465]]}, "properties": {"street": "FORT HAMILTON PARKWAY", "from": "62 STREET", "to": "61 STREET", "side": "E", "zone": "WED_THU", "zone_label": "Wed/Thu", "schedules": ["THU 11:30AM-1PM"], "all_days": ["THU"], "color": "#e34948"}}, {"type": "Feature", "geometry": {"type": "LineString", "coordinates": [[-74.01153484919698, 40.60478665290977], [-74.01326795583164, 40.60295968493294], [-74.013397657204, 40.60282296183691], [-74.01359827927627, 40.60261146860114]]}, "properties": {"street": "BAY   13 STREET", "from": "CROPSEY AVENUE", "to": "SHORE PARKWAY", "side": "W", "zone": "MON_TUE", "zone_label": "Mon/Tue", "schedules": ["MON 11:30AM-1PM"], "all_days": ["MON"], "color": "#2a78d6"}}, {"type": "Feature", "geometry": {"type": "LineString", "coordinates": [[-74.03448252595011, 40.63681709557409], [-74.03457648852002, 40.63658403165538], [-74.0346720675793, 40.636346985950304], [-74.03476184933992, 40.63612428735798]]}, "properties": {"street": "NARROWS AVENUE", "from": "MACKAY PLACE", "to": "71 STREET", "side": "W", "zone": "MON_TUE", "zone_label": "Mon/Tue", "schedules": ["MON 9:30AM-11AM"], "all_days": ["MON"], "color": "#2a78d6"}}, {"type": "Feature", "geometry": {"type": "LineString", "coordinates": [[-74.0135095983056, 40.61102098720396], [-74.0127639212896, 40.61057184713996]]}, "properties": {"street": "BENSON AVENUE", "from": "14 AVENUE", "to": "BAY    7 STREET", "side": "S", "zone": "WED_FRI", "zone_label": "Wed/Fri", "schedules": ["FRI 11:30AM-1PM"], "all_days": ["FRI"], "color": "#eb6834"}}, {"type": "Feature", "geometry": {"type": "LineString", "coordinates": [[-74.01476036338917, 40.620157612861824], [-74.01380414236262, 40.61957948037606], [-74.01297068087823, 40.61907555602855], [-74.01255947943804, 40.61882693171261]]}, "properties": {"street": "80 STREET", "from": "12 AVENUE", "to": "11 AVENUE", "side": "N", "zone": "WED_FRI", "zone_label": "Wed/Fri", "schedules": ["WED 9:30AM-11AM"], "all_days": ["WED"], "color": "#eb6834"}}, {"type": "Feature", "geometry": {"type": "LineString", "coordinates": [[-74.01313400665988, 40.60565584405996], [-74.01276341375323, 40.60546366001728], [-74.01234884158009, 40.605248660902944]]}, "properties": {"street": "CROPSEY AVENUE", "from": "16 AVENUE", "to": "BAY   11 STREET", "side": "N", "zone": "MON_TUE", "zone_label": "Mon/Tue", "schedules": ["MON 11:30AM-1PM"], "all_days": ["MON"], "color": "#2a78d6"}}, {"type": "Feature", "geometry": {"type": "LineString", "coordinates": [[-74.00857095435268, 40.63305577179356], [-74.00915327540967, 40.63249152489456]]}, "properties": {"street": "9 AVENUE", "from": "62 STREET", "to": "63 STREET", "side": "W", "zone": "WED_THU", "zone_label": "Wed/Thu", "schedules": ["WED 11:30AM-1PM"], "all_days": ["WED"], "color": "#e34948"}}, {"type": "Feature", "geometry": {"type": "LineString", "coordinates": [[-74.0036353819948, 40.60065570373764], [-74.0041120122298, 40.60019635851364]]}, "properties": {"street": "BAY   23 STREET", "from": "CROPSEY AVENUE", "to": "DEAD END", "side": "W", "zone": "MON_TUE", "zone_label": "Mon/Tue", "schedules": ["MON 11:30AM-1PM"], "all_days": ["MON"], "color": "#2a78d6"}}, {"type": "Feature", "geometry": {"type": "LineString", "coordinates": [[-74.00620306826242, 40.63533122263226], [-74.00645164635672, 40.635092571211025], [-74.00678502737414, 40.63477250778368]]}, "properties": {"street": "9 AVENUE", "from": "58 STREET", "to": "59 STREET", "side": "W", "zone": "MON_THU", "zone_label": "Mon/Thu", "schedules": ["MON 9:30AM-11AM"], "all_days": ["MON"], "color": "#eda100"}}, {"type": "Feature", "geometry": {"type": "LineString", "coordinates": [[-74.00186361188547, 40.609112104246485], [-74.00168510359428, 40.60901433149841], [-74.00096960923157, 40.608622431149556]]}, "properties": {"street": "84 STREET", "from": "NEW UTRECHT AVENUE", "to": "18 AVENUE", "side": "S", "zone": "DAILY", "zone_label": "Daily (except Sun)", "schedules": ["TUE 11:30AM-1PM"], "all_days": ["TUE"], "color": "#e87ba4"}}, {"type": "Feature", "geometry": {"type": "LineString", "coordinates": [[-74.0241805368469, 40.62576403876803], [-74.02351867395305, 40.62536412950124], [-74.0218214937261, 40.624338618046096]]}, "properties": {"street": "80 STREET", "from": "6 AVENUE", "to": "5 AVENUE", "side": "S", "zone": "THU_FRI", "zone_label": "Thu/Fri", "schedules": ["FRI 11:30AM-1PM"], "all_days": ["FRI"], "color": "#4a3aa7"}}, {"type": "Feature", "geometry": {"type": "LineString", "coordinates": [[-74.00344284089164, 40.60428706524864], [-74.00466894111365, 40.60310632974064]]}, "properties": {"street": "BAY   20 STREET", "from": "BATH AVENUE", "to": "BENSON AVENUE", "side": "W", "zone": "OTHER", "zone_label": "Other", "schedules": ["WED 8:30AM-10AM"], "all_days": ["WED"], "color": "#898781"}}, {"type": "Feature", "geometry": {"type": "LineString", "coordinates": [[-74.00212455659941, 40.63925297412297], [-74.0024032375636, 40.638985397146214], [-74.00270594667099, 40.63869472984989]]}, "properties": {"street": "9 AVENUE", "from": "51 STREET", "to": "52 STREET", "side": "W", "zone": "MON_THU", "zone_label": "Mon/Thu", "schedules": ["MON 8:30AM-10AM"], "all_days": ["MON"], "color": "#eda100"}}, {"type": "Feature", "geometry": {"type": "LineString", "coordinates": [[-74.01267696449379, 40.61521677556745], [-74.0132575479898, 40.61465793627944]]}, "properties": {"street": "13 AVENUE", "from": "85 STREET", "to": "84 STREET", "side": "E", "zone": "WED_FRI", "zone_label": "Wed/Fri", "schedules": ["FRI 8:30AM-10AM"], "all_days": ["FRI"], "color": "#eb6834"}}, {"type": "Feature", "geometry": {"type": "LineString", "coordinates": [[-74.0063347916699, 40.632615935006854], [-74.0064337898295, 40.632549946372116], [-74.00664778598347, 40.632407304068465]]}, "properties": {"street": "FORT HAMILTON PARKWAY", "from": "61 STREET", "to": "62 STREET", "side": "W", "zone": "WED_THU", "zone_label": "Wed/Thu", "schedules": ["WED 11:30AM-1PM"], "all_days": ["WED"], "color": "#e34948"}}, {"type": "Feature", "geometry": {"type": "LineString", "coordinates": [[-74.00520017756666, 40.60604344313657], [-74.00570929050966, 40.605552913577576]]}, "properties": {"street": "BAY   17 STREET", "from": "RUTHERFORD PLACE", "to": "BENSON AVENUE", "side": "W", "zone": "MON_TUE", "zone_label": "Mon/Tue", "schedules": ["MON 11:30AM-1PM"], "all_days": ["MON"], "color": "#2a78d6"}}, {"type": "Feature", "geometry": {"type": "LineString", "coordinates": [[-74.0027566730097, 40.62480514889888], [-74.0005569976997, 40.623473580830876]]}, "properties": {"street": "67 STREET", "from": "14 AVENUE", "to": "15 AVENUE", "side": "S", "zone": "THU_FRI", "zone_label": "Thu/Fri", "schedules": ["FRI 11:30AM-1PM"], "all_days": ["FRI"], "color": "#4a3aa7"}}, {"type": "Feature", "geometry": {"type": "LineString", "coordinates": [[-74.03255533937664, 40.63410857105007], [-74.03268727686621, 40.63378905686794], [-74.03270412458224, 40.63374824983497], [-74.03283628454196, 40.63342816758599]]}, "properties": {"street": "COLONIAL ROAD", "from": "74 STREET", "to": "73 STREET", "side": "E", "zone": "MON_TUE", "zone_label": "Mon/Tue", "schedules": ["TUE 9:30AM-11AM"], "all_days": ["TUE"], "color": "#2a78d6"}}, {"type": "Feature", "geometry": {"type": "LineString", "coordinates": [[-74.00309211764495, 40.602242544712304], [-74.00233986396395, 40.601847998736304]]}, "properties": {"street": "BATH AVENUE", "from": "BAY   22 STREET", "to": "BAY   23 STREET", "side": "S", "zone": "OTHER", "zone_label": "Other", "schedules": ["MON/TUE/THU/FRI 7:30AM-8AM"], "all_days": ["MON", "TUE", "THU", "FRI"], "color": "#898781"}}, {"type": "Feature", "geometry": {"type": "LineString", "coordinates": [[-74.02115303908447, 40.641535697138366], [-74.02118219465619, 40.6414907828413], [-74.02119686587466, 40.64146993607352], [-74.02119761054283, 40.64146887781568], [-74.0212390385058, 40.64140996835507], [-74.02138304439586, 40.641205217861256]]}, "properties": {"street": "3 AVENUE", "from": "61 STREET", "to": "62 STREET", "side": "W", "zone": "OTHER", "zone_label": "Other", "schedules": ["MON 9:30AM-11AM"], "all_days": ["MON"], "color": "#898781"}}, {"type": "Feature", "geometry": {"type": "LineString", "coordinates": [[-74.00056765615103, 40.633754180775185], [-74.00114674054103, 40.63319899741819]]}, "properties": {"street": "11 AVENUE", "from": "57 STREET", "to": "56 STREET", "side": "E", "zone": "MON_THU", "zone_label": "Mon/Thu", "schedules": ["MON 8:30AM-10AM"], "all_days": ["MON"], "color": "#eda100"}}, {"type": "Feature", "geometry": {"type": "LineString", "coordinates": [[-74.00141792985006, 40.61569941636922], [-74.00200040769906, 40.61514140860122]]}, "properties": {"street": "16 AVENUE", "from": "77 STREET", "to": "76 STREET", "side": "E", "zone": "OTHER", "zone_label": "Other", "schedules": ["MON 11:30AM-1PM"], "all_days": ["MON"], "color": "#898781"}}, {"type": "Feature", "geometry": {"type": "LineString", "coordinates": [[-74.0028257547843, 40.62124242528507], [-74.00340430956331, 40.620684185663066]]}, "properties": {"street": "14 AVENUE", "from": "72 STREET", "to": "71 STREET", "side": "E", "zone": "WED_THU", "zone_label": "Wed/Thu", "schedules": ["THU 8:30AM-10AM"], "all_days": ["THU"], "color": "#e34948"}}, {"type": "Feature", "geometry": {"type": "LineString", "coordinates": [[-74.0017275751351, 40.62240016278557], [-74.0023096365831, 40.62184200976357]]}, "properties": {"street": "14 AVENUE", "from": "BAY RIDGE AVENUE", "to": "70 STREET", "side": "W", "zone": "WED_THU", "zone_label": "Wed/Thu", "schedules": ["WED 8:30AM-10AM"], "all_days": ["WED"], "color": "#e34948"}}, {"type": "Feature", "geometry": {"type": "LineString", "coordinates": [[-74.01375331075045, 40.63146972422783], [-74.01154839795144, 40.63013969163783]]}, "properties": {"street": "67 STREET", "from": "8 AVENUE", "to": "9 AVENUE", "side": "S", "zone": "OTHER", "zone_label": "Other", "schedules": ["THU 11:30AM-1PM"], "all_days": ["THU"], "color": "#898781"}}, {"type": "Feature", "geometry": {"type": "LineString", "coordinates": [[-74.00848478839588, 40.63118202160921], [-74.00925236423087, 40.63066568587622]]}, "properties": {"street": "FORT HAMILTON PARKWAY", "from": "65 STREET", "to": "64 STREET", "side": "E", "zone": "DAILY", "zone_label": "Daily (except Sun)", "schedules": ["THU 11:30AM-1PM"], "all_days": ["THU"], "color": "#e87ba4"}}, {"type": "Feature", "geometry": {"type": "LineString", "coordinates": [[-74.02023893166071, 40.62806096760277], [-74.02056111179171, 40.62727548584577]]}, "properties": {"street": "6 AVENUE", "from": "76 STREET", "to": "BAY RIDGE PARKWAY", "side": "E", "zone": "MON_TUE", "zone_label": "Mon/Tue", "schedules": ["TUE 11:30AM-1PM"], "all_days": ["TUE"], "color": "#2a78d6"}}, {"type": "Feature", "geometry": {"type": "LineString", "coordinates": [[-74.00299394726139, 40.61763339522653], [-74.00362076572539, 40.61702991117953]]}, "properties": {"street": "15 AVENUE", "from": "76 STREET", "to": "BAY RIDGE PARKWAY", "side": "E", "zone": "OTHER", "zone_label": "Other", "schedules": ["WED 11:30AM-1PM"], "all_days": ["WED"], "color": "#898781"}}, {"type": "Feature", "geometry": {"type": "LineString", "coordinates": [[-74.03458961247954, 40.62203898090542], [-74.03416373356612, 40.621938394110245], [-74.03412752994505, 40.621929840541966], [-74.0327253588652, 40.62159865006629], [-74.03190686294673, 40.62140531302056]]}, "properties": {"street": "89 STREET", "from": "3 AVENUE", "to": "RIDGE BOULEVARD", "side": "N", "zone": "MON_TUE", "zone_label": "Mon/Tue", "schedules": ["MON 8:30AM-10AM"], "all_days": ["MON"], "color": "#2a78d6"}}, {"type": "Feature", "geometry": {"type": "LineString", "coordinates": [[-74.00346268725143, 40.62067904097978], [-74.00126366633341, 40.61934826937378]]}, "properties": {"street": "72 STREET", "from": "15 AVENUE", "to": "14 AVENUE", "side": "S", "zone": "THU_FRI", "zone_label": "Thu/Fri", "schedules": ["FRI 11:30AM-1PM"], "all_days": ["FRI"], "color": "#4a3aa7"}}, {"type": "Feature", "geometry": {"type": "LineString", "coordinates": [[-74.01922911816729, 40.63348567799064], [-74.01970152866528, 40.632877180383645]]}, "properties": {"street": "VISTA PLACE", "from": "68 STREET", "to": "BAY RIDGE AVENUE", "side": "E", "zone": "MON_TUE", "zone_label": "Mon/Tue", "schedules": ["TUE 11:30AM-1PM"], "all_days": ["TUE"], "color": "#2a78d6"}}, {"type": "Feature", "geometry": {"type": "LineString", "coordinates": [[-74.0237239763075, 40.62093289403489], [-74.02316838152949, 40.620594402500885]]}, "properties": {"street": "85 STREET", "from": "FT HAMILTON PARKWAY", "to": "DEAD END", "side": "S", "zone": "THU_FRI", "zone_label": "Thu/Fri", "schedules": ["FRI 11:30AM-1PM"], "all_days": ["FRI"], "color": "#4a3aa7"}}, {"type": "Feature", "geometry": {"type": "LineString", "coordinates": [[-74.03077763212409, 40.63136955931454], [-74.0280938560381, 40.63073237197254]]}, "properties": {"street": "76 STREET", "from": "3 AVENUE", "to": "RIDGE BOULEVARD", "side": "S", "zone": "THU_FRI", "zone_label": "Thu/Fri", "schedules": ["FRI 8:30AM-10AM"], "all_days": ["FRI"], "color": "#4a3aa7"}}, {"type": "Feature", "geometry": {"type": "LineString", "coordinates": [[-74.00451772827857, 40.633403002711255], [-74.00512195273757, 40.632821745604254]]}, "properties": {"street": "10 AVENUE", "from": "60 STREET", "to": "59 STREET", "side": "E", "zone": "MON_THU", "zone_label": "Mon/Thu", "schedules": ["THU 8:30AM-10AM"], "all_days": ["THU"], "color": "#eda100"}}, {"type": "Feature", "geometry": {"type": "LineString", "coordinates": [[-74.01345811451839, 40.611070247352046], [-74.01271243750239, 40.61062110728805]]}, "properties": {"street": "BENSON AVENUE", "from": "BAY    7 STREET", "to": "14 AVENUE", "side": "N", "zone": "WED_FRI", "zone_label": "Wed/Fri", "schedules": ["WED 11:30AM-1PM"], "all_days": ["WED"], "color": "#eb6834"}}, {"type": "Feature", "geometry": {"type": "LineString", "coordinates": [[-74.02064028092086, 40.62729402470848], [-74.02093583984485, 40.62656040802049]]}, "properties": {"street": "6 AVENUE", "from": "76 STREET", "to": "77 STREET", "side": "W", "zone": "MON_TUE", "zone_label": "Mon/Tue", "schedules": ["MON 11:30AM-1PM"], "all_days": ["MON"], "color": "#2a78d6"}}, {"type": "Feature", "geometry": {"type": "LineString", "coordinates": [[-74.01172785959061, 40.63681210208682], [-74.0123324297126, 40.636230879304826]]}, "properties": {"street": "7 AVENUE", "from": "61 STREET", "to": "60 STREET", "side": "E", "zone": "THU_FRI", "zone_label": "Thu/Fri", "schedules": ["THU 11:30AM-1PM"], "all_days": ["THU"], "color": "#4a3aa7"}}, {"type": "Feature", "geometry": {"type": "LineString", "coordinates": [[-74.0019312858771, 40.61141552225059], [-74.00132941831009, 40.611052395347585]]}, "properties": {"street": "81 STREET", "from": "17 AVENUE", "to": "NEW UTRECHT AVENUE", "side": "S", "zone": "THU_FRI", "zone_label": "Thu/Fri", "schedules": ["FRI 11:30AM-1PM"], "all_days": ["FRI"], "color": "#4a3aa7"}}, {"type": "Feature", "geometry": {"type": "LineString", "coordinates": [[-74.00312535937627, 40.62789955182157], [-74.00092165187627, 40.626568009534566]]}, "properties": {"street": "64 STREET", "from": "13 AVENUE", "to": "14 AVENUE", "side": "S", "zone": "WED_THU", "zone_label": "Wed/Thu", "schedules": ["THU 8:30AM-10AM"], "all_days": ["THU"], "color": "#e34948"}}, {"type": "Feature", "geometry": {"type": "LineString", "coordinates": [[-74.00327983949553, 40.63808789287687], [-74.00275618099612, 40.63777140279119], [-74.00055221613101, 40.636439303756134]]}, "properties": {"street": "53 STREET", "from": "11 AVENUE", "to": "FT HAMILTON PARKWAY", "side": "S", "zone": "MON_THU", "zone_label": "Mon/Thu", "schedules": ["THU 8:30AM-10AM"], "all_days": ["THU"], "color": "#eda100"}}, {"type": "Feature", "geometry": {"type": "LineString", "coordinates": [[-74.02230107131663, 40.62009279468735], [-74.02180430332064, 40.61978904510093], [-74.02128166064585, 40.61946589091152], [-74.02092684263145, 40.61924649901931]]}, "properties": {"street": "85 STREET", "from": "DYKER PLACE", "to": "7 AVENUE", "side": "S", "zone": "WED_FRI", "zone_label": "Wed/Fri", "schedules": ["FRI 11:30AM-1PM"], "all_days": ["FRI"], "color": "#eb6834"}}, {"type": "Feature", "geometry": {"type": "LineString", "coordinates": [[-74.00236756699363, 40.61823586515508], [-74.00299395910463, 40.61763338354708]]}, "properties": {"street": "15 AVENUE", "from": "BAY RIDGE PARKWAY", "to": "74 STREET", "side": "E", "zone": "WED_THU", "zone_label": "Wed/Thu", "schedules": ["WED 11:30AM-1PM"], "all_days": ["WED"], "color": "#e34948"}}, {"type": "Feature", "geometry": {"type": "LineString", "coordinates": [[-74.01759708195725, 40.620881854637815], [-74.01719100674363, 40.62063582201543], [-74.01539442809121, 40.61954726609271]]}, "properties": {"street": "81 STREET", "from": "7 AVENUE", "to": "10 AVENUE", "side": "S", "zone": "WED_FRI", "zone_label": "Wed/Fri", "schedules": ["FRI 11:30AM-1PM"], "all_days": ["FRI"], "color": "#eb6834"}}, {"type": "Feature", "geometry": {"type": "LineString", "coordinates": [[-74.01772519970406, 40.61735384686975], [-74.01835939307206, 40.616753949853745]]}, "properties": {"street": "11 AVENUE", "from": "85 STREET", "to": "86 STREET", "side": "W", "zone": "WED_FRI", "zone_label": "Wed/Fri", "schedules": ["WED 9:30AM-11AM"], "all_days": ["WED"], "color": "#eb6834"}}, {"type": "Feature", "geometry": {"type": "LineString", "coordinates": [[-74.00588028188477, 40.61835409414625], [-74.00367907931577, 40.617024773267254]]}, "properties": {"street": "76 STREET", "from": "15 AVENUE", "to": "14 AVENUE", "side": "S", "zone": "OTHER", "zone_label": "Other", "schedules": ["WED 11:30AM-1PM"], "all_days": ["WED"], "color": "#898781"}}, {"type": "Feature", "geometry": {"type": "LineString", "coordinates": [[-74.02279302040402, 40.61652217075904], [-74.02213990690502, 40.616200319895036]]}, "properties": {"street": "90 STREET", "from": "7 AVENUE", "to": "PARROTT PLACE", "side": "N", "zone": "MON_TUE", "zone_label": "Mon/Tue", "schedules": ["MON 11:30AM-1PM"], "all_days": ["MON"], "color": "#2a78d6"}}, {"type": "Feature", "geometry": {"type": "LineString", "coordinates": [[-74.02535173860018, 40.61943838802764], [-74.02488223286487, 40.61920444545427], [-74.02452124908628, 40.61902457220885]]}, "properties": {"street": "88 STREET", "from": "FT HAMILTON PARKWAY", "to": "GATLING PLACE", "side": "N", "zone": "THU_FRI", "zone_label": "Thu/Fri", "schedules": ["FRI 11:30AM-1PM"], "all_days": ["FRI"], "color": "#4a3aa7"}}, {"type": "Feature", "geometry": {"type": "LineString", "coordinates": [[-74.0019936153685, 40.64282643288697], [-74.0025787013405, 40.64226345369197]]}, "properties": {"street": "47 STREET", "from": "8 AVENUE", "to": "7 AVENUE", "side": "N", "zone": "OTHER", "zone_label": "Other", "schedules": ["WED 11:30AM-1PM"], "all_days": ["WED"], "color": "#898781"}}, {"type": "Feature", "geometry": {"type": "LineString", "coordinates": [[-74.0222020865526, 40.61618309700729], [-74.0228375457476, 40.61459696992929]]}, "properties": {"street": "7 AVENUE", "from": "90 STREET", "to": "92 STREET", "side": "W", "zone": "OTHER", "zone_label": "Other", "schedules": ["MON 11:30AM-1PM"], "all_days": ["MON"], "color": "#898781"}}, {"type": "Feature", "geometry": {"type": "LineString", "coordinates": [[-74.02365756383902, 40.6185195984123], [-74.02275697050702, 40.6180700600483]]}, "properties": {"street": "88 STREET", "from": "DAHLGREEN PLACE", "to": "BATTERY AVENUE", "side": "S", "zone": "MON_TUE", "zone_label": "Mon/Tue", "schedules": ["TUE 11:30AM-1PM"], "all_days": ["TUE"], "color": "#2a78d6"}}, {"type": "Feature", "geometry": {"type": "LineString", "coordinates": [[-74.02980433382308, 40.61915274657608], [-74.03013579957009, 40.61833926485608]]}, "properties": {"street": "4 AVENUE", "from": "92 STREET", "to": "91 STREET", "side": "E", "zone": "DAILY", "zone_label": "Daily (except Sun)", "schedules": ["TUE 8:30AM-10AM"], "all_days": ["TUE"], "color": "#e87ba4"}}, {"type": "Feature", "geometry": {"type": "LineString", "coordinates": [[-74.00081779425967, 40.61264929178833], [-74.00071397205967, 40.61258772393733]]}, "properties": {"street": "79 STREET", "from": "17 AVENUE", "to": "18 AVENUE", "side": "N", "zone": "THU_FRI", "zone_label": "Thu/Fri", "schedules": ["THU 11:30AM-1PM"], "all_days": ["THU"], "color": "#4a3aa7"}}, {"type": "Feature", "geometry": {"type": "LineString", "coordinates": [[-74.00127033339167, 40.619392356536615], [-74.00185224271267, 40.61883384597262]]}, "properties": {"street": "15 AVENUE", "from": "72 STREET", "to": "73 STREET", "side": "W", "zone": "THU_FRI", "zone_label": "Thu/Fri", "schedules": ["THU 11:30AM-1PM"], "all_days": ["THU"], "color": "#4a3aa7"}}, {"type": "Feature", "geometry": {"type": "LineString", "coordinates": [[-74.03318689231841, 40.61338404303295], [-74.03140219124342, 40.61249074963695]]}, "properties": {"street": "99 STREET", "from": "FT HAMILTON PARKWAY", "to": "4 AVENUE", "side": "S", "zone": "THU_FRI", "zone_label": "Thu/Fri", "schedules": ["THU 11:30AM-1PM"], "all_days": ["THU"], "color": "#4a3aa7"}}, {"type": "Feature", "geometry": {"type": "LineString", "coordinates": [[-74.01003023101293, 40.63009654828346], [-74.00878067643693, 40.62935468524946]]}, "properties": {"street": "66 STREET", "from": "10 AVENUE", "to": "FT HAMILTON PARKWAY", "side": "S", "zone": "WED_THU", "zone_label": "Wed/Thu", "schedules": ["THU 9:30AM-11AM"], "all_days": ["THU"], "color": "#e34948"}}, {"type": "Feature", "geometry": {"type": "LineString", "coordinates": [[-74.02284207319657, 40.61945781456476], [-74.02359959069058, 40.61852931472676]]}, "properties": {"street": "DAHLGREEN PLACE", "from": "88 STREET", "to": "86 STREET", "side": "E", "zone": "MON_TUE", "zone_label": "Mon/Tue", "schedules": ["TUE 11:30AM-1PM"], "all_days": ["TUE"], "color": "#2a78d6"}}, {"type": "Feature", "geometry": {"type": "LineString", "coordinates": [[-74.01230831933965, 40.60756541070521], [-74.01159321103165, 40.60713242366321]]}, "properties": {"street": "BATH AVENUE", "from": "BAY   10 STREET", "to": "BAY   11 STREET", "side": "S", "zone": "WED_FRI", "zone_label": "Wed/Fri", "schedules": ["WED 11:30AM-1PM"], "all_days": ["WED"], "color": "#eb6834"}}, {"type": "Feature", "geometry": {"type": "LineString", "coordinates": [[-74.00437904190078, 40.601004037007336], [-74.00362634601778, 40.60061035432334]]}, "properties": {"street": "CROPSEY AVENUE", "from": "BAY   22 STREET", "to": "BAY   23 STREET", "side": "S", "zone": "MON_TUE", "zone_label": "Mon/Tue", "schedules": ["TUE 11:30AM-1PM"], "all_days": ["TUE"], "color": "#2a78d6"}}, {"type": "Feature", "geometry": {"type": "LineString", "coordinates": [[-74.00374189989219, 40.63070042759036], [-74.00392007756719, 40.63052856267536]]}, "properties": {"street": "11 AVENUE", "from": "62 STREET", "to": "61 STREET", "side": "E", "zone": "WED_THU", "zone_label": "Wed/Thu", "schedules": ["THU 9:30AM-11AM"], "all_days": ["THU"], "color": "#e34948"}}, {"type": "Feature", "geometry": {"type": "LineString", "coordinates": [[-74.0293971554095, 40.634854145068275], [-74.0296738321825, 40.634170381899274]]}, "properties": {"street": "RIDGE BOULEVARD", "from": "71 STREET", "to": "72 STREET", "side": "W", "zone": "MON_TUE", "zone_label": "Mon/Tue", "schedules": ["MON 9:30AM-11AM"], "all_days": ["MON"], "color": "#2a78d6"}}, {"type": "Feature", "geometry": {"type": "LineString", "coordinates": [[-74.01759708195725, 40.620881854637815], [-74.01719100674363, 40.62063582201543], [-74.01539442809121, 40.61954726609271]]}, "properties": {"street": "81 STREET", "from": "10 AVENUE", "to": "11 AVENUE", "side": "S", "zone": "WED_FRI", "zone_label": "Wed/Fri", "schedules": ["FRI 9:30AM-11AM"], "all_days": ["FRI"], "color": "#eb6834"}}, {"type": "Feature", "geometry": {"type": "LineString", "coordinates": [[-74.01056410819191, 40.60924177253313], [-74.00984951420291, 40.60881019816213]]}, "properties": {"street": "BENSON AVENUE", "from": "BAY   10 STREET", "to": "BAY   11 STREET", "side": "S", "zone": "WED_FRI", "zone_label": "Wed/Fri", "schedules": ["FRI 11:30AM-1PM"], "all_days": ["FRI"], "color": "#eb6834"}}, {"type": "Feature", "geometry": {"type": "LineString", "coordinates": [[-74.00514189343366, 40.606048604110505], [-74.00440031021066, 40.605601435814506]]}, "properties": {"street": "BENSON AVENUE", "from": "18 AVENUE", "to": "BAY   17 STREET", "side": "N", "zone": "MON_TUE", "zone_label": "Mon/Tue", "schedules": ["MON 11:30AM-1PM"], "all_days": ["MON"], "color": "#2a78d6"}}, {"type": "Feature", "geometry": {"type": "LineString", "coordinates": [[-74.00147619491244, 40.615694348103375], [-74.00021846131244, 40.61493401090038]]}, "properties": {"street": "76 STREET", "from": "NEW UTRECHT AVENUE", "to": "16 AVENUE", "side": "S", "zone": "OTHER", "zone_label": "Other", "schedules": ["WED 11:30AM-1PM"], "all_days": ["WED"], "color": "#898781"}}, {"type": "Feature", "geometry": {"type": "LineString", "coordinates": [[-74.00004109166197, 40.62047184101177], [-74.00062356351897, 40.61991315597377]]}, "properties": {"street": "15 AVENUE", "from": "71 STREET", "to": "70 STREET", "side": "E", "zone": "THU_FRI", "zone_label": "Thu/Fri", "schedules": ["FRI 11:30AM-1PM"], "all_days": ["FRI"], "color": "#4a3aa7"}}, {"type": "Feature", "geometry": {"type": "LineString", "coordinates": [[-74.02822927754097, 40.61915459786764], [-74.02732567791098, 40.61870447468964]]}, "properties": {"street": "90 STREET", "from": "GELSTON AVENUE", "to": "5 AVENUE", "side": "S", "zone": "THU_FRI", "zone_label": "Thu/Fri", "schedules": ["THU 11:30AM-1PM"], "all_days": ["THU"], "color": "#4a3aa7"}}, {"type": "Feature", "geometry": {"type": "LineString", "coordinates": [[-74.01975322164631, 40.64257723423658], [-74.01997198573055, 40.64235906393235], [-74.01997707718765, 40.64235398621639], [-74.02033098306076, 40.64200103937128]]}, "properties": {"street": "3 AVENUE", "from": "58 STREET", "to": "59 STREET", "side": "W", "zone": "MON_THU", "zone_label": "Mon/Thu", "schedules": ["MON/THU 12AM-3AM"], "all_days": ["MON", "THU"], "color": "#eda100"}}, {"type": "Feature", "geometry": {"type": "LineString", "coordinates": [[-74.00931533474701, 40.64268404499651], [-74.009897225323, 40.64212456751451]]}, "properties": {"street": "6 AVENUE", "from": "51 STREET", "to": "52 STREET", "side": "W", "zone": "THU_FRI", "zone_label": "Thu/Fri", "schedules": ["THU 11:30AM-1PM"], "all_days": ["THU"], "color": "#4a3aa7"}}, {"type": "Feature", "geometry": {"type": "LineString", "coordinates": [[-74.01662748280306, 40.642538708297984], [-74.01720867221407, 40.64197868059798]]}, "properties": {"street": "4 AVENUE", "from": "56 STREET", "to": "57 STREET", "side": "W", "zone": "OTHER", "zone_label": "Other", "schedules": ["MON 9:30AM-11AM"], "all_days": ["MON"], "color": "#898781"}}, {"type": "Feature", "geometry": {"type": "LineString", "coordinates": [[-74.00891308155354, 40.625830198680305], [-74.00949572694253, 40.62527054204631]]}, "properties": {"street": "11 AVENUE", "from": "70 STREET", "to": "71 STREET", "side": "W", "zone": "WED_THU", "zone_label": "Wed/Thu", "schedules": ["WED 9:30AM-11AM"], "all_days": ["WED"], "color": "#e34948"}}, {"type": "Feature", "geometry": {"type": "LineString", "coordinates": [[-74.01720191882954, 40.641934627095544], [-74.01500673629154, 40.640609091455545]]}, "properties": {"street": "58 STREET", "from": "4 AVENUE", "to": "5 AVENUE", "side": "S", "zone": "WED_THU", "zone_label": "Wed/Thu", "schedules": ["WED 9:30AM-11AM"], "all_days": ["WED"], "color": "#e34948"}}, {"type": "Feature", "geometry": {"type": "LineString", "coordinates": [[-74.02290309676236, 40.61944977634662], [-74.02203077401536, 40.61892230465462]]}, "properties": {"street": "86 STREET", "from": "DAHLGREN PLACE", "to": "BATTERY AVENUE", "side": "S", "zone": "MON_TUE", "zone_label": "Mon/Tue", "schedules": ["TUE 11:30AM-1PM"], "all_days": ["TUE"], "color": "#2a78d6"}}, {"type": "Feature", "geometry": {"type": "LineString", "coordinates": [[-74.02454278888044, 40.64180366919506], [-74.02262771137322, 40.64064358532779], [-74.02248980019509, 40.64059784272418]]}, "properties": {"street": "63 STREET", "from": "3 AVENUE", "to": "2 AVENUE", "side": "N", "zone": "OTHER", "zone_label": "Other", "schedules": ["MON/THU 12AM-3AM"], "all_days": ["MON", "THU"], "color": "#898781"}}, {"type": "Feature", "geometry": {"type": "LineString", "coordinates": [[-74.00827973581661, 40.60786471147242], [-74.00747477369461, 40.60737667479643]]}, "properties": {"street": "BENSON AVENUE", "from": "BAY   13 STREET", "to": "BAY   14 STREET", "side": "S", "zone": "MON_TUE", "zone_label": "Mon/Tue", "schedules": ["TUE 11:30AM-1PM"], "all_days": ["TUE"], "color": "#2a78d6"}}, {"type": "Feature", "geometry": {"type": "LineString", "coordinates": [[-74.0105125418441, 40.609290982066874], [-74.00979794785509, 40.608859407695874]]}, "properties": {"street": "BENSON AVENUE", "from": "BAY   11 STREET", "to": "BAY   10 STREET", "side": "N", "zone": "WED_FRI", "zone_label": "Wed/Fri", "schedules": ["WED 11:30AM-1PM"], "all_days": ["WED"], "color": "#eb6834"}}, {"type": "Feature", "geometry": {"type": "LineString", "coordinates": [[-74.02062631624021, 40.62726014253829], [-74.01898722351721, 40.62627917354829]]}, "properties": {"street": "76 STREET", "from": "7 AVENUE", "to": "6 AVENUE", "side": "S", "zone": "MON_TUE", "zone_label": "Mon/Tue", "schedules": ["TUE 11:30AM-1PM"], "all_days": ["TUE"], "color": "#2a78d6"}}, {"type": "Feature", "geometry": {"type": "LineString", "coordinates": [[-74.00265566106869, 40.60382886918187], [-74.00187099511368, 40.60341385189386]]}, "properties": {"street": "BENSON AVENUE", "from": "BAY   22 STREET", "to": "19 AVENUE", "side": "S", "zone": "OTHER", "zone_label": "Other", "schedules": ["TUE 8:30AM-10AM"], "all_days": ["TUE"], "color": "#898781"}}, {"type": "Feature", "geometry": {"type": "LineString", "coordinates": [[-74.00337780126435, 40.60424813337936], [-74.00460390148636, 40.60306739787136]]}, "properties": {"street": "BAY   20 STREET", "from": "BATH AVENUE", "to": "BENSON AVENUE", "side": "E", "zone": "OTHER", "zone_label": "Other", "schedules": ["TUE 8:30AM-10AM"], "all_days": ["TUE"], "color": "#898781"}}, {"type": "Feature", "geometry": {"type": "LineString", "coordinates": [[-74.02182133596902, 40.624338523470584], [-74.02154153155051, 40.62417112462416], [-74.02065231472656, 40.62363913415922]]}, "properties": {"street": "80 STREET", "from": "7 AVENUE", "to": "6 AVENUE", "side": "S", "zone": "THU_FRI", "zone_label": "Thu/Fri", "schedules": ["FRI 11:30AM-1PM"], "all_days": ["FRI"], "color": "#4a3aa7"}}, {"type": "Feature", "geometry": {"type": "LineString", "coordinates": [[-74.00462975265877, 40.59959576686983], [-74.00390737224177, 40.59916335383483]]}, "properties": {"street": "20 DRIVE", "from": "19 LANE", "to": "20 AVENUE", "side": "S", "zone": "OTHER", "zone_label": "Other", "schedules": ["MON 11:30AM-1PM"], "all_days": ["MON"], "color": "#898781"}}, {"type": "Feature", "geometry": {"type": "LineString", "coordinates": [[-74.00909485078239, 40.63249673326722], [-74.00771517144639, 40.63166290832621]]}, "properties": {"street": "63 STREET", "from": "FT HAMILTON PARKWAY", "to": "9 AVENUE", "side": "N", "zone": "WED_THU", "zone_label": "Wed/Thu", "schedules": ["WED 11:30AM-1PM"], "all_days": ["WED"], "color": "#e34948"}}, {"type": "Feature", "geometry": {"type": "LineString", "coordinates": [[-74.00207910503653, 40.59974942730935], [-74.00140637080654, 40.59927995040235]]}, "properties": {"street": "CROPSEY AVENUE", "from": "BAY   26 STREET", "to": "BAY   25 STREET", "side": "N", "zone": "OTHER", "zone_label": "Other", "schedules": ["WED 9:30AM-11AM"], "all_days": ["WED"], "color": "#898781"}}, {"type": "Feature", "geometry": {"type": "LineString", "coordinates": [[-74.01376009231298, 40.63151377881006], [-74.01435600515197, 40.63093897633806]]}, "properties": {"street": "8 AVENUE", "from": "67 STREET", "to": "68 STREET", "side": "W", "zone": "WED_THU", "zone_label": "Wed/Thu", "schedules": ["WED 11:30AM-1PM"], "all_days": ["WED"], "color": "#e34948"}}, {"type": "Feature", "geometry": {"type": "LineString", "coordinates": [[-74.00056369713273, 40.623517628264466], [-74.00123604606473, 40.622870400880466]]}, "properties": {"street": "14 AVENUE", "from": "67 STREET", "to": "OVINGTON AVENUE", "side": "W", "zone": "WED_THU", "zone_label": "Wed/Thu", "schedules": ["WED 8:30AM-10AM"], "all_days": ["WED"], "color": "#e34948"}}, {"type": "Feature", "geometry": {"type": "LineString", "coordinates": [[-74.00441927018827, 40.598635427608585], [-74.00496106712527, 40.598118054902585]]}, "properties": {"street": "20 AVENUE", "from": "SHORE PARKWAY", "to": "20 LANE", "side": "E", "zone": "MON_TUE", "zone_label": "Mon/Tue", "schedules": ["TUE 11:30AM-1PM"], "all_days": ["TUE"], "color": "#2a78d6"}}, {"type": "Feature", "geometry": {"type": "LineString", "coordinates": [[-74.0075667495623, 40.616683301460014], [-74.0081455563313, 40.616122021167016]]}, "properties": {"street": "14 AVENUE", "from": "80 STREET", "to": "79 STREET", "side": "E", "zone": "WED_FRI", "zone_label": "Wed/Fri", "schedules": ["FRI 8:30AM-10AM"], "all_days": ["FRI"], "color": "#eb6834"}}, {"type": "Feature", "geometry": {"type": "LineString", "coordinates": [[-74.00809733537847, 40.629962580668504], [-74.00872260414147, 40.6293599968025]]}, "properties": {"street": "10 AVENUE", "from": "66 STREET", "to": "65 STREET", "side": "E", "zone": "WED_THU", "zone_label": "Wed/Thu", "schedules": ["THU 9:30AM-11AM"], "all_days": ["THU"], "color": "#e34948"}}, {"type": "Feature", "geometry": {"type": "LineString", "coordinates": [[-74.0082105972657, 40.616160963061496], [-74.0087941218597, 40.6156036056685]]}, "properties": {"street": "14 AVENUE", "from": "80 STREET", "to": "81 STREET", "side": "W", "zone": "WED_FRI", "zone_label": "Wed/Fri", "schedules": ["WED 8:30AM-10AM"], "all_days": ["WED"], "color": "#eb6834"}}, {"type": "Feature", "geometry": {"type": "LineString", "coordinates": [[-74.02085668254577, 40.62654184194318], [-74.0209468416675, 40.626322728764755], [-74.02100630530026, 40.626178229316544], [-74.0210637129817, 40.62603871112656], [-74.0211558423986, 40.62581479787838]]}, "properties": {"street": "6 AVENUE", "from": "78 STREET", "to": "77 STREET", "side": "E", "zone": "MON_TUE", "zone_label": "Mon/Tue", "schedules": ["TUE 11:30AM-1PM"], "all_days": ["TUE"], "color": "#2a78d6"}}, {"type": "Feature", "geometry": {"type": "LineString", "coordinates": [[-74.01656237558093, 40.64249980506202], [-74.01714356499194, 40.64193977736202]]}, "properties": {"street": "4 AVENUE", "from": "58 STREET", "to": "57 STREET", "side": "E", "zone": "OTHER", "zone_label": "Other", "schedules": ["FRI 9:30AM-11AM"], "all_days": ["FRI"], "color": "#898781"}}, {"type": "Feature", "geometry": {"type": "LineString", "coordinates": [[-74.0247535852297, 40.6315040292255], [-74.0250482942437, 40.63083022373551]]}, "properties": {"street": "4 AVENUE", "from": "BAY RIDGE PARKWAY", "to": "74 STREET", "side": "E", "zone": "THU_FRI", "zone_label": "Thu/Fri", "schedules": ["FRI 8:30AM-10AM"], "all_days": ["FRI"], "color": "#4a3aa7"}}, {"type": "Feature", "geometry": {"type": "LineString", "coordinates": [[-74.01001065521679, 40.62467496255866], [-74.01026539505007, 40.624429647782954], [-74.01034716840472, 40.62435089051177], [-74.0105928671538, 40.624114273979394]]}, "properties": {"street": "11 AVENUE", "from": "73 STREET", "to": "72 STREET", "side": "E", "zone": "WED_THU", "zone_label": "Wed/Thu", "schedules": ["THU 9:30AM-11AM"], "all_days": ["THU"], "color": "#e34948"}}, {"type": "Feature", "geometry": {"type": "LineString", "coordinates": [[-74.03156492319351, 40.63665181935608], [-74.03108926018344, 40.636500283365166], [-74.0306833055284, 40.63637096070399]]}, "properties": {"street": "70 STREET", "from": "COLONIAL ROAD", "to": "RIDGECREST TERRACE", "side": "S", "zone": "MON_TUE", "zone_label": "Mon/Tue", "schedules": ["TUE 9:30AM-11AM"], "all_days": ["TUE"], "color": "#2a78d6"}}, {"type": "Feature", "geometry": {"type": "LineString", "coordinates": [[-74.01374243531629, 40.60851152851991], [-74.01299872260529, 40.608063263293914]]}, "properties": {"street": "BATH AVENUE", "from": "15 AVENUE", "to": "BAY    8 STREET", "side": "N", "zone": "WED_FRI", "zone_label": "Wed/Fri", "schedules": ["FRI 11:30AM-1PM"], "all_days": ["FRI"], "color": "#eb6834"}}, {"type": "Feature", "geometry": {"type": "LineString", "coordinates": [[-74.0182854853301, 40.63305106907047], [-74.01857032539411, 40.63235107708347]]}, "properties": {"street": "6 AVENUE", "from": "68 STREET", "to": "BAY RIDGE AVENUE", "side": "W", "zone": "MON_TUE", "zone_label": "Mon/Tue", "schedules": ["MON 11:30AM-1PM"], "all_days": ["MON"], "color": "#2a78d6"}}, {"type": "Feature", "geometry": {"type": "LineString", "coordinates": [[-74.03210869189401, 40.636854003874205], [-74.03246680653301, 40.63619489396321]]}, "properties": {"street": "LOUISE TERRACE", "from": "MACKAY PLACE", "to": "70 STREET", "side": "E", "zone": "MON_TUE", "zone_label": "Mon/Tue", "schedules": ["TUE 9:30AM-11AM"], "all_days": ["TUE"], "color": "#2a78d6"}}, {"type": "Feature", "geometry": {"type": "LineString", "coordinates": [[-74.02384508006051, 40.633723279556726], [-74.0241994849305, 40.632857823994726]]}, "properties": {"street": "4 AVENUE", "from": "72 STREET", "to": "OVINGTON AVENUE", "side": "E", "zone": "MON_TUE", "zone_label": "Mon/Tue", "schedules": ["TUE 8:30AM-10AM"], "all_days": ["TUE"], "color": "#2a78d6"}}, {"type": "Feature", "geometry": {"type": "LineString", "coordinates": [[-74.02733226254506, 40.61322996069852], [-74.02750643000905, 40.61293262772952]]}, "properties": {"street": "DAHLGREEN PLACE", "from": "DEAD END", "to": "FT HILL PLACE", "side": "E", "zone": "MON_TUE", "zone_label": "Mon/Tue", "schedules": ["TUE 11:30AM-1PM"], "all_days": ["TUE"], "color": "#2a78d6"}}, {"type": "Feature", "geometry": {"type": "LineString", "coordinates": [[-74.02633861509378, 40.618288397781384], [-74.02590829728406, 40.618075162002], [-74.02586921954618, 40.618055791258875], [-74.0255062665544, 40.617875921327276]]}, "properties": {"street": "90 STREET", "from": "GATLING PLACE", "to": "FT HAMILTON PARKWAY", "side": "N", "zone": "THU_FRI", "zone_label": "Thu/Fri", "schedules": ["FRI 11:30AM-1PM"], "all_days": ["FRI"], "color": "#4a3aa7"}}, {"type": "Feature", "geometry": {"type": "LineString", "coordinates": [[-74.01417166160944, 40.62067349131952], [-74.01475365017943, 40.620113546134526]]}, "properties": {"street": "11 AVENUE", "from": "80 STREET", "to": "79 STREET", "side": "E", "zone": "WED_FRI", "zone_label": "Wed/Fri", "schedules": ["FRI 9:30AM-11AM"], "all_days": ["FRI"], "color": "#eb6834"}}, {"type": "Feature", "geometry": {"type": "LineString", "coordinates": [[-74.03312210202284, 40.625625268302855], [-74.03044095666485, 40.624988152748855]]}, "properties": {"street": "84 STREET", "from": "RIDGE BOULEVARD", "to": "COLONIAL ROAD", "side": "S", "zone": "MON_TUE", "zone_label": "Mon/Tue", "schedules": ["TUE 9:30AM-11AM"], "all_days": ["TUE"], "color": "#2a78d6"}}, {"type": "Feature", "geometry": {"type": "LineString", "coordinates": [[-74.0038781098736, 40.60265017543934], [-74.0030919387316, 40.60224245132834]]}, "properties": {"street": "BATH AVENUE", "from": "19 AVENUE", "to": "BAY   22 STREET", "side": "S", "zone": "OTHER", "zone_label": "Other", "schedules": ["TUE 7:30AM-8AM"], "all_days": ["TUE"], "color": "#898781"}}, {"type": "Feature", "geometry": {"type": "LineString", "coordinates": [[-74.01276393501763, 40.61057185551253], [-74.01204827238263, 40.61014041175253]]}, "properties": {"street": "BENSON AVENUE", "from": "BAY    7 STREET", "to": "BAY    8 STREET", "side": "S", "zone": "WED_FRI", "zone_label": "Wed/Fri", "schedules": ["FRI 11:30AM-1PM"], "all_days": ["FRI"], "color": "#eb6834"}}, {"type": "Feature", "geometry": {"type": "LineString", "coordinates": [[-74.00885861009189, 40.63967236264078], [-74.00944233451689, 40.63911247249878]]}, "properties": {"street": "7 AVENUE", "from": "55 STREET", "to": "56 STREET", "side": "W", "zone": "THU_FRI", "zone_label": "Thu/Fri", "schedules": ["FRI 11:30AM-1PM"], "all_days": ["FRI"], "color": "#4a3aa7"}}, {"type": "Feature", "geometry": {"type": "LineString", "coordinates": [[-74.00916774522817, 40.605747341715436], [-74.00834465346017, 40.60525042408044]]}, "properties": {"street": "BATH AVENUE", "from": "17 AVENUE", "to": "BAY   14 STREET", "side": "N", "zone": "OTHER", "zone_label": "Other", "schedules": ["MON/TUE/THU/FRI 7:30AM-8AM"], "all_days": ["MON", "TUE", "THU", "FRI"], "color": "#898781"}}, {"type": "Feature", "geometry": {"type": "LineString", "coordinates": [[-74.00458278175743, 40.63344194913275], [-74.00518700621643, 40.63286069202575]]}, "properties": {"street": "10 AVENUE", "from": "59 STREET", "to": "60 STREET", "side": "W", "zone": "MON_THU", "zone_label": "Mon/Thu", "schedules": ["MON 8:30AM-10AM"], "all_days": ["MON"], "color": "#eda100"}}, {"type": "Feature", "geometry": {"type": "LineString", "coordinates": [[-74.0286746611244, 40.63652510223483], [-74.02790481910739, 40.63628784261683]]}, "properties": {"street": "BAY RIDGE AVENUE", "from": "RIDGE BOULEVARD", "to": "BAY RIDGE PLACE", "side": "S", "zone": "MON_TUE", "zone_label": "Mon/Tue", "schedules": ["TUE 8:30AM-10AM"], "all_days": ["TUE"], "color": "#2a78d6"}}, {"type": "Feature", "geometry": {"type": "LineString", "coordinates": [[-74.02203044163329, 40.618922105875335], [-74.02124225900229, 40.61845541529934]]}, "properties": {"street": "86 STREET", "from": "BATTERY AVENUE", "to": "7 AVENUE", "side": "S", "zone": "MON_TUE", "zone_label": "Mon/Tue", "schedules": ["TUE 11:30AM-1PM"], "all_days": ["TUE"], "color": "#2a78d6"}}, {"type": "Feature", "geometry": {"type": "LineString", "coordinates": [[-74.00085786405732, 40.61634130092052], [-74.00148294086833, 40.615738387189516]]}, "properties": {"street": "16 AVENUE", "from": "BAY RIDGE PARKWAY", "to": "76 STREET", "side": "W", "zone": "OTHER", "zone_label": "Other", "schedules": ["WED 11:30AM-1PM"], "all_days": ["WED"], "color": "#898781"}}, {"type": "Feature", "geometry": {"type": "LineString", "coordinates": [[-74.03375577488657, 40.62407718319244], [-74.03107357515057, 40.62344110906244]]}, "properties": {"street": "86 STREET", "from": "COLONIAL ROAD", "to": "RIDGE BOULEVARD", "side": "S", "zone": "THU_FRI", "zone_label": "Thu/Fri", "schedules": ["THU 8:30AM-10AM"], "all_days": ["THU"], "color": "#4a3aa7"}}, {"type": "Feature", "geometry": {"type": "LineString", "coordinates": [[-74.034930204956, 40.61536739741281], [-74.034574813959, 40.61493063504681]]}, "properties": {"street": "MARINE AVENUE", "from": "97 STREET", "to": "98 STREET", "side": "W", "zone": "OTHER", "zone_label": "Other", "schedules": ["FRI 9:30AM-11AM"], "all_days": ["FRI"], "color": "#898781"}}, {"type": "Feature", "geometry": {"type": "LineString", "coordinates": [[-74.00826843025938, 40.62635027726206], [-74.00850550918636, 40.626121617783014], [-74.00884802399884, 40.62579126292944]]}, "properties": {"street": "11 AVENUE", "from": "70 STREET", "to": "BAY RIDGE AVENUE", "side": "E", "zone": "WED_THU", "zone_label": "Wed/Thu", "schedules": ["THU 9:30AM-11AM"], "all_days": ["THU"], "color": "#e34948"}}, {"type": "Feature", "geometry": {"type": "LineString", "coordinates": [[-74.00305899979662, 40.617672327753475], [-74.00368581826062, 40.61706884370648]]}, "properties": {"street": "15 AVENUE", "from": "BAY RIDGE PARKWAY", "to": "76 STREET", "side": "W", "zone": "OTHER", "zone_label": "Other", "schedules": ["MON 11:30AM-1PM"], "all_days": ["MON"], "color": "#898781"}}, {"type": "Feature", "geometry": {"type": "LineString", "coordinates": [[-74.00975768466468, 40.60389474773476], [-74.00897259638268, 40.60348391306976]]}, "properties": {"street": "CROPSEY AVENUE", "from": "17 AVENUE", "to": "BAY   14 STREET", "side": "N", "zone": "MON_TUE", "zone_label": "Mon/Tue", "schedules": ["MON 11:30AM-1PM"], "all_days": ["MON"], "color": "#2a78d6"}}, {"type": "Feature", "geometry": {"type": "LineString", "coordinates": [[-74.0101292296307, 40.63490119908926], [-74.01024458057115, 40.63478921650152], [-74.0104724930044, 40.634567957205114]]}, "properties": {"street": "8 AVENUE", "from": "62 STREET", "to": "61 STREET", "side": "E", "zone": "OTHER", "zone_label": "Other", "schedules": ["THU 11:30AM-1PM"], "all_days": ["THU"], "color": "#898781"}}, {"type": "Feature", "geometry": {"type": "LineString", "coordinates": [[-74.0122791606513, 40.62604330300391], [-74.0128611296873, 40.62548343120891]]}, "properties": {"street": "10 AVENUE", "from": "72 STREET", "to": "73 STREET", "side": "W", "zone": "WED_THU", "zone_label": "Wed/Thu", "schedules": ["WED 9:30AM-11AM"], "all_days": ["WED"], "color": "#e34948"}}, {"type": "Feature", "geometry": {"type": "LineString", "coordinates": [[-74.00425443417413, 40.6091790224495], [-74.00351384953312, 40.6087310018495]]}, "properties": {"street": "85 STREET", "from": "17 AVENUE", "to": "BAY   16 STREET", "side": "S", "zone": "OTHER", "zone_label": "Other", "schedules": ["TUE 8:30AM-10AM"], "all_days": ["TUE"], "color": "#898781"}}, {"type": "Feature", "geometry": {"type": "LineString", "coordinates": [[-74.01159315204627, 40.6071323881193], [-74.01085046208527, 40.6066843698453]]}, "properties": {"street": "BATH AVENUE", "from": "BAY   11 STREET", "to": "16 AVENUE", "side": "S", "zone": "MON_TUE", "zone_label": "Mon/Tue", "schedules": ["MON 11:30AM-1PM"], "all_days": ["MON"], "color": "#2a78d6"}}, {"type": "Feature", "geometry": {"type": "LineString", "coordinates": [[-74.03473449946955, 40.63608505862462], [-74.03370614165574, 40.635843106960664], [-74.03317654427158, 40.63571849400427], [-74.03205003805255, 40.63545343024609]]}, "properties": {"street": "71 STREET", "from": "NARROWS AVENUE", "to": "SHORE ROAD", "side": "S", "zone": "MON_TUE", "zone_label": "Mon/Tue", "schedules": ["TUE 9:30AM-11AM"], "all_days": ["TUE"], "color": "#2a78d6"}}, {"type": "Feature", "geometry": {"type": "LineString", "coordinates": [[-74.03470996086645, 40.636145119915376], [-74.03368160247426, 40.635903168115334], [-74.03315200398842, 40.63577855489972], [-74.03202549777944, 40.63551349114391]]}, "properties": {"street": "71 STREET", "from": "NARROWS AVENUE", "to": "SHORE ROAD", "side": "N", "zone": "MON_TUE", "zone_label": "Mon/Tue", "schedules": ["MON 9:30AM-11AM"], "all_days": ["MON"], "color": "#2a78d6"}}, {"type": "Feature", "geometry": {"type": "LineString", "coordinates": [[-74.02392514541663, 40.6423148763381], [-74.02453683243763, 40.6417589473711]]}, "properties": {"street": "2 AVENUE", "from": "63 STREET", "to": "62 STREET", "side": "E", "zone": "MON_THU", "zone_label": "Mon/Thu", "schedules": ["MON/THU 12AM-3AM"], "all_days": ["MON", "THU"], "color": "#eda100"}}, {"type": "Feature", "geometry": {"type": "LineString", "coordinates": [[-74.00185224761641, 40.61040878993892], [-74.00152903293942, 40.61024085615892]]}, "properties": {"street": "82 STREET", "from": "NEW UTRECHT AVENUE", "to": "BAY   16 STREET", "side": "N", "zone": "MON_TUE", "zone_label": "Mon/Tue", "schedules": ["MON 11:30AM-1PM"], "all_days": ["MON"], "color": "#2a78d6"}}, {"type": "Feature", "geometry": {"type": "LineString", "coordinates": [[-74.00554030520132, 40.63311594323332], [-74.00512858478832, 40.632865761652326]]}, "properties": {"street": "60 STREET", "from": "10 AVENUE", "to": "FT HAMILTON PARKWAY", "side": "N", "zone": "OTHER", "zone_label": "Other", "schedules": ["MON 8:30AM-10AM"], "all_days": ["MON"], "color": "#898781"}}, {"type": "Feature", "geometry": {"type": "LineString", "coordinates": [[-74.02023893166071, 40.62806096760277], [-74.02056111179171, 40.62727548584577]]}, "properties": {"street": "6 AVENUE", "from": "BAY RIDGE PARKWAY", "to": "74 STREET", "side": "E", "zone": "MON_TUE", "zone_label": "Mon/Tue", "schedules": ["TUE 11:30AM-1PM"], "all_days": ["TUE"], "color": "#2a78d6"}}, {"type": "Feature", "geometry": {"type": "LineString", "coordinates": [[-74.00205865940288, 40.6151363324461], [-74.00042458058888, 40.6141492882781]]}, "properties": {"street": "77 STREET", "from": "NEW UTRECHT AVENUE", "to": "17 AVENUE", "side": "S", "zone": "OTHER", "zone_label": "Other", "schedules": ["WED 11:30AM-1PM"], "all_days": ["WED"], "color": "#898781"}}, {"type": "Feature", "geometry": {"type": "LineString", "coordinates": [[-74.01471959139711, 40.60640657040431], [-74.0139351395981, 40.60599823636731]]}, "properties": {"street": "CROPSEY AVENUE", "from": "15 AVENUE", "to": "BAY   10 STREET", "side": "S", "zone": "WED_FRI", "zone_label": "Wed/Fri", "schedules": ["FRI 11:30AM-1PM"], "all_days": ["FRI"], "color": "#eb6834"}}, {"type": "Feature", "geometry": {"type": "LineString", "coordinates": [[-74.00252036733936, 40.64226858832063], [-74.00031671809136, 40.640938144682636]]}, "properties": {"street": "48 STREET", "from": "9 AVENUE", "to": "10 AVENUE", "side": "N", "zone": "MON_THU", "zone_label": "Mon/Thu", "schedules": ["MON 8:30AM-10AM"], "all_days": ["MON"], "color": "#eda100"}}, {"type": "Feature", "geometry": {"type": "LineString", "coordinates": [[-74.02579741687603, 40.63729495318484], [-74.02552154484879, 40.637543186224995], [-74.02547806117968, 40.637626486992176], [-74.02537511869005, 40.637645569922555], [-74.02527448114357, 40.63764818123653]]}, "properties": {"street": "SENATOR STREET", "from": "SENATOR STREET", "to": "3 AVENUE", "side": "N", "zone": "MON_TUE", "zone_label": "Mon/Tue", "schedules": ["MON 8:30AM-10AM"], "all_days": ["MON"], "color": "#2a78d6"}}, {"type": "Feature", "geometry": {"type": "LineString", "coordinates": [[-74.0115249538586, 40.60474249885178], [-74.01118126456332, 40.60456031187536], [-74.0107643869036, 40.604339318897246]]}, "properties": {"street": "CROPSEY AVENUE", "from": "BAY   13 STREET", "to": "BAY   14 STREET", "side": "S", "zone": "MON_TUE", "zone_label": "Mon/Tue", "schedules": ["TUE 11:30AM-1PM"], "all_days": ["TUE"], "color": "#2a78d6"}}, {"type": "Feature", "geometry": {"type": "LineString", "coordinates": [[-74.03141408230415, 40.61253417531247], [-74.03189252129215, 40.611977350435474]]}, "properties": {"street": "FORT HAMILTON PARKWAY", "from": "99 STREET", "to": "100 STREET", "side": "W", "zone": "OTHER", "zone_label": "Other", "schedules": ["FRI 11:30AM-1PM"], "all_days": ["FRI"], "color": "#898781"}}, {"type": "Feature", "geometry": {"type": "LineString", "coordinates": [[-74.01036374956314, 40.63132920984072], [-74.01100416082313, 40.63070949406573]]}, "properties": {"street": "9 AVENUE", "from": "65 STREET", "to": "66 STREET", "side": "W", "zone": "WED_THU", "zone_label": "Wed/Thu", "schedules": ["WED 11:30AM-1PM"], "all_days": ["WED"], "color": "#e34948"}}, {"type": "Feature", "geometry": {"type": "LineString", "coordinates": [[-74.00189903038158, 40.610356897973084], [-74.00157581570458, 40.61018896419308]]}, "properties": {"street": "82 STREET", "from": "NEW UTRECHT AVENUE", "to": "BAY   16 STREET", "side": "S", "zone": "MON_TUE", "zone_label": "Mon/Tue", "schedules": ["TUE 11:30AM-1PM"], "all_days": ["TUE"], "color": "#2a78d6"}}, {"type": "Feature", "geometry": {"type": "LineString", "coordinates": [[-74.02175644053072, 40.620663127200054], [-74.02122559924693, 40.62034060564745], [-74.02062203247546, 40.61997388883765]]}, "properties": {"street": "84 STREET", "from": "7 AVENUE", "to": "DYKER PLACE", "side": "S", "zone": "WED_FRI", "zone_label": "Wed/Fri", "schedules": ["FRI 11:30AM-1PM"], "all_days": ["FRI"], "color": "#eb6834"}}, {"type": "Feature", "geometry": {"type": "LineString", "coordinates": [[-74.02125519075355, 40.61849197713859], [-74.02149178374655, 40.618047183450585]]}, "properties": {"street": "7 AVENUE", "from": "86 STREET", "to": "PARROTT PLACE", "side": "W", "zone": "OTHER", "zone_label": "Other", "schedules": ["MON 11:30AM-1PM"], "all_days": ["MON"], "color": "#898781"}}, {"type": "Feature", "geometry": {"type": "LineString", "coordinates": [[-74.00149005179537, 40.62597210076702], [-74.00211696238937, 40.62536858926002]]}, "properties": {"street": "13 AVENUE", "from": "66 STREET", "to": "65 STREET", "side": "E", "zone": "WED_THU", "zone_label": "Wed/Thu", "schedules": ["THU 8:30AM-10AM"], "all_days": ["THU"], "color": "#e34948"}}, {"type": "Feature", "geometry": {"type": "LineString", "coordinates": [[-74.00254164253363, 40.628457833202376], [-74.00034078845563, 40.627128206546374]]}, "properties": {"street": "63 STREET", "from": "13 AVENUE", "to": "12 AVENUE", "side": "S", "zone": "WED_THU", "zone_label": "Wed/Thu", "schedules": ["THU 8:30AM-10AM"], "all_days": ["THU"], "color": "#e34948"}}, {"type": "Feature", "geometry": {"type": "LineString", "coordinates": [[-74.00307375603373, 40.62794874729043], [-74.00087004853373, 40.62661720500343]]}, "properties": {"street": "64 STREET", "from": "12 AVENUE", "to": "13 AVENUE", "side": "N", "zone": "WED_THU", "zone_label": "Wed/Thu", "schedules": ["WED 8:30AM-10AM"], "all_days": ["WED"], "color": "#e34948"}}, {"type": "Feature", "geometry": {"type": "LineString", "coordinates": [[-74.01001739333519, 40.62471902505145], [-74.00781474041318, 40.62338842566945]]}, "properties": {"street": "72 STREET", "from": "12 AVENUE", "to": "11 AVENUE", "side": "N", "zone": "WED_THU", "zone_label": "Wed/Thu", "schedules": ["WED 9:30AM-11AM"], "all_days": ["WED"], "color": "#e34948"}}, {"type": "Feature", "geometry": {"type": "LineString", "coordinates": [[-74.01222086138257, 40.626048441195536], [-74.01001741240557, 40.62471903687454]]}, "properties": {"street": "72 STREET", "from": "11 AVENUE", "to": "10 AVENUE", "side": "N", "zone": "WED_THU", "zone_label": "Wed/Thu", "schedules": ["WED 9:30AM-11AM"], "all_days": ["WED"], "color": "#e34948"}}, {"type": "Feature", "geometry": {"type": "LineString", "coordinates": [[-74.00542383045094, 40.615346481360945], [-74.00361736397502, 40.61425687112234], [-74.00322278429915, 40.614018862823556]]}, "properties": {"street": "79 STREET", "from": "15 AVENUE", "to": "16 AVENUE", "side": "S", "zone": "THU_FRI", "zone_label": "Thu/Fri", "schedules": ["FRI 11:30AM-1PM"], "all_days": ["FRI"], "color": "#4a3aa7"}}, {"type": "Feature", "geometry": {"type": "LineString", "coordinates": [[-74.01661663583678, 40.62871279423183], [-74.01426014186178, 40.62727990712183]]}, "properties": {"street": "72 STREET", "from": "FT HAMILTON PARKWAY", "to": "8 AVENUE", "side": "N", "zone": "WED_THU", "zone_label": "Wed/Thu", "schedules": ["WED 11:30AM-1PM"], "all_days": ["WED"], "color": "#e34948"}}, {"type": "Feature", "geometry": {"type": "LineString", "coordinates": [[-74.01426025167972, 40.62727997337861], [-74.01222084632673, 40.62604843241761]]}, "properties": {"street": "72 STREET", "from": "10 AVENUE", "to": "FT HAMILTON PARKWAY", "side": "N", "zone": "WED_THU", "zone_label": "Wed/Thu", "schedules": ["WED 9:30AM-11AM"], "all_days": ["WED"], "color": "#e34948"}}, {"type": "Feature", "geometry": {"type": "LineString", "coordinates": [[-74.01407793349155, 40.63455238484506], [-74.01472338101955, 40.633950036391056]]}, "properties": {"street": "7 AVENUE", "from": "65 STREET", "to": "64 STREET", "side": "E", "zone": "OTHER", "zone_label": "Other", "schedules": ["THU 11:30AM-1PM"], "all_days": ["THU"], "color": "#898781"}}, {"type": "Feature", "geometry": {"type": "LineString", "coordinates": [[-74.0191139763216, 40.64032503644442], [-74.01969355457861, 40.63976986770243]]}, "properties": {"street": "4 AVENUE", "from": "61 STREET", "to": "62 STREET", "side": "W", "zone": "OTHER", "zone_label": "Other", "schedules": ["MON 9:30AM-11AM"], "all_days": ["MON"], "color": "#898781"}}, {"type": "Feature", "geometry": {"type": "LineString", "coordinates": [[-74.00304504491105, 40.602294282249694], [-74.00229279123005, 40.601899736273694]]}, "properties": {"street": "BATH AVENUE", "from": "BAY   23 STREET", "to": "BAY   22 STREET", "side": "N", "zone": "OTHER", "zone_label": "Other", "schedules": ["MON 7:30AM-8AM"], "all_days": ["MON"], "color": "#898781"}}, {"type": "Feature", "geometry": {"type": "LineString", "coordinates": [[-74.00645781783231, 40.60956982718124], [-74.00822135685232, 40.607869826497236]]}, "properties": {"street": "BAY   13 STREET", "from": "86 STREET", "to": "BENSON AVENUE", "side": "E", "zone": "MON_TUE", "zone_label": "Mon/Tue", "schedules": ["TUE 11:30AM-1PM"], "all_days": ["TUE"], "color": "#2a78d6"}}, {"type": "Feature", "geometry": {"type": "LineString", "coordinates": [[-74.01902443300654, 40.63103741250146], [-74.01922067084354, 40.63055843818246]]}, "properties": {"street": "6 AVENUE", "from": "72 STREET", "to": "71 STREET", "side": "E", "zone": "MON_TUE", "zone_label": "Mon/Tue", "schedules": ["TUE 11:30AM-1PM"], "all_days": ["TUE"], "color": "#2a78d6"}}, {"type": "Feature", "geometry": {"type": "LineString", "coordinates": [[-74.00652288902168, 40.60960873314476], [-74.00828642804169, 40.60790873246076]]}, "properties": {"street": "BAY   13 STREET", "from": "86 STREET", "to": "BENSON AVENUE", "side": "W", "zone": "MON_TUE", "zone_label": "Mon/Tue", "schedules": ["MON 11:30AM-1PM"], "all_days": ["MON"], "color": "#2a78d6"}}, {"type": "Feature", "geometry": {"type": "LineString", "coordinates": [[-74.0122141160387, 40.626004354966085], [-74.0127960850747, 40.62544448317109]]}, "properties": {"street": "10 AVENUE", "from": "73 STREET", "to": "72 STREET", "side": "E", "zone": "WED_THU", "zone_label": "Wed/Thu", "schedules": ["THU 9:30AM-11AM"], "all_days": ["THU"], "color": "#e34948"}}, {"type": "Feature", "geometry": {"type": "LineString", "coordinates": [[-74.03465363166768, 40.62908382015629], [-74.03197036027268, 40.628448803546284]]}, "properties": {"street": "80 STREET", "from": "COLONIAL ROAD", "to": "NARROWS AVENUE", "side": "S", "zone": "MON_TUE", "zone_label": "Mon/Tue", "schedules": ["TUE 9:30AM-11AM"], "all_days": ["TUE"], "color": "#2a78d6"}}, {"type": "Feature", "geometry": {"type": "LineString", "coordinates": [[-74.00652310212989, 40.62802846380078], [-74.0071040021039, 40.62746989070578]]}, "properties": {"street": "11 AVENUE", "from": "67 STREET", "to": "66 STREET", "side": "E", "zone": "DAILY", "zone_label": "Daily (except Sun)", "schedules": ["THU 9:30AM-11AM"], "all_days": ["THU"], "color": "#e87ba4"}}, {"type": "Feature", "geometry": {"type": "LineString", "coordinates": [[-74.02918724354319, 40.640758483442646], [-74.02843253236219, 40.64030539661665]]}, "properties": {"street": "WAKEMAN PLACE", "from": "COLONIAL ROAD", "to": "SEDGWICK PLACE", "side": "S", "zone": "MON_TUE", "zone_label": "Mon/Tue", "schedules": ["TUE 9:30AM-11AM"], "all_days": ["TUE"], "color": "#2a78d6"}}, {"type": "Feature", "geometry": {"type": "LineString", "coordinates": [[-74.00694799445037, 40.631117443173075], [-74.00474482492838, 40.629788027648075]]}, "properties": {"street": "63 STREET", "from": "11 AVENUE", "to": "10 AVENUE", "side": "S", "zone": "WED_THU", "zone_label": "Wed/Thu", "schedules": ["THU 9:30AM-11AM"], "all_days": ["THU"], "color": "#e34948"}}, {"type": "Feature", "geometry": {"type": "LineString", "coordinates": [[-74.01205501828008, 40.61018451951821], [-74.01380068800708, 40.6085063906942]]}, "properties": {"street": "BAY    8 STREET", "from": "BENSON AVENUE", "to": "BATH AVENUE", "side": "W", "zone": "WED_FRI", "zone_label": "Wed/Fri", "schedules": ["WED 11:30AM-1PM"], "all_days": ["WED"], "color": "#eb6834"}}, {"type": "Feature", "geometry": {"type": "LineString", "coordinates": [[-74.01858792527982, 40.62989229664025], [-74.01777783453981, 40.62939959750225]]}, "properties": {"street": "72 STREET", "from": "7 AVENUE", "to": "6 AVENUE", "side": "N", "zone": "OTHER", "zone_label": "Other", "schedules": ["MON 11:30AM-1PM"], "all_days": ["MON"], "color": "#898781"}}, {"type": "Feature", "geometry": {"type": "LineString", "coordinates": [[-74.02843932577436, 40.64034955440959], [-74.02862990708105, 40.640166656041686], [-74.02944363097957, 40.639385682773664]]}, "properties": {"street": "SEDGWICK PLACE", "from": "67 STREET", "to": "WAKEMAN PLACE", "side": "W", "zone": "MON_TUE", "zone_label": "Mon/Tue", "schedules": ["MON 9:30AM-11AM"], "all_days": ["MON"], "color": "#2a78d6"}}, {"type": "Feature", "geometry": {"type": "LineString", "coordinates": [[-74.01546418124657, 40.629824966057086], [-74.01283294642457, 40.62823919618708]]}, "properties": {"street": "70 STREET", "from": "FT HAMILTON PARKWAY", "to": "8 AVENUE", "side": "N", "zone": "WED_THU", "zone_label": "Wed/Thu", "schedules": ["WED 11:30AM-1PM"], "all_days": ["WED"], "color": "#e34948"}}, {"type": "Feature", "geometry": {"type": "LineString", "coordinates": [[-74.00603919791887, 40.61130742164501], [-74.00345020199687, 40.609951432951014]]}, "properties": {"street": "84 STREET", "from": "16 AVENUE", "to": "17 AVENUE", "side": "S", "zone": "MON_TUE", "zone_label": "Mon/Tue", "schedules": ["TUE 11:30AM-1PM"], "all_days": ["TUE"], "color": "#2a78d6"}}, {"type": "Feature", "geometry": {"type": "LineString", "coordinates": [[-74.0314807055986, 40.615321530449464], [-74.0319130968616, 40.61480579054546]]}, "properties": {"street": "4 AVENUE", "from": "97 STREET", "to": "95 STREET", "side": "E", "zone": "MON_TUE", "zone_label": "Mon/Tue", "schedules": ["TUE 9:30AM-11AM"], "all_days": ["TUE"], "color": "#2a78d6"}}, {"type": "Feature", "geometry": {"type": "LineString", "coordinates": [[-74.00063262523896, 40.63379320859481], [-74.00121170962896, 40.633238025237816]]}, "properties": {"street": "11 AVENUE", "from": "56 STREET", "to": "57 STREET", "side": "W", "zone": "MON_THU", "zone_label": "Mon/Thu", "schedules": ["THU 8:30AM-10AM"], "all_days": ["THU"], "color": "#eda100"}}, {"type": "Feature", "geometry": {"type": "LineString", "coordinates": [[-74.01849118040413, 40.6323324629784], [-74.01859143270683, 40.632087827434056], [-74.01885595947984, 40.63144232078476]]}, "properties": {"street": "6 AVENUE", "from": "OVINGTON AVENUE", "to": "BAY RIDGE AVENUE", "side": "E", "zone": "MON_TUE", "zone_label": "Mon/Tue", "schedules": ["TUE 11:30AM-1PM"], "all_days": ["TUE"], "color": "#2a78d6"}}, {"type": "Feature", "geometry": {"type": "LineString", "coordinates": [[-74.03197041207292, 40.62844881586158], [-74.02928833706993, 40.627811142448586]]}, "properties": {"street": "80 STREET", "from": "3 AVENUE", "to": "RIDGE BOULEVARD", "side": "S", "zone": "MON_TUE", "zone_label": "Mon/Tue", "schedules": ["TUE 8:30AM-10AM"], "all_days": ["TUE"], "color": "#2a78d6"}}, {"type": "Feature", "geometry": {"type": "LineString", "coordinates": [[-74.00682911810415, 40.620889265824985], [-74.00644673193744, 40.62065862915537], [-74.00462613554417, 40.619560459894394]]}, "properties": {"street": "74 STREET", "from": "14 AVENUE", "to": "13 AVENUE", "side": "S", "zone": "WED_THU", "zone_label": "Wed/Thu", "schedules": ["THU 8:30AM-10AM"], "all_days": ["THU"], "color": "#e34948"}}, {"type": "Feature", "geometry": {"type": "LineString", "coordinates": [[-74.01511471492407, 40.63700317580595], [-74.01570843376606, 40.63644080327495]]}, "properties": {"street": "6 AVENUE", "from": "64 STREET", "to": "62 STREET", "side": "E", "zone": "OTHER", "zone_label": "Other", "schedules": ["FRI 11:30AM-1PM"], "all_days": ["FRI"], "color": "#898781"}}, {"type": "Feature", "geometry": {"type": "LineString", "coordinates": [[-74.02163264124435, 40.62222016202835], [-74.02233768363836, 40.62195341040235]]}, "properties": {"street": "FORT HAMILTON PARKWAY", "from": "84 STREET", "to": "81 STREET", "side": "E", "zone": "OTHER", "zone_label": "Other", "schedules": ["FRI 11:30AM-1PM"], "all_days": ["FRI"], "color": "#898781"}}, {"type": "Feature", "geometry": {"type": "LineString", "coordinates": [[-74.01469514383955, 40.62371950147191], [-74.01527567798355, 40.62316071598191]]}, "properties": {"street": "10 AVENUE", "from": "76 STREET", "to": "77 STREET", "side": "W", "zone": "WED_FRI", "zone_label": "Wed/Fri", "schedules": ["WED 11:30AM-1PM"], "all_days": ["WED"], "color": "#eb6834"}}, {"type": "Feature", "geometry": {"type": "LineString", "coordinates": [[-74.03437639328016, 40.62986473267212], [-74.03468085111315, 40.62912318906512]]}, "properties": {"street": "COLONIAL ROAD", "from": "79 STREET", "to": "80 STREET", "side": "W", "zone": "THU_FRI", "zone_label": "Thu/Fri", "schedules": ["THU 9:30AM-11AM"], "all_days": ["THU"], "color": "#4a3aa7"}}, {"type": "Feature", "geometry": {"type": "LineString", "coordinates": [[-74.0322782357034, 40.634790114114395], [-74.03255528509139, 40.63410870301139]]}, "properties": {"street": "COLONIAL ROAD", "from": "73 STREET", "to": "72 STREET", "side": "E", "zone": "MON_TUE", "zone_label": "Mon/Tue", "schedules": ["TUE 9:30AM-11AM"], "all_days": ["TUE"], "color": "#2a78d6"}}, {"type": "Feature", "geometry": {"type": "LineString", "coordinates": [[-74.00672673579216, 40.6347776181247], [-74.00479692637215, 40.63361286663871]]}, "properties": {"street": "59 STREET", "from": "FT HAMILTON PARKWAY", "to": "9 AVENUE", "side": "N", "zone": "MON_THU", "zone_label": "Mon/Thu", "schedules": ["MON 9:30AM-11AM"], "all_days": ["MON"], "color": "#eda100"}}, {"type": "Feature", "geometry": {"type": "LineString", "coordinates": [[-74.02511145199975, 40.63777504343976], [-74.02264650114275, 40.63677951777776]]}, "properties": {"street": "67 STREET", "from": "4 AVENUE", "to": "3 AVENUE", "side": "S", "zone": "MON_TUE", "zone_label": "Mon/Tue", "schedules": ["TUE 8:30AM-10AM"], "all_days": ["TUE"], "color": "#2a78d6"}}, {"type": "Feature", "geometry": {"type": "LineString", "coordinates": [[-74.00996534234186, 40.63855717645197], [-74.00905138796053, 40.63800562134573], [-74.00828557840613, 40.63754346088367], [-74.00811076715684, 40.637437968690136], [-74.00776345109124, 40.6372283605526]]}, "properties": {"street": "57 STREET", "from": "8 AVENUE", "to": "7 AVENUE", "side": "N", "zone": "DAILY", "zone_label": "Daily (except Sun)", "schedules": ["MON/TUE/WED/THU/FRI/SAT 9AM-9:30AM", "THU 11:30AM-1PM"], "all_days": ["MON", "TUE", "WED", "THU", "FRI", "SAT"], "color": "#e87ba4"}}, {"type": "Feature", "geometry": {"type": "LineString", "coordinates": [[-74.01481870800863, 40.62015247618605], [-74.01540112426164, 40.61959129444805]]}, "properties": {"street": "11 AVENUE", "from": "80 STREET", "to": "81 STREET", "side": "W", "zone": "WED_FRI", "zone_label": "Wed/Fri", "schedules": ["WED 9:30AM-11AM"], "all_days": ["WED"], "color": "#eb6834"}}, {"type": "Feature", "geometry": {"type": "LineString", "coordinates": [[-74.02017937611838, 40.63555019263859], [-74.01782299871238, 40.634154308322586]]}, "properties": {"street": "67 STREET", "from": "4 AVENUE", "to": "5 AVENUE", "side": "S", "zone": "MON_TUE", "zone_label": "Mon/Tue", "schedules": ["TUE 8:30AM-10AM"], "all_days": ["TUE"], "color": "#2a78d6"}}, {"type": "Feature", "geometry": {"type": "LineString", "coordinates": [[-74.01113025510165, 40.63743719940198], [-74.00892824826265, 40.63610791035497]]}, "properties": {"street": "59 STREET", "from": "8 AVENUE", "to": "7 AVENUE", "side": "N", "zone": "DAILY", "zone_label": "Daily (except Sun)", "schedules": ["MON/TUE/WED/THU/FRI/SAT 9AM-9:30AM", "THU 11:30AM-1PM"], "all_days": ["MON", "TUE", "WED", "THU", "FRI", "SAT"], "color": "#e87ba4"}}, {"type": "Feature", "geometry": {"type": "LineString", "coordinates": [[-74.02570098587658, 40.62939523454244], [-74.02599906489458, 40.62866479166344]]}, "properties": {"street": "4 AVENUE", "from": "77 STREET", "to": "78 STREET", "side": "W", "zone": "THU_FRI", "zone_label": "Thu/Fri", "schedules": ["THU 8:30AM-10AM"], "all_days": ["THU"], "color": "#4a3aa7"}}, {"type": "Feature", "geometry": {"type": "LineString", "coordinates": [[-74.00457605299977, 40.633397874675104], [-74.00237432170576, 40.6320681256781]]}, "properties": {"street": "59 STREET", "from": "11 AVENUE", "to": "10 AVENUE", "side": "S", "zone": "OTHER", "zone_label": "Other", "schedules": ["THU 8:30AM-10AM"], "all_days": ["THU"], "color": "#898781"}}, {"type": "Feature", "geometry": {"type": "LineString", "coordinates": [[-74.00297845210864, 40.631487115062036], [-74.00077491211063, 40.63015869521104]]}, "properties": {"street": "60 STREET", "from": "12 AVENUE", "to": "13 AVENUE", "side": "S", "zone": "MON_THU", "zone_label": "Mon/Thu", "schedules": ["THU 8:30AM-10AM"], "all_days": ["THU"], "color": "#eda100"}}, {"type": "Feature", "geometry": {"type": "LineString", "coordinates": [[-74.00450314799062, 40.62312781582774], [-74.00230296176362, 40.62179790145974]]}, "properties": {"street": "70 STREET", "from": "14 AVENUE", "to": "13 AVENUE", "side": "S", "zone": "WED_THU", "zone_label": "Wed/Thu", "schedules": ["THU 8:30AM-10AM"], "all_days": ["THU"], "color": "#e34948"}}, {"type": "Feature", "geometry": {"type": "LineString", "coordinates": [[-74.03485972822801, 40.61540044248119], [-74.03450433723101, 40.61496368011519]]}, "properties": {"street": "MARINE AVENUE", "from": "3 AVENUE", "to": "97 STREET", "side": "E", "zone": "OTHER", "zone_label": "Other", "schedules": ["THU 9:30AM-11AM"], "all_days": ["THU"], "color": "#898781"}}, {"type": "Feature", "geometry": {"type": "LineString", "coordinates": [[-74.02285147960363, 40.619498959893384], [-74.02197915685663, 40.61897148820138]]}, "properties": {"street": "86 STREET", "from": "7 AVENUE", "to": "DAHLGREN PLACE", "side": "N", "zone": "DAILY", "zone_label": "Daily (except Sun)", "schedules": ["MON 11:30AM-1PM", "MON/TUE/WED/THU/FRI/SAT 8:30AM-9AM"], "all_days": ["MON", "TUE", "WED", "THU", "FRI", "SAT"], "color": "#e87ba4"}}, {"type": "Feature", "geometry": {"type": "LineString", "coordinates": [[-74.0132642827636, 40.61470200934817], [-74.011367415524, 40.61355634506263], [-74.01106198996861, 40.61337186672974]]}, "properties": {"street": "85 STREET", "from": "13 AVENUE", "to": "14 AVENUE", "side": "N", "zone": "WED_FRI", "zone_label": "Wed/Fri", "schedules": ["WED 8:30AM-10AM"], "all_days": ["WED"], "color": "#eb6834"}}, {"type": "Feature", "geometry": {"type": "LineString", "coordinates": [[-74.01430311847587, 40.61715016428048], [-74.01210214341586, 40.61582041962048]]}, "properties": {"street": "83 STREET", "from": "12 AVENUE", "to": "13 AVENUE", "side": "N", "zone": "WED_FRI", "zone_label": "Wed/Fri", "schedules": ["WED 8:30AM-10AM"], "all_days": ["WED"], "color": "#eb6834"}}, {"type": "Feature", "geometry": {"type": "LineString", "coordinates": [[-74.0154642866369, 40.616030741087954], [-74.01326428229291, 40.61470200933095]]}, "properties": {"street": "85 STREET", "from": "12 AVENUE", "to": "13 AVENUE", "side": "N", "zone": "WED_FRI", "zone_label": "Wed/Fri", "schedules": ["WED 8:30AM-10AM"], "all_days": ["WED"], "color": "#eb6834"}}, {"type": "Feature", "geometry": {"type": "LineString", "coordinates": [[-74.00760120833098, 40.60480116345589], [-74.00688604328798, 40.60437115565489]]}, "properties": {"street": "BATH AVENUE", "from": "BAY   17 STREET", "to": "BAY   16 STREET", "side": "N", "zone": "OTHER", "zone_label": "Other", "schedules": ["MON/TUE/THU/FRI 7:30AM-8AM"], "all_days": ["MON", "TUE", "THU", "FRI"], "color": "#898781"}}, {"type": "Feature", "geometry": {"type": "LineString", "coordinates": [[-74.0027566730097, 40.62480514889888], [-74.0005569976997, 40.623473580830876]]}, "properties": {"street": "67 STREET", "from": "13 AVENUE", "to": "14 AVENUE", "side": "S", "zone": "WED_THU", "zone_label": "Wed/Thu", "schedules": ["THU 8:30AM-10AM"], "all_days": ["THU"], "color": "#e34948"}}, {"type": "Feature", "geometry": {"type": "LineString", "coordinates": [[-74.0115705566981, 40.61632855477832], [-74.00936872890111, 40.61499871238732]]}, "properties": {"street": "82 STREET", "from": "14 AVENUE", "to": "13 AVENUE", "side": "S", "zone": "WED_FRI", "zone_label": "Wed/Fri", "schedules": ["FRI 8:30AM-10AM"], "all_days": ["FRI"], "color": "#eb6834"}}, {"type": "Feature", "geometry": {"type": "LineString", "coordinates": [[-74.00386766028673, 40.62373440156363], [-74.00342629447356, 40.62346755470578], [-74.00207707648435, 40.62265180329683], [-74.00166928600383, 40.62240524128098]]}, "properties": {"street": "BAY RIDGE AVENUE", "from": "14 AVENUE", "to": "15 AVENUE", "side": "N", "zone": "THU_FRI", "zone_label": "Thu/Fri", "schedules": ["THU 11:30AM-1PM"], "all_days": ["THU"], "color": "#4a3aa7"}}, {"type": "Feature", "geometry": {"type": "LineString", "coordinates": [[-74.00518027349946, 40.63281661531268], [-74.00297847810747, 40.63148713043867]]}, "properties": {"street": "60 STREET", "from": "10 AVENUE", "to": "11 AVENUE", "side": "S", "zone": "MON_THU", "zone_label": "Mon/Thu", "schedules": ["THU 8:30AM-10AM"], "all_days": ["THU"], "color": "#eda100"}}, {"type": "Feature", "geometry": {"type": "LineString", "coordinates": [[-74.02824135013307, 40.63746651598181], [-74.02861951255908, 40.636544885222804]]}, "properties": {"street": "RIDGE BOULEVARD", "from": "BAY RIDGE AVENUE", "to": "68 STREET", "side": "E", "zone": "MON_TUE", "zone_label": "Mon/Tue", "schedules": ["TUE 9:30AM-11AM"], "all_days": ["TUE"], "color": "#2a78d6"}}, {"type": "Feature", "geometry": {"type": "LineString", "coordinates": [[-74.034930204956, 40.61536739741281], [-74.034574813959, 40.61493063504681]]}, "properties": {"street": "MARINE AVENUE", "from": "98 STREET", "to": "3 AVENUE", "side": "W", "zone": "OTHER", "zone_label": "Other", "schedules": ["FRI 9:30AM-11AM"], "all_days": ["FRI"], "color": "#898781"}}, {"type": "Feature", "geometry": {"type": "LineString", "coordinates": [[-74.00257196328464, 40.64221938169936], [-74.00036831403663, 40.640888938061366]]}, "properties": {"street": "48 STREET", "from": "9 AVENUE", "to": "10 AVENUE", "side": "S", "zone": "MON_THU", "zone_label": "Mon/Thu", "schedules": ["THU 8:30AM-10AM"], "all_days": ["THU"], "color": "#eda100"}}, {"type": "Feature", "geometry": {"type": "LineString", "coordinates": [[-74.01790667179097, 40.63781377167868], [-74.01571490798497, 40.636485026004685]]}, "properties": {"street": "63 STREET", "from": "6 AVENUE", "to": "5 AVENUE", "side": "N", "zone": "WED_THU", "zone_label": "Wed/Thu", "schedules": ["THU 9:30AM-11AM"], "all_days": ["THU"], "color": "#e34948"}}, {"type": "Feature", "geometry": {"type": "LineString", "coordinates": [[-74.00140677798963, 40.599280230662245], [-74.00069525543363, 40.598796746617246]]}, "properties": {"street": "CROPSEY AVENUE", "from": "21 AVENUE", "to": "BAY   26 STREET", "side": "N", "zone": "OTHER", "zone_label": "Other", "schedules": ["WED 9:30AM-11AM"], "all_days": ["WED"], "color": "#898781"}}, {"type": "Feature", "geometry": {"type": "LineString", "coordinates": [[-74.0170118035413, 40.63163559845482], [-74.0173774851943, 40.630746884379825]]}, "properties": {"street": "7 AVENUE", "from": "BAY RIDGE AVENUE", "to": "OVINGTON AVENUE", "side": "W", "zone": "OTHER", "zone_label": "Other", "schedules": ["MON 11:30AM-1PM"], "all_days": ["MON"], "color": "#898781"}}, {"type": "Feature", "geometry": {"type": "LineString", "coordinates": [[-74.02909575257175, 40.63537153325519], [-74.02931802967674, 40.63483547843019]]}, "properties": {"street": "RIDGE BOULEVARD", "from": "71 STREET", "to": "OVINGTON AVENUE", "side": "E", "zone": "MON_TUE", "zone_label": "Mon/Tue", "schedules": ["TUE 9:30AM-11AM"], "all_days": ["TUE"], "color": "#2a78d6"}}, {"type": "Feature", "geometry": {"type": "LineString", "coordinates": [[-74.00995861671666, 40.63851308119437], [-74.01054113911366, 40.63795340162537]]}, "properties": {"street": "7 AVENUE", "from": "58 STREET", "to": "57 STREET", "side": "E", "zone": "THU_FRI", "zone_label": "Thu/Fri", "schedules": ["THU 11:30AM-1PM"], "all_days": ["THU"], "color": "#4a3aa7"}}, {"type": "Feature", "geometry": {"type": "LineString", "coordinates": [[-74.01630507849681, 40.630284207668545], [-74.01660522004082, 40.629574690282546]]}, "properties": {"street": "7 AVENUE", "from": "70 STREET", "to": "BAY RIDGE AVENUE", "side": "E", "zone": "OTHER", "zone_label": "Other", "schedules": ["THU 11:30AM-1PM"], "all_days": ["THU"], "color": "#898781"}}, {"type": "Feature", "geometry": {"type": "LineString", "coordinates": [[-74.02990260703575, 40.63351235304426], [-74.02721847085076, 40.63287429066326]]}, "properties": {"street": "73 STREET", "from": "3 AVENUE", "to": "RIDGE BOULEVARD", "side": "N", "zone": "MON_TUE", "zone_label": "Mon/Tue", "schedules": ["MON 8:30AM-10AM"], "all_days": ["MON"], "color": "#2a78d6"}}, {"type": "Feature", "geometry": {"type": "LineString", "coordinates": [[-74.02197024932437, 40.618929746742445], [-74.02269949623337, 40.61807918023244]]}, "properties": {"street": "BATTERY AVENUE", "from": "88 STREET", "to": "86 STREET", "side": "E", "zone": "MON_TUE", "zone_label": "Mon/Tue", "schedules": ["TUE 11:30AM-1PM"], "all_days": ["TUE"], "color": "#2a78d6"}}, {"type": "Feature", "geometry": {"type": "LineString", "coordinates": [[-74.02942664838419, 40.63933703106281], [-74.02855624104019, 40.63907020194581]]}, "properties": {"street": "67 STREET", "from": "RIDGE BOULEVARD", "to": "COLONIAL ROAD", "side": "S", "zone": "MON_TUE", "zone_label": "Mon/Tue", "schedules": ["TUE 9:30AM-11AM"], "all_days": ["TUE"], "color": "#2a78d6"}}, {"type": "Feature", "geometry": {"type": "LineString", "coordinates": [[-74.01928598952443, 40.633474614651455], [-74.01826707686043, 40.633014768616455]]}, "properties": {"street": "68 STREET", "from": "6 AVENUE", "to": "VISTA PLACE", "side": "S", "zone": "MON_TUE", "zone_label": "Mon/Tue", "schedules": ["TUE 11:30AM-1PM"], "all_days": ["TUE"], "color": "#2a78d6"}}, {"type": "Feature", "geometry": {"type": "LineString", "coordinates": [[-74.01826766002304, 40.63301503686932], [-74.01671209238405, 40.63228641102932]]}, "properties": {"street": "68 STREET", "from": "7 AVENUE", "to": "6 AVENUE", "side": "S", "zone": "MON_TUE", "zone_label": "Mon/Tue", "schedules": ["TUE 11:30AM-1PM"], "all_days": ["TUE"], "color": "#2a78d6"}}, {"type": "Feature", "geometry": {"type": "LineString", "coordinates": [[-74.0344032877499, 40.63679869904192], [-74.03449725071998, 40.63656563413061], [-74.03459282971872, 40.6363285885757], [-74.03468261099609, 40.63610589118202]]}, "properties": {"street": "NARROWS AVENUE", "from": "71 STREET", "to": "MACKAY PLACE", "side": "E", "zone": "MON_TUE", "zone_label": "Mon/Tue", "schedules": ["TUE 9:30AM-11AM"], "all_days": ["TUE"], "color": "#2a78d6"}}, {"type": "Feature", "geometry": {"type": "LineString", "coordinates": [[-74.0293956083898, 40.63939533482119], [-74.02852520104581, 40.63912850570419]]}, "properties": {"street": "67 STREET", "from": "BERGEN PLACE", "to": "SEDGWICK PLACE", "side": "N", "zone": "OTHER", "zone_label": "Other", "schedules": ["MON 9:30AM-11AM"], "all_days": ["MON"], "color": "#898781"}}, {"type": "Feature", "geometry": {"type": "LineString", "coordinates": [[-74.03462896718631, 40.629143851111714], [-74.03194569579131, 40.62850883450171]]}, "properties": {"street": "80 STREET", "from": "COLONIAL ROAD", "to": "NARROWS AVENUE", "side": "N", "zone": "MON_TUE", "zone_label": "Mon/Tue", "schedules": ["MON 9:30AM-11AM"], "all_days": ["MON"], "color": "#2a78d6"}}, {"type": "Feature", "geometry": {"type": "LineString", "coordinates": [[-74.0026996467047, 40.635002404881554], [-74.00062595085869, 40.63374910040555]]}, "properties": {"street": "56 STREET", "from": "FT HAMILTON PARKWAY", "to": "11 AVENUE", "side": "S", "zone": "MON_THU", "zone_label": "Mon/Thu", "schedules": ["THU 8:30AM-10AM"], "all_days": ["THU"], "color": "#eda100"}}, {"type": "Feature", "geometry": {"type": "LineString", "coordinates": [[-74.00556161820248, 40.6358990493504], [-74.00336417011448, 40.634571176150395]]}, "properties": {"street": "57 STREET", "from": "FT HAMILTON PARKWAY", "to": "9 AVENUE", "side": "N", "zone": "MON_THU", "zone_label": "Mon/Thu", "schedules": ["MON 9:30AM-11AM"], "all_days": ["MON"], "color": "#eda100"}}, {"type": "Feature", "geometry": {"type": "LineString", "coordinates": [[-74.00310062572302, 40.64170736663753], [-74.00090090822103, 40.640378726392534]]}, "properties": {"street": "49 STREET", "from": "9 AVENUE", "to": "8 AVENUE", "side": "N", "zone": "MON_THU", "zone_label": "Mon/Thu", "schedules": ["MON 8:30AM-10AM"], "all_days": ["MON"], "color": "#eda100"}}, {"type": "Feature", "geometry": {"type": "LineString", "coordinates": [[-74.00336426399379, 40.634571232404284], [-74.00115351099379, 40.63324316336729]]}, "properties": {"street": "57 STREET", "from": "12 AVENUE", "to": "11 AVENUE", "side": "N", "zone": "MON_THU", "zone_label": "Mon/Thu", "schedules": ["MON 8:30AM-10AM"], "all_days": ["MON"], "color": "#eda100"}}, {"type": "Feature", "geometry": {"type": "LineString", "coordinates": [[-74.00336426399379, 40.634571232404284], [-74.00115351099379, 40.63324316336729]]}, "properties": {"street": "57 STREET", "from": "11 AVENUE", "to": "FT HAMILTON PARKWAY", "side": "N", "zone": "MON_THU", "zone_label": "Mon/Thu", "schedules": ["MON 8:30AM-10AM"], "all_days": ["MON"], "color": "#eda100"}}, {"type": "Feature", "geometry": {"type": "LineString", "coordinates": [[-74.0248322230063, 40.631523839164494], [-74.0251269320203, 40.6308500336745]]}, "properties": {"street": "4 AVENUE", "from": "74 STREET", "to": "BAY RIDGE PARKWAY", "side": "W", "zone": "THU_FRI", "zone_label": "Thu/Fri", "schedules": ["THU 8:30AM-10AM"], "all_days": ["THU"], "color": "#4a3aa7"}}, {"type": "Feature", "geometry": {"type": "LineString", "coordinates": [[-74.00614479665536, 40.63533634540264], [-74.00408204315536, 40.634092964702646]]}, "properties": {"street": "58 STREET", "from": "9 AVENUE", "to": "FORT HAMILTON PARKWAY", "side": "N", "zone": "MON_THU", "zone_label": "Mon/Thu", "schedules": ["MON 9:30AM-11AM"], "all_days": ["MON"], "color": "#eda100"}}, {"type": "Feature", "geometry": {"type": "LineString", "coordinates": [[-74.00396510630381, 40.6340223954322], [-74.00173876829982, 40.632677930862194]]}, "properties": {"street": "58 STREET", "from": "11 AVENUE", "to": "12 AVENUE", "side": "N", "zone": "MON_THU", "zone_label": "Mon/Thu", "schedules": ["MON 8:30AM-10AM"], "all_days": ["MON"], "color": "#eda100"}}, {"type": "Feature", "geometry": {"type": "LineString", "coordinates": [[-74.00840285008002, 40.63662018457891], [-74.00619637019602, 40.635287128172905]]}, "properties": {"street": "58 STREET", "from": "8 AVENUE", "to": "9 AVENUE", "side": "S", "zone": "MON_THU", "zone_label": "Mon/Thu", "schedules": ["THU 9:30AM-11AM"], "all_days": ["THU"], "color": "#eda100"}}, {"type": "Feature", "geometry": {"type": "LineString", "coordinates": [[-74.02919417481667, 40.64080250824467], [-74.02942765956311, 40.64057594109606], [-74.02974713115758, 40.640265927604005], [-74.03035628862699, 40.63967481223195]]}, "properties": {"street": "COLONIAL ROAD", "from": "WAKEMAN PLACE", "to": "68 STREET", "side": "W", "zone": "OTHER", "zone_label": "Other", "schedules": ["MON 9:30AM-11AM"], "all_days": ["MON"], "color": "#898781"}}, {"type": "Feature", "geometry": {"type": "LineString", "coordinates": [[-74.00566452299753, 40.62200716358826], [-74.00346263641855, 40.62067900995726]]}, "properties": {"street": "72 STREET", "from": "14 AVENUE", "to": "13 AVENUE", "side": "S", "zone": "WED_THU", "zone_label": "Wed/Thu", "schedules": ["THU 8:30AM-10AM"], "all_days": ["THU"], "color": "#e34948"}}, {"type": "Feature", "geometry": {"type": "LineString", "coordinates": [[-74.01139554203519, 40.61994627760991], [-74.0102589245339, 40.61925925126301], [-74.00919321984267, 40.6186150551294]]}, "properties": {"street": "78 STREET", "from": "13 AVENUE", "to": "12 AVENUE", "side": "N", "zone": "WED_FRI", "zone_label": "Wed/Fri", "schedules": ["WED 8:30AM-10AM"], "all_days": ["WED"], "color": "#eb6834"}}, {"type": "Feature", "geometry": {"type": "LineString", "coordinates": [[-74.00270127660723, 40.6350505555575], [-74.00341741815122, 40.634570136761496]]}, "properties": {"street": "FORT HAMILTON PARKWAY", "from": "57 STREET", "to": "56 STREET", "side": "E", "zone": "MON_THU", "zone_label": "Mon/Thu", "schedules": ["THU 8:30AM-10AM"], "all_days": ["THU"], "color": "#eda100"}}, {"type": "Feature", "geometry": {"type": "LineString", "coordinates": [[-74.00437710938856, 40.62669399528057], [-74.00217529557855, 40.62536345833257]]}, "properties": {"street": "66 STREET", "from": "14 AVENUE", "to": "13 AVENUE", "side": "S", "zone": "WED_THU", "zone_label": "Wed/Thu", "schedules": ["THU 8:30AM-10AM"], "all_days": ["THU"], "color": "#e34948"}}, {"type": "Feature", "geometry": {"type": "LineString", "coordinates": [[-74.00437710938856, 40.62669399528057], [-74.00217529557855, 40.62536345833257]]}, "properties": {"street": "66 STREET", "from": "13 AVENUE", "to": "12 AVENUE", "side": "S", "zone": "WED_THU", "zone_label": "Wed/Thu", "schedules": ["THU 8:30AM-10AM"], "all_days": ["THU"], "color": "#e34948"}}, {"type": "Feature", "geometry": {"type": "LineString", "coordinates": [[-74.03348721943836, 40.63912591544147], [-74.03194884101129, 40.63864922267167], [-74.03159477758437, 40.63853951152401]]}, "properties": {"street": "68 STREET", "from": "COLONIAL ROAD", "to": "SHORE ROAD", "side": "N", "zone": "OTHER", "zone_label": "Other", "schedules": ["MON 9:30AM-11AM"], "all_days": ["MON"], "color": "#898781"}}, {"type": "Feature", "geometry": {"type": "LineString", "coordinates": [[-74.0151212639036, 40.63704744357322], [-74.01291933259759, 40.63571879846922]]}, "properties": {"street": "62 STREET", "from": "6 AVENUE", "to": "7 AVENUE", "side": "N", "zone": "THU_FRI", "zone_label": "Thu/Fri", "schedules": ["THU 11:30AM-1PM"], "all_days": ["THU"], "color": "#4a3aa7"}}, {"type": "Feature", "geometry": {"type": "LineString", "coordinates": [[-74.00675865176845, 40.602325083262535], [-74.00590197580145, 40.601874329506536]]}, "properties": {"street": "CROPSEY AVENUE", "from": "BAY   20 STREET", "to": "BAY   19 STREET", "side": "N", "zone": "MON_TUE", "zone_label": "Mon/Tue", "schedules": ["MON 11:30AM-1PM"], "all_days": ["MON"], "color": "#2a78d6"}}, {"type": "Feature", "geometry": {"type": "LineString", "coordinates": [[-74.012406381919, 40.605240448372776], [-74.01381621190696, 40.60367543262328], [-74.014015746025, 40.60345393415438]]}, "properties": {"street": "16 AVENUE", "from": "CROPSEY AVENUE", "to": "INDEPENDENCE AVENUE", "side": "W", "zone": "OTHER", "zone_label": "Other", "schedules": ["MON 11:30AM-1PM"], "all_days": ["MON"], "color": "#898781"}}, {"type": "Feature", "geometry": {"type": "LineString", "coordinates": [[-74.00665181107846, 40.606878622919766], [-74.00590846009246, 40.60643074395576]]}, "properties": {"street": "BENSON AVENUE", "from": "17 AVENUE", "to": "BAY   16 STREET", "side": "S", "zone": "MON_TUE", "zone_label": "Mon/Tue", "schedules": ["TUE 11:30AM-1PM"], "all_days": ["TUE"], "color": "#2a78d6"}}, {"type": "Feature", "geometry": {"type": "LineString", "coordinates": [[-74.00677757847586, 40.62093849700301], [-74.00639519054056, 40.62070785926663], [-74.00457459377584, 40.619609689781605]]}, "properties": {"street": "74 STREET", "from": "14 AVENUE", "to": "13 AVENUE", "side": "N", "zone": "WED_THU", "zone_label": "Wed/Thu", "schedules": ["WED 8:30AM-10AM"], "all_days": ["WED"], "color": "#e34948"}}, {"type": "Feature", "geometry": {"type": "LineString", "coordinates": [[-74.03134884447807, 40.62996874434188], [-74.02866694165807, 40.62933256061888]]}, "properties": {"street": "78 STREET", "from": "3 AVENUE", "to": "RIDGE BOULEVARD", "side": "N", "zone": "THU_FRI", "zone_label": "Thu/Fri", "schedules": ["THU 8:30AM-10AM"], "all_days": ["THU"], "color": "#4a3aa7"}}, {"type": "Feature", "geometry": {"type": "LineString", "coordinates": [[-74.00585695167017, 40.606479987231474], [-74.00514188550017, 40.60604859942947]]}, "properties": {"street": "BENSON AVENUE", "from": "BAY   17 STREET", "to": "BAY   16 STREET", "side": "N", "zone": "MON_TUE", "zone_label": "Mon/Tue", "schedules": ["MON 11:30AM-1PM"], "all_days": ["MON"], "color": "#2a78d6"}}, {"type": "Feature", "geometry": {"type": "LineString", "coordinates": [[-74.00705444221883, 40.64135810906289], [-74.00485181953583, 40.6400282929139]]}, "properties": {"street": "52 STREET", "from": "7 AVENUE", "to": "8 AVENUE", "side": "N", "zone": "DAILY", "zone_label": "Daily (except Sun)", "schedules": ["MON/TUE/WED/THU/FRI/SAT 9AM-9:30AM", "THU 11:30AM-1PM"], "all_days": ["MON", "TUE", "WED", "THU", "FRI", "SAT"], "color": "#e87ba4"}}, {"type": "Feature", "geometry": {"type": "LineString", "coordinates": [[-74.01173457490975, 40.63685617955169], [-74.00953257526375, 40.635525785247694]]}, "properties": {"street": "60 STREET", "from": "8 AVENUE", "to": "7 AVENUE", "side": "N", "zone": "DAILY", "zone_label": "Daily (except Sun)", "schedules": ["THU 11:30AM-1PM"], "all_days": ["THU"], "color": "#e87ba4"}}, {"type": "Feature", "geometry": {"type": "LineString", "coordinates": [[-74.02936866153325, 40.614804875287824], [-74.03013078057727, 40.61391805166482]]}, "properties": {"street": "FORT HAMILTON PARKWAY", "from": "101 STREET", "to": "92 STREET", "side": "E", "zone": "OTHER", "zone_label": "Other", "schedules": ["THU 11:30AM-1PM"], "all_days": ["THU"], "color": "#898781"}}, {"type": "Feature", "geometry": {"type": "LineString", "coordinates": [[-74.03229740991819, 40.62775782481773], [-74.03259576399817, 40.62702761724473]]}, "properties": {"street": "RIDGE BOULEVARD", "from": "81 STREET", "to": "82 STREET", "side": "W", "zone": "MON_TUE", "zone_label": "Mon/Tue", "schedules": ["MON 9:30AM-11AM"], "all_days": ["MON"], "color": "#2a78d6"}}, {"type": "Feature", "geometry": {"type": "LineString", "coordinates": [[-74.00058762862379, 40.613396407770615], [-74.0008027564068, 40.61261805850162]]}, "properties": {"street": "NEW UTRECHT AVENUE", "from": "17 AVENUE", "to": "78 STREET", "side": "E", "zone": "DAILY", "zone_label": "Daily (except Sun)", "schedules": ["MON/TUE/WED/THU/FRI/SAT 6:30AM-7AM"], "all_days": ["MON", "TUE", "WED", "THU", "FRI", "SAT"], "color": "#e87ba4"}}, {"type": "Feature", "geometry": {"type": "LineString", "coordinates": [[-74.02540184180222, 40.63012689010845], [-74.02570097972323, 40.629395250666455]]}, "properties": {"street": "4 AVENUE", "from": "76 STREET", "to": "77 STREET", "side": "W", "zone": "THU_FRI", "zone_label": "Thu/Fri", "schedules": ["THU 8:30AM-10AM"], "all_days": ["THU"], "color": "#4a3aa7"}}, {"type": "Feature", "geometry": {"type": "LineString", "coordinates": [[-74.03312210202284, 40.625625268302855], [-74.03044095666485, 40.624988152748855]]}, "properties": {"street": "84 STREET", "from": "3 AVENUE", "to": "RIDGE BOULEVARD", "side": "S", "zone": "MON_TUE", "zone_label": "Mon/Tue", "schedules": ["TUE 8:30AM-10AM"], "all_days": ["TUE"], "color": "#2a78d6"}}, {"type": "Feature", "geometry": {"type": "LineString", "coordinates": [[-74.01003211884456, 40.63014488507497], [-74.01072905656056, 40.62967806534797]]}, "properties": {"street": "FORT HAMILTON PARKWAY", "from": "66 STREET", "to": "67 STREET", "side": "W", "zone": "DAILY", "zone_label": "Daily (except Sun)", "schedules": ["WED 11:30AM-1PM"], "all_days": ["WED"], "color": "#e87ba4"}}, {"type": "Feature", "geometry": {"type": "LineString", "coordinates": [[-74.00341104395459, 40.620728208914215], [-74.00121202303657, 40.619397437308216]]}, "properties": {"street": "72 STREET", "from": "NEW UTRECHT AVENUE", "to": "15 AVENUE", "side": "N", "zone": "THU_FRI", "zone_label": "Thu/Fri", "schedules": ["THU 11:30AM-1PM"], "all_days": ["THU"], "color": "#4a3aa7"}}, {"type": "Feature", "geometry": {"type": "LineString", "coordinates": [[-74.02576819233, 40.636446631018366], [-74.02325800155701, 40.63530003942537]]}, "properties": {"street": "68 STREET", "from": "4 AVENUE", "to": "3 AVENUE", "side": "S", "zone": "MON_TUE", "zone_label": "Mon/Tue", "schedules": ["TUE 8:30AM-10AM"], "all_days": ["TUE"], "color": "#2a78d6"}}, {"type": "Feature", "geometry": {"type": "LineString", "coordinates": [[-74.02115583544229, 40.6258148158019], [-74.02129131810548, 40.62548484009658], [-74.0214564173554, 40.62508272716417]]}, "properties": {"street": "6 AVENUE", "from": "79 STREET", "to": "78 STREET", "side": "E", "zone": "MON_TUE", "zone_label": "Mon/Tue", "schedules": ["MON 9:30AM-11AM", "TUE 11:30AM-1PM"], "all_days": ["MON", "TUE"], "color": "#2a78d6"}}, {"type": "Feature", "geometry": {"type": "LineString", "coordinates": [[-74.0035296877146, 40.63095581129118], [-74.00132471249161, 40.62963087881118]]}, "properties": {"street": "61 STREET", "from": "13 AVENUE", "to": "12 AVENUE", "side": "N", "zone": "OTHER", "zone_label": "Other", "schedules": ["MON 8:30AM-10AM"], "all_days": ["MON"], "color": "#898781"}}, {"type": "Feature", "geometry": {"type": "LineString", "coordinates": [[-74.01558975736789, 40.64005025452653], [-74.01338377975289, 40.63871892612253]]}, "properties": {"street": "59 STREET", "from": "6 AVENUE", "to": "5 AVENUE", "side": "S", "zone": "WED_THU", "zone_label": "Wed/Thu", "schedules": ["WED 9:30AM-11AM"], "all_days": ["WED"], "color": "#e34948"}}, {"type": "Feature", "geometry": {"type": "LineString", "coordinates": [[-74.01614265180682, 40.63951528991488], [-74.01393642239182, 40.63818611607788]]}, "properties": {"street": "60 STREET", "from": "6 AVENUE", "to": "5 AVENUE", "side": "N", "zone": "WED_THU", "zone_label": "Wed/Thu", "schedules": ["THU 9:30AM-11AM"], "all_days": ["THU"], "color": "#e34948"}}, {"type": "Feature", "geometry": {"type": "LineString", "coordinates": [[-74.03199820251886, 40.63547413249091], [-74.03227825912288, 40.634790055721915]]}, "properties": {"street": "COLONIAL ROAD", "from": "72 STREET", "to": "71 STREET", "side": "E", "zone": "MON_TUE", "zone_label": "Mon/Tue", "schedules": ["TUE 9:30AM-11AM"], "all_days": ["TUE"], "color": "#2a78d6"}}, {"type": "Feature", "geometry": {"type": "LineString", "coordinates": [[-74.00113187631874, 40.60306234066997], [-74.00234881528874, 40.60189336376697]]}, "properties": {"street": "BAY   23 STREET", "from": "BENSON AVENUE", "to": "BATH AVENUE", "side": "W", "zone": "MON_TUE", "zone_label": "Mon/Tue", "schedules": ["MON 11:30AM-1PM"], "all_days": ["MON"], "color": "#2a78d6"}}, {"type": "Feature", "geometry": {"type": "LineString", "coordinates": [[-74.00181485614807, 40.6034201344429], [-74.00303611346108, 40.6022488979589]]}, "properties": {"street": "BAY   22 STREET", "from": "BATH AVENUE", "to": "BENSON AVENUE", "side": "E", "zone": "MON_TUE", "zone_label": "Mon/Tue", "schedules": ["TUE 11:30AM-1PM"], "all_days": ["TUE"], "color": "#2a78d6"}}, {"type": "Feature", "geometry": {"type": "LineString", "coordinates": [[-74.01970127259654, 40.62959448894352], [-74.01986970025953, 40.62918578605252]]}, "properties": {"street": "6 AVENUE", "from": "73 STREET", "to": "74 STREET", "side": "W", "zone": "OTHER", "zone_label": "Other", "schedules": ["MON 11:30AM-1PM"], "all_days": ["MON"], "color": "#898781"}}, {"type": "Feature", "geometry": {"type": "LineString", "coordinates": [[-74.00015204061438, 40.61495245706193], [-74.00035817324938, 40.61416774232893]]}, "properties": {"street": "NEW UTRECHT AVENUE", "from": "77 STREET", "to": "76 STREET", "side": "E", "zone": "DAILY", "zone_label": "Daily (except Sun)", "schedules": ["MON/TUE/WED/THU/FRI/SAT 6:30AM-7AM"], "all_days": ["MON", "TUE", "WED", "THU", "FRI", "SAT"], "color": "#e87ba4"}}, {"type": "Feature", "geometry": {"type": "LineString", "coordinates": [[-74.00015204061438, 40.61495245706193], [-74.00035817324938, 40.61416774232893]]}, "properties": {"street": "NEW UTRECHT AVENUE", "from": "76 STREET", "to": "BAY RIDGE PARKWAY", "side": "E", "zone": "DAILY", "zone_label": "Daily (except Sun)", "schedules": ["MON/TUE/WED/THU/FRI/SAT 6:30AM-7AM"], "all_days": ["MON", "TUE", "WED", "THU", "FRI", "SAT"], "color": "#e87ba4"}}, {"type": "Feature", "geometry": {"type": "LineString", "coordinates": [[-74.01054783561086, 40.63799747908416], [-74.00835122679686, 40.63666937238017]]}, "properties": {"street": "58 STREET", "from": "7 AVENUE", "to": "8 AVENUE", "side": "N", "zone": "DAILY", "zone_label": "Daily (except Sun)", "schedules": ["MON/TUE/WED/THU/FRI/SAT 9AM-9:30AM", "THU 11:30AM-1PM"], "all_days": ["MON", "TUE", "WED", "THU", "FRI", "SAT"], "color": "#e87ba4"}}, {"type": "Feature", "geometry": {"type": "LineString", "coordinates": [[-74.02982141906877, 40.61918844146408], [-74.02867956269077, 40.61862817650108]]}, "properties": {"street": "91 STREET", "from": "4 AVENUE", "to": "5 AVENUE", "side": "N", "zone": "MON_TUE", "zone_label": "Mon/Tue", "schedules": ["MON 8:30AM-10AM"], "all_days": ["MON"], "color": "#2a78d6"}}, {"type": "Feature", "geometry": {"type": "LineString", "coordinates": [[-74.01534283690248, 40.6195964654935], [-74.01313936124747, 40.6182690202455]]}, "properties": {"street": "81 STREET", "from": "11 AVENUE", "to": "12 AVENUE", "side": "N", "zone": "WED_FRI", "zone_label": "Wed/Fri", "schedules": ["WED 9:30AM-11AM"], "all_days": ["WED"], "color": "#eb6834"}}, {"type": "Feature", "geometry": {"type": "LineString", "coordinates": [[-74.03373143713763, 40.63133483548705], [-74.03104965816064, 40.630699248160056]]}, "properties": {"street": "77 STREET", "from": "COLONIAL ROAD", "to": "RIDGE BOULEVARD", "side": "N", "zone": "THU_FRI", "zone_label": "Thu/Fri", "schedules": ["THU 9:30AM-11AM"], "all_days": ["THU"], "color": "#4a3aa7"}}, {"type": "Feature", "geometry": {"type": "LineString", "coordinates": [[-74.01339053704478, 40.638762988972225], [-74.0139947328068, 40.638180947623226]]}, "properties": {"street": "6 AVENUE", "from": "59 STREET", "to": "60 STREET", "side": "W", "zone": "THU_FRI", "zone_label": "Thu/Fri", "schedules": ["THU 11:30AM-1PM"], "all_days": ["THU"], "color": "#4a3aa7"}}, {"type": "Feature", "geometry": {"type": "LineString", "coordinates": [[-74.02749608556772, 40.63219281468662], [-74.02478046219372, 40.63154392372362]]}, "properties": {"street": "74 STREET", "from": "3 AVENUE", "to": "4 AVENUE", "side": "N", "zone": "THU_FRI", "zone_label": "Thu/Fri", "schedules": ["THU 8:30AM-10AM"], "all_days": ["THU"], "color": "#4a3aa7"}}, {"type": "Feature", "geometry": {"type": "LineString", "coordinates": [[-74.00503335662762, 40.622615998774684], [-74.00283251575561, 40.621286465048684]]}, "properties": {"street": "71 STREET", "from": "13 AVENUE", "to": "14 AVENUE", "side": "N", "zone": "WED_THU", "zone_label": "Wed/Thu", "schedules": ["WED 8:30AM-10AM"], "all_days": ["WED"], "color": "#e34948"}}, {"type": "Feature", "geometry": {"type": "LineString", "coordinates": [[-74.0341982394198, 40.637500988587526], [-74.03439054308207, 40.63703836183915], [-74.03448241955752, 40.63681735642805]]}, "properties": {"street": "NARROWS AVENUE", "from": "70 STREET", "to": "MACKAY PLACE", "side": "W", "zone": "MON_TUE", "zone_label": "Mon/Tue", "schedules": ["MON 9:30AM-11AM"], "all_days": ["MON"], "color": "#2a78d6"}}, {"type": "Feature", "geometry": {"type": "LineString", "coordinates": [[-74.00237427564548, 40.61827993609612], [-74.00017302787748, 40.61694902722312]]}, "properties": {"street": "74 STREET", "from": "16 AVENUE", "to": "15 AVENUE", "side": "N", "zone": "THU_FRI", "zone_label": "Thu/Fri", "schedules": ["THU 11:30AM-1PM"], "all_days": ["THU"], "color": "#4a3aa7"}}, {"type": "Feature", "geometry": {"type": "LineString", "coordinates": [[-74.00396510630381, 40.6340223954322], [-74.00173876829982, 40.632677930862194]]}, "properties": {"street": "58 STREET", "from": "FORT HAMILTON PARKWAY", "to": "11 AVENUE", "side": "N", "zone": "MON_THU", "zone_label": "Mon/Thu", "schedules": ["MON 8:30AM-10AM"], "all_days": ["MON"], "color": "#eda100"}}, {"type": "Feature", "geometry": {"type": "LineString", "coordinates": [[-74.00670560292338, 40.624456606602735], [-74.00450311919738, 40.62312779812974]]}, "properties": {"street": "70 STREET", "from": "13 AVENUE", "to": "12 AVENUE", "side": "S", "zone": "WED_THU", "zone_label": "Wed/Thu", "schedules": ["THU 8:30AM-10AM"], "all_days": ["THU"], "color": "#e34948"}}, {"type": "Feature", "geometry": {"type": "LineString", "coordinates": [[-74.00711072827579, 40.627513973965314], [-74.00490752085378, 40.626183571272314]]}, "properties": {"street": "67 STREET", "from": "11 AVENUE", "to": "12 AVENUE", "side": "N", "zone": "WED_THU", "zone_label": "Wed/Thu", "schedules": ["WED 9:30AM-11AM"], "all_days": ["WED"], "color": "#e34948"}}, {"type": "Feature", "geometry": {"type": "LineString", "coordinates": [[-74.0045745651102, 40.619609671908364], [-74.0023742818682, 40.618279940168364]]}, "properties": {"street": "74 STREET", "from": "15 AVENUE", "to": "14 AVENUE", "side": "N", "zone": "THU_FRI", "zone_label": "Thu/Fri", "schedules": ["THU 11:30AM-1PM"], "all_days": ["THU"], "color": "#4a3aa7"}}, {"type": "Feature", "geometry": {"type": "LineString", "coordinates": [[-74.02898732425446, 40.621226754700345], [-74.02719908817546, 40.62035704568435]]}, "properties": {"street": "88 STREET", "from": "4 AVENUE", "to": "5 AVENUE", "side": "N", "zone": "MON_TUE", "zone_label": "Mon/Tue", "schedules": ["MON 8:30AM-10AM"], "all_days": ["MON"], "color": "#2a78d6"}}, {"type": "Feature", "geometry": {"type": "LineString", "coordinates": [[-74.01178618659625, 40.6368069849643], [-74.00958418695025, 40.6354765906603]]}, "properties": {"street": "60 STREET", "from": "7 AVENUE", "to": "8 AVENUE", "side": "S", "zone": "DAILY", "zone_label": "Daily (except Sun)", "schedules": ["FRI 11:30AM-1PM", "MON/TUE/WED/THU/FRI/SAT 8:30AM-9AM"], "all_days": ["MON", "TUE", "WED", "THU", "FRI", "SAT"], "color": "#e87ba4"}}, {"type": "Feature", "geometry": {"type": "LineString", "coordinates": [[-74.00822804907739, 40.60791384748557], [-74.00742308695538, 40.60742581080957]]}, "properties": {"street": "BENSON AVENUE", "from": "BAY   14 STREET", "to": "BAY   13 STREET", "side": "N", "zone": "MON_TUE", "zone_label": "Mon/Tue", "schedules": ["MON 11:30AM-1PM"], "all_days": ["MON"], "color": "#2a78d6"}}, {"type": "Feature", "geometry": {"type": "LineString", "coordinates": [[-74.00570266009356, 40.60550891968987], [-74.00496168069157, 40.60505808976487]]}, "properties": {"street": "RUTHERFORD PLACE", "from": "18 AVENUE", "to": "BAY   17 STREET", "side": "S", "zone": "MON_TUE", "zone_label": "Mon/Tue", "schedules": ["TUE 11:30AM-1PM"], "all_days": ["TUE"], "color": "#2a78d6"}}, {"type": "Feature", "geometry": {"type": "LineString", "coordinates": [[-73.99999201624625, 40.60937252244719], [-74.00062478748626, 40.60884739952019]]}, "properties": {"street": "18 AVENUE", "from": "83 STREET", "to": "82 STREET", "side": "E", "zone": "MON_TUE", "zone_label": "Mon/Tue", "schedules": ["TUE 7:30AM-8AM"], "all_days": ["TUE"], "color": "#2a78d6"}}, {"type": "Feature", "geometry": {"type": "LineString", "coordinates": [[-74.00426958942715, 40.640589064125514], [-74.00206624400515, 40.639258077459516]]}, "properties": {"street": "51 STREET", "from": "9 AVENUE", "to": "8 AVENUE", "side": "N", "zone": "MON_THU", "zone_label": "Mon/Thu", "schedules": ["MON 8:30AM-10AM"], "all_days": ["MON"], "color": "#eda100"}}, {"type": "Feature", "geometry": {"type": "LineString", "coordinates": [[-74.00264763322744, 40.63869983354876], [-74.00044493804245, 40.63736913986276]]}, "properties": {"street": "52 STREET", "from": "9 AVENUE", "to": "10 AVENUE", "side": "N", "zone": "OTHER", "zone_label": "Other", "schedules": ["MON 9:30AM-11AM"], "all_days": ["MON"], "color": "#898781"}}, {"type": "Feature", "geometry": {"type": "LineString", "coordinates": [[-74.01608799045627, 40.60395896155937], [-74.01572347327212, 40.60387628718154], [-74.01514496142654, 40.60373535506421]]}, "properties": {"street": "INDEPENDENCE AVENUE", "from": "BAY   10 STREET", "to": "BAY   11 STREET", "side": "N", "zone": "OTHER", "zone_label": "Other", "schedules": ["WED 11:30AM-1PM"], "all_days": ["WED"], "color": "#898781"}}, {"type": "Feature", "geometry": {"type": "LineString", "coordinates": [[-74.03319887132544, 40.61342736645442], [-74.03368349946943, 40.61285853714342]]}, "properties": {"street": "4 AVENUE", "from": "99 STREET", "to": "100 STREET", "side": "W", "zone": "OTHER", "zone_label": "Other", "schedules": ["SAT 8:30AM-9AM"], "all_days": ["SAT"], "color": "#898781"}}, {"type": "Feature", "geometry": {"type": "LineString", "coordinates": [[-74.01130201716553, 40.6338273389447], [-74.00909488963553, 40.6324967569137]]}, "properties": {"street": "63 STREET", "from": "9 AVENUE", "to": "8 AVENUE", "side": "N", "zone": "WED_THU", "zone_label": "Wed/Thu", "schedules": ["WED 11:30AM-1PM"], "all_days": ["WED"], "color": "#e34948"}}, {"type": "Feature", "geometry": {"type": "LineString", "coordinates": [[-74.0279866842004, 40.63818050675128], [-74.02671965746254, 40.63769308707587], [-74.02581034771215, 40.6373432724994]]}, "properties": {"street": "SENATOR STREET", "from": "RIDGE BOULEVARD", "to": "3 AVENUE", "side": "N", "zone": "MON_TUE", "zone_label": "Mon/Tue", "schedules": ["MON 8:30AM-10AM"], "all_days": ["MON"], "color": "#2a78d6"}}, {"type": "Feature", "geometry": {"type": "LineString", "coordinates": [[-74.02579741687603, 40.63729495318484], [-74.02552154484879, 40.637543186224995], [-74.02545020363632, 40.63756726504782], [-74.02536385656595, 40.63758327159944], [-74.02527183483444, 40.637585331527475]]}, "properties": {"street": "SENATOR STREET", "from": "SENATOR STREET", "to": "3 AVENUE", "side": "E", "zone": "MON_TUE", "zone_label": "Mon/Tue", "schedules": ["TUE 8:30AM-10AM"], "all_days": ["TUE"], "color": "#2a78d6"}}, {"type": "Feature", "geometry": {"type": "LineString", "coordinates": [[-74.00264763322744, 40.63869983354876], [-74.00044493804245, 40.63736913986276]]}, "properties": {"street": "52 STREET", "from": "10 AVENUE", "to": "FT HAMILTON PARKWAY", "side": "N", "zone": "OTHER", "zone_label": "Other", "schedules": ["MON 9:30AM-11AM"], "all_days": ["MON"], "color": "#898781"}}, {"type": "Feature", "geometry": {"type": "LineString", "coordinates": [[-74.0132787586497, 40.63542513564425], [-74.01372478766078, 40.63499480913253], [-74.01414264206925, 40.63459165896762]]}, "properties": {"street": "7 AVENUE", "from": "62 STREET", "to": "64 STREET", "side": "W", "zone": "OTHER", "zone_label": "Other", "schedules": ["FRI 11:30AM-1PM"], "all_days": ["FRI"], "color": "#898781"}}, {"type": "Feature", "geometry": {"type": "LineString", "coordinates": [[-74.01003211884456, 40.63014488507497], [-74.01072905656056, 40.62967806534797]]}, "properties": {"street": "FORT HAMILTON PARKWAY", "from": "67 STREET", "to": "66 STREET", "side": "E", "zone": "DAILY", "zone_label": "Daily (except Sun)", "schedules": ["MON/TUE/WED/THU/FRI/SAT 8AM-8:30AM"], "all_days": ["MON", "TUE", "WED", "THU", "FRI", "SAT"], "color": "#e87ba4"}}, {"type": "Feature", "geometry": {"type": "LineString", "coordinates": [[-74.01559655635515, 40.64009427776958], [-74.01620100391715, 40.63951008185358]]}, "properties": {"street": "5 AVENUE", "from": "59 STREET", "to": "60 STREET", "side": "W", "zone": "DAILY", "zone_label": "Daily (except Sun)", "schedules": ["MON/TUE/WED/THU/FRI/SAT 7:30AM-8AM"], "all_days": ["MON", "TUE", "WED", "THU", "FRI", "SAT"], "color": "#e87ba4"}}, {"type": "Feature", "geometry": {"type": "LineString", "coordinates": [[-74.02019354413997, 40.635584067474724], [-74.02043313212297, 40.634982109168725]]}, "properties": {"street": "5 AVENUE", "from": "67 STREET", "to": "SENATOR STREET", "side": "W", "zone": "DAILY", "zone_label": "Daily (except Sun)", "schedules": ["MON/TUE/WED/THU/FRI/SAT 8AM-8:30AM"], "all_days": ["MON", "TUE", "WED", "THU", "FRI", "SAT"], "color": "#e87ba4"}}, {"type": "Feature", "geometry": {"type": "LineString", "coordinates": [[-74.02419434397186, 40.62579784660163], [-74.02448979976586, 40.62506587736463]]}, "properties": {"street": "5 AVENUE", "from": "80 STREET", "to": "81 STREET", "side": "W", "zone": "DAILY", "zone_label": "Daily (except Sun)", "schedules": ["MON/TUE/WED/THU/FRI/SAT 8AM-8:30AM"], "all_days": ["MON", "TUE", "WED", "THU", "FRI", "SAT"], "color": "#e87ba4"}}, {"type": "Feature", "geometry": {"type": "LineString", "coordinates": [[-74.02355953357126, 40.63463333272954], [-74.02392421045526, 40.633741932597545]]}, "properties": {"street": "4 AVENUE", "from": "BAY RIDGE AVENUE", "to": "OVINGTON AVENUE", "side": "W", "zone": "DAILY", "zone_label": "Daily (except Sun)", "schedules": ["MON/TUE/WED/THU/FRI/SAT 8:30AM-9AM"], "all_days": ["MON", "TUE", "WED", "THU", "FRI", "SAT"], "color": "#e87ba4"}}, {"type": "Feature", "geometry": {"type": "LineString", "coordinates": [[-74.02718673783122, 40.6203134003278], [-74.0276796432022, 40.6197395972898]]}, "properties": {"street": "5 AVENUE", "from": "90 STREET", "to": "88 STREET", "side": "E", "zone": "DAILY", "zone_label": "Daily (except Sun)", "schedules": ["MON/TUE/WED/THU/FRI/SAT 7:30AM-8AM"], "all_days": ["MON", "TUE", "WED", "THU", "FRI", "SAT"], "color": "#e87ba4"}}, {"type": "Feature", "geometry": {"type": "LineString", "coordinates": [[-74.03215704545867, 40.62068643438019], [-74.03228920321168, 40.62036081387919]]}, "properties": {"street": "3 AVENUE", "from": "91 STREET", "to": "90 STREET", "side": "E", "zone": "DAILY", "zone_label": "Daily (except Sun)", "schedules": ["MON/TUE/WED/THU/FRI/SAT 8AM-8:30AM"], "all_days": ["MON", "TUE", "WED", "THU", "FRI", "SAT"], "color": "#e87ba4"}}, {"type": "Feature", "geometry": {"type": "LineString", "coordinates": [[-74.02105310705802, 40.63348588671883], [-74.0211941132733, 40.63313962825693], [-74.02141544737195, 40.63259610704412]]}, "properties": {"street": "5 AVENUE", "from": "BAY RIDGE AVENUE", "to": "OVINGTON AVENUE", "side": "W", "zone": "DAILY", "zone_label": "Daily (except Sun)", "schedules": ["MON/TUE/WED/THU/FRI/SAT 8AM-8:30AM"], "all_days": ["MON", "TUE", "WED", "THU", "FRI", "SAT"], "color": "#e87ba4"}}, {"type": "Feature", "geometry": {"type": "LineString", "coordinates": [[-74.00374628881201, 40.641143547268165], [-74.00432792871501, 40.64058393588117]]}, "properties": {"street": "8 AVENUE", "from": "50 STREET", "to": "51 STREET", "side": "W", "zone": "DAILY", "zone_label": "Daily (except Sun)", "schedules": ["MON/TUE/WED/THU/FRI/SAT 7:30AM-8AM"], "all_days": ["MON", "TUE", "WED", "THU", "FRI", "SAT"], "color": "#e87ba4"}}, {"type": "Feature", "geometry": {"type": "LineString", "coordinates": [[-74.01288611423799, 40.62823815152208], [-74.013600738808, 40.627759677106084]]}, "properties": {"street": "FORT HAMILTON PARKWAY", "from": "71 STREET", "to": "70 STREET", "side": "E", "zone": "DAILY", "zone_label": "Daily (except Sun)", "schedules": ["MON/TUE/WED/THU/FRI/SAT 8AM-8:30AM"], "all_days": ["MON", "TUE", "WED", "THU", "FRI", "SAT"], "color": "#e87ba4"}}, {"type": "Feature", "geometry": {"type": "LineString", "coordinates": [[-74.03074863808467, 40.62434575762099], [-74.03110080026968, 40.62348039816699]]}, "properties": {"street": "3 AVENUE", "from": "85 STREET", "to": "86 STREET", "side": "W", "zone": "DAILY", "zone_label": "Daily (except Sun)", "schedules": ["MON/TUE/WED/THU/FRI/SAT 7:30AM-8AM"], "all_days": ["MON", "TUE", "WED", "THU", "FRI", "SAT"], "color": "#e87ba4"}}, {"type": "Feature", "geometry": {"type": "LineString", "coordinates": [[-74.0019936153685, 40.64282643288697], [-74.0025787013405, 40.64226345369197]]}, "properties": {"street": "8 AVENUE", "from": "46 STREET", "to": "47 STREET", "side": "W", "zone": "DAILY", "zone_label": "Daily (except Sun)", "schedules": ["MON/TUE/WED/THU/FRI/SAT 7:30AM-8AM"], "all_days": ["MON", "TUE", "WED", "THU", "FRI", "SAT"], "color": "#e87ba4"}}, {"type": "Feature", "geometry": {"type": "LineString", "coordinates": [[-74.0260011652936, 40.63574052758126], [-74.0263410226776, 40.634865135626264]]}, "properties": {"street": "3 AVENUE", "from": "OVINGTON AVENUE", "to": "BAY RIDGE AVENUE", "side": "E", "zone": "DAILY", "zone_label": "Daily (except Sun)", "schedules": ["MON/TUE/WED/THU/FRI/SAT 8AM-8:30AM"], "all_days": ["MON", "TUE", "WED", "THU", "FRI", "SAT"], "color": "#e87ba4"}}, {"type": "Feature", "geometry": {"type": "LineString", "coordinates": [[-74.02804192926374, 40.63075303803041], [-74.02834178447073, 40.630021625083415]]}, "properties": {"street": "3 AVENUE", "from": "77 STREET", "to": "76 STREET", "side": "E", "zone": "DAILY", "zone_label": "Daily (except Sun)", "schedules": ["MON/TUE/WED/THU/FRI/SAT 8AM-8:30AM"], "all_days": ["MON", "TUE", "WED", "THU", "FRI", "SAT"], "color": "#e87ba4"}}, {"type": "Feature", "geometry": {"type": "LineString", "coordinates": [[-74.00198158858863, 40.607847435807045], [-74.00267559274563, 40.60728692803005]]}, "properties": {"street": "18 AVENUE", "from": "85 STREET", "to": "86 STREET", "side": "W", "zone": "DAILY", "zone_label": "Daily (except Sun)", "schedules": ["MON/TUE/WED/THU/FRI/SAT 7:30AM-8AM"], "all_days": ["MON", "TUE", "WED", "THU", "FRI", "SAT"], "color": "#e87ba4"}}, {"type": "Feature", "geometry": {"type": "LineString", "coordinates": [[-74.0326731316466, 40.614035384975224], [-74.0331987186336, 40.61342754469623]]}, "properties": {"street": "4 AVENUE", "from": "MARINE AVENUE", "to": "99 STREET", "side": "W", "zone": "DAILY", "zone_label": "Daily (except Sun)", "schedules": ["MON/TUE/WED/THU/FRI/SAT 8:30AM-9AM"], "all_days": ["MON", "TUE", "WED", "THU", "FRI", "SAT"], "color": "#e87ba4"}}, {"type": "Feature", "geometry": {"type": "LineString", "coordinates": [[-74.0019936153685, 40.64282643288697], [-74.0025787013405, 40.64226345369197]]}, "properties": {"street": "8 AVENUE", "from": "47 STREET", "to": "48 STREET", "side": "W", "zone": "DAILY", "zone_label": "Daily (except Sun)", "schedules": ["MON/TUE/WED/THU/FRI/SAT 7:30AM-8AM"], "all_days": ["MON", "TUE", "WED", "THU", "FRI", "SAT"], "color": "#e87ba4"}}, {"type": "Feature", "geometry": {"type": "LineString", "coordinates": [[-74.02790476997053, 40.636287827541565], [-74.02605644804053, 40.63572026786257]]}, "properties": {"street": "BAY RIDGE AVENUE", "from": "BAY RIDGE PLACE", "to": "3 AVENUE", "side": "S", "zone": "DAILY", "zone_label": "Daily (except Sun)", "schedules": ["MON/TUE/WED/THU/FRI/SAT 7:30AM-8AM"], "all_days": ["MON", "TUE", "WED", "THU", "FRI", "SAT"], "color": "#e87ba4"}}, {"type": "Feature", "geometry": {"type": "LineString", "coordinates": [[-74.03223621751734, 40.62070494760381], [-74.03236837527034, 40.62037932710281]]}, "properties": {"street": "3 AVENUE", "from": "90 STREET", "to": "91 STREET", "side": "W", "zone": "DAILY", "zone_label": "Daily (except Sun)", "schedules": ["MON/TUE/WED/THU/FRI/SAT 7:30AM-8AM"], "all_days": ["MON", "TUE", "WED", "THU", "FRI", "SAT"], "color": "#e87ba4"}}, {"type": "Feature", "geometry": {"type": "LineString", "coordinates": [[-74.00019275419686, 40.61313810738756], [-74.00077194752686, 40.61258245662957]]}, "properties": {"street": "17 AVENUE", "from": "78 STREET", "to": "NEW UTRECHT AVENUE", "side": "W", "zone": "DAILY", "zone_label": "Daily (except Sun)", "schedules": ["MON/TUE/WED/THU/FRI/SAT 8:30AM-9AM"], "all_days": ["MON", "TUE", "WED", "THU", "FRI", "SAT"], "color": "#e87ba4"}}, {"type": "Feature", "geometry": {"type": "LineString", "coordinates": [[-74.00502658650817, 40.62257196721602], [-74.00560618699416, 40.622012347499016]]}, "properties": {"street": "13 AVENUE", "from": "72 STREET", "to": "71 STREET", "side": "E", "zone": "DAILY", "zone_label": "Daily (except Sun)", "schedules": ["MON/TUE/WED/THU/FRI/SAT 8:30AM-9AM"], "all_days": ["MON", "TUE", "WED", "THU", "FRI", "SAT"], "color": "#e87ba4"}}, {"type": "Feature", "geometry": {"type": "LineString", "coordinates": [[-74.0301358240046, 40.618339206193], [-74.0304467317126, 40.617581416842995]]}, "properties": {"street": "4 AVENUE", "from": "94 STREET", "to": "92 STREET", "side": "E", "zone": "DAILY", "zone_label": "Daily (except Sun)", "schedules": ["MON/TUE/WED/THU/FRI/SAT 8AM-8:30AM"], "all_days": ["MON", "TUE", "WED", "THU", "FRI", "SAT"], "color": "#e87ba4"}}, {"type": "Feature", "geometry": {"type": "LineString", "coordinates": [[-74.00386104445549, 40.623690242235575], [-74.0040147325262, 40.6235435245546], [-74.00444491862366, 40.62313284401426]]}, "properties": {"street": "13 AVENUE", "from": "70 STREET", "to": "BAY RIDGE AVENUE", "side": "E", "zone": "DAILY", "zone_label": "Daily (except Sun)", "schedules": ["MON/TUE/WED/THU/FRI/SAT 8:30AM-9AM"], "all_days": ["MON", "TUE", "WED", "THU", "FRI", "SAT"], "color": "#e87ba4"}}, {"type": "Feature", "geometry": {"type": "LineString", "coordinates": [[-74.00596020175433, 40.62867178404946], [-74.00658814934533, 40.628067411491465]]}, "properties": {"street": "11 AVENUE", "from": "65 STREET", "to": "66 STREET", "side": "W", "zone": "DAILY", "zone_label": "Daily (except Sun)", "schedules": ["MON/TUE/WED/THU/FRI/SAT 8AM-8:30AM"], "all_days": ["MON", "TUE", "WED", "THU", "FRI", "SAT"], "color": "#e87ba4"}}, {"type": "Feature", "geometry": {"type": "LineString", "coordinates": [[-74.03110078605486, 40.62348043196063], [-74.03140075198986, 40.62274625545163]]}, "properties": {"street": "3 AVENUE", "from": "86 STREET", "to": "87 STREET", "side": "W", "zone": "DAILY", "zone_label": "Daily (except Sun)", "schedules": ["MON/TUE/WED/THU/FRI/SAT 7:30AM-8AM"], "all_days": ["MON", "TUE", "WED", "THU", "FRI", "SAT"], "color": "#e87ba4"}}, {"type": "Feature", "geometry": {"type": "LineString", "coordinates": [[-74.0048302768062, 40.608626881124835], [-74.0040887497932, 40.608177973487834]]}, "properties": {"street": "86 STREET", "from": "BAY   16 STREET", "to": "17 AVENUE", "side": "N", "zone": "DAILY", "zone_label": "Daily (except Sun)", "schedules": ["MON/TUE/WED/THU/FRI/SAT 7:30AM-8AM"], "all_days": ["MON", "TUE", "WED", "THU", "FRI", "SAT"], "color": "#e87ba4"}}, {"type": "Feature", "geometry": {"type": "LineString", "coordinates": [[-74.00261308918658, 40.60724574377734], [-74.00439373804758, 40.605557165538336]]}, "properties": {"street": "18 AVENUE", "from": "BENSON AVENUE", "to": "86 STREET", "side": "E", "zone": "DAILY", "zone_label": "Daily (except Sun)", "schedules": ["MON/TUE/WED/THU/FRI/SAT 8AM-8:30AM"], "all_days": ["MON", "TUE", "WED", "THU", "FRI", "SAT"], "color": "#e87ba4"}}, {"type": "Feature", "geometry": {"type": "LineString", "coordinates": [[-74.00023327740763, 40.61496475401407], [-74.00043941004263, 40.61418003928107]]}, "properties": {"street": "NEW UTRECHT AVENUE", "from": "76 STREET", "to": "77 STREET", "side": "W", "zone": "DAILY", "zone_label": "Daily (except Sun)", "schedules": ["MON/TUE/WED/THU/FRI/SAT 7AM-7:30AM"], "all_days": ["MON", "TUE", "WED", "THU", "FRI", "SAT"], "color": "#e87ba4"}}, {"type": "Feature", "geometry": {"type": "LineString", "coordinates": [[-74.03361407053389, 40.6128242410791], [-74.03407740162189, 40.6122869888581]]}, "properties": {"street": "4 AVENUE", "from": "101 STREET", "to": "100 STREET", "side": "E", "zone": "DAILY", "zone_label": "Daily (except Sun)", "schedules": ["MON/TUE/WED/THU/FRI/SAT 8:30AM-9AM"], "all_days": ["MON", "TUE", "WED", "THU", "FRI", "SAT"], "color": "#e87ba4"}}, {"type": "Feature", "geometry": {"type": "LineString", "coordinates": [[-74.02783186569208, 40.631480884942235], [-74.02812106326108, 40.63077167379524]]}, "properties": {"street": "3 AVENUE", "from": "BAYRIDGE PARKWAY", "to": "76 STREET", "side": "W", "zone": "DAILY", "zone_label": "Daily (except Sun)", "schedules": ["MON/TUE/WED/THU/FRI/SAT 7:30AM-8AM"], "all_days": ["MON", "TUE", "WED", "THU", "FRI", "SAT"], "color": "#e87ba4"}}, {"type": "Feature", "geometry": {"type": "LineString", "coordinates": [[-74.02672057777775, 40.63421456953738], [-74.02699173703975, 40.63353324540438]]}, "properties": {"street": "3 AVENUE", "from": "71 STREET", "to": "72 STREET", "side": "W", "zone": "DAILY", "zone_label": "Daily (except Sun)", "schedules": ["MON/TUE/WED/THU/FRI/SAT 7:30AM-8AM"], "all_days": ["MON", "TUE", "WED", "THU", "FRI", "SAT"], "color": "#e87ba4"}}, {"type": "Feature", "geometry": {"type": "LineString", "coordinates": [[-74.00175333923627, 40.60768232227032], [-74.00166616053127, 40.606640789228315]]}, "properties": {"street": "NEW UTRECHT AVENUE", "from": "85 STREET", "to": "86 STREET", "side": "W", "zone": "DAILY", "zone_label": "Daily (except Sun)", "schedules": ["MON/TUE/WED/THU/FRI/SAT 7AM-7:30AM"], "all_days": ["MON", "TUE", "WED", "THU", "FRI", "SAT"], "color": "#e87ba4"}}, {"type": "Feature", "geometry": {"type": "LineString", "coordinates": [[-74.02824128883793, 40.619198008740085], [-74.02873678615293, 40.61861889679408]]}, "properties": {"street": "5 AVENUE", "from": "90 STREET", "to": "91 STREET", "side": "W", "zone": "DAILY", "zone_label": "Daily (except Sun)", "schedules": ["MON/TUE/WED/THU/FRI/SAT 8AM-8:30AM"], "all_days": ["MON", "TUE", "WED", "THU", "FRI", "SAT"], "color": "#e87ba4"}}, {"type": "Feature", "geometry": {"type": "LineString", "coordinates": [[-74.02321970808471, 40.62797029328759], [-74.0235185057797, 40.62724140552259]]}, "properties": {"street": "5 AVENUE", "from": "78 STREET", "to": "77 STREET", "side": "E", "zone": "DAILY", "zone_label": "Daily (except Sun)", "schedules": ["MON/TUE/WED/THU/FRI/SAT 7:30AM-8AM"], "all_days": ["MON", "TUE", "WED", "THU", "FRI", "SAT"], "color": "#e87ba4"}}, {"type": "Feature", "geometry": {"type": "LineString", "coordinates": [[-74.01239743593696, 40.63626987404396], [-74.01297760333097, 40.63571370351896]]}, "properties": {"street": "7 AVENUE", "from": "61 STREET", "to": "62 STREET", "side": "W", "zone": "DAILY", "zone_label": "Daily (except Sun)", "schedules": ["MON/TUE/WED/THU/FRI/SAT 7:30AM-8AM"], "all_days": ["MON", "TUE", "WED", "THU", "FRI", "SAT"], "color": "#e87ba4"}}, {"type": "Feature", "geometry": {"type": "LineString", "coordinates": [[-74.02832562423849, 40.622831327384695], [-74.02618933300049, 40.6215243781747]]}, "properties": {"street": "86 STREET", "from": "5 AVENUE", "to": "4 AVENUE", "side": "N", "zone": "DAILY", "zone_label": "Daily (except Sun)", "schedules": ["MON/TUE/WED/THU/FRI/SAT 8:30AM-9AM"], "all_days": ["MON", "TUE", "WED", "THU", "FRI", "SAT"], "color": "#e87ba4"}}, {"type": "Feature", "geometry": {"type": "LineString", "coordinates": [[-74.02871887590092, 40.629311846323496], [-74.02901663861192, 40.6285815943745]]}, "properties": {"street": "3 AVENUE", "from": "78 STREET", "to": "79 STREET", "side": "W", "zone": "DAILY", "zone_label": "Daily (except Sun)", "schedules": ["MON/TUE/WED/THU/FRI/SAT 7:30AM-8AM"], "all_days": ["MON", "TUE", "WED", "THU", "FRI", "SAT"], "color": "#e87ba4"}}, {"type": "Feature", "geometry": {"type": "LineString", "coordinates": [[-74.00677080626961, 40.620894428794585], [-74.00739542257861, 40.62029241048059]]}, "properties": {"street": "13 AVENUE", "from": "BAY RIDGE PARKWAY", "to": "74 STREET", "side": "E", "zone": "DAILY", "zone_label": "Daily (except Sun)", "schedules": ["MON/TUE/WED/THU/FRI/SAT 8:30AM-9AM"], "all_days": ["MON", "TUE", "WED", "THU", "FRI", "SAT"], "color": "#e87ba4"}}, {"type": "Feature", "geometry": {"type": "LineString", "coordinates": [[-74.00780321498127, 40.62679713453678], [-74.00826848125527, 40.626350228070784]]}, "properties": {"street": "11 AVENUE", "from": "BAYRIDGE AVENUE", "to": "OVINGTON AVENUE", "side": "E", "zone": "DAILY", "zone_label": "Daily (except Sun)", "schedules": ["MON/TUE/WED/THU/FRI/SAT 8:30AM-9AM"], "all_days": ["MON", "TUE", "WED", "THU", "FRI", "SAT"], "color": "#e87ba4"}}, {"type": "Feature", "geometry": {"type": "LineString", "coordinates": [[-74.01320079554911, 40.64229394289124], [-74.01378266216311, 40.64173400462925]]}, "properties": {"street": "5 AVENUE", "from": "56 STREET", "to": "55 STREET", "side": "E", "zone": "DAILY", "zone_label": "Daily (except Sun)", "schedules": ["MON/TUE/WED/THU/FRI/SAT 8AM-8:30AM"], "all_days": ["MON", "TUE", "WED", "THU", "FRI", "SAT"], "color": "#e87ba4"}}, {"type": "Feature", "geometry": {"type": "LineString", "coordinates": [[-74.02774908950565, 40.619773881821594], [-74.02824130023865, 40.619197995760594]]}, "properties": {"street": "5 AVENUE", "from": "89 STREET", "to": "90 STREET", "side": "W", "zone": "DAILY", "zone_label": "Daily (except Sun)", "schedules": ["MON/TUE/WED/THU/FRI/SAT 8AM-8:30AM"], "all_days": ["MON", "TUE", "WED", "THU", "FRI", "SAT"], "color": "#e87ba4"}}, {"type": "Feature", "geometry": {"type": "LineString", "coordinates": [[-74.00651608810293, 40.60956464608886], [-74.00570821270593, 40.60907823605886]]}, "properties": {"street": "86 STREET", "from": "BAY   13 STREET", "to": "BAY   14 STREET", "side": "S", "zone": "DAILY", "zone_label": "Daily (except Sun)", "schedules": ["MON/TUE/WED/THU/FRI/SAT 8AM-8:30AM"], "all_days": ["MON", "TUE", "WED", "THU", "FRI", "SAT"], "color": "#e87ba4"}}, {"type": "Feature", "geometry": {"type": "LineString", "coordinates": [[-74.00898658588079, 40.63610276245865], [-74.00959092569879, 40.63552064522765]]}, "properties": {"street": "8 AVENUE", "from": "59 STREET", "to": "60 STREET", "side": "W", "zone": "DAILY", "zone_label": "Daily (except Sun)", "schedules": ["MON/TUE/WED/THU/FRI/SAT 7:30AM-8AM"], "all_days": ["MON", "TUE", "WED", "THU", "FRI", "SAT"], "color": "#e87ba4"}}, {"type": "Feature", "geometry": {"type": "LineString", "coordinates": [[-74.00343013887066, 40.60769378181613], [-74.00267101378365, 40.60724067712314]]}, "properties": {"street": "86 STREET", "from": "BAY   17 STREET", "to": "18 AVENUE", "side": "S", "zone": "DAILY", "zone_label": "Daily (except Sun)", "schedules": ["MON/TUE/WED/THU/FRI/SAT 8AM-8:30AM"], "all_days": ["MON", "TUE", "WED", "THU", "FRI", "SAT"], "color": "#e87ba4"}}, {"type": "Feature", "geometry": {"type": "LineString", "coordinates": [[-74.02389415919544, 40.626532014135], [-74.02419430016744, 40.625797955493006]]}, "properties": {"street": "5 AVENUE", "from": "79 STREET", "to": "80 STREET", "side": "W", "zone": "DAILY", "zone_label": "Daily (except Sun)", "schedules": ["MON/TUE/WED/THU/FRI/SAT 8AM-8:30AM"], "all_days": ["MON", "TUE", "WED", "THU", "FRI", "SAT"], "color": "#e87ba4"}}, {"type": "Feature", "geometry": {"type": "LineString", "coordinates": [[-74.00181514882253, 40.60916309928552], [-74.00163663994373, 40.60906532621559], [-74.00092114543442, 40.60867342578645]]}, "properties": {"street": "84 STREET", "from": "18 AVENUE", "to": "NEW UTRECHT AVENUE", "side": "N", "zone": "DAILY", "zone_label": "Daily (except Sun)", "schedules": ["MON/TUE/WED/THU/FRI/SAT 8:30AM-9AM"], "all_days": ["MON", "TUE", "WED", "THU", "FRI", "SAT"], "color": "#e87ba4"}}, {"type": "Feature", "geometry": {"type": "LineString", "coordinates": [[-74.03365373817498, 40.61723633442156], [-74.03390667064697, 40.61661142496656]]}, "properties": {"street": "3 AVENUE", "from": "95 STREET", "to": "96 STREET", "side": "W", "zone": "DAILY", "zone_label": "Daily (except Sun)", "schedules": ["MON/TUE/WED/THU/FRI/SAT 7:30AM-8AM"], "all_days": ["MON", "TUE", "WED", "THU", "FRI", "SAT"], "color": "#e87ba4"}}, {"type": "Feature", "geometry": {"type": "LineString", "coordinates": [[-74.01436510847675, 40.641174573265616], [-74.01494842126175, 40.64061420500562]]}, "properties": {"street": "5 AVENUE", "from": "58 STREET", "to": "57 STREET", "side": "E", "zone": "DAILY", "zone_label": "Daily (except Sun)", "schedules": ["MON/TUE/WED/THU/FRI/SAT 8AM-8:30AM"], "all_days": ["MON", "TUE", "WED", "THU", "FRI", "SAT"], "color": "#e87ba4"}}, {"type": "Feature", "geometry": {"type": "LineString", "coordinates": [[-74.03132163916476, 40.622727591090225], [-74.03160083535076, 40.62204736071823]]}, "properties": {"street": "3 AVENUE", "from": "88 STREET", "to": "87 STREET", "side": "E", "zone": "DAILY", "zone_label": "Daily (except Sun)", "schedules": ["MON/TUE/WED/THU/FRI/SAT 8AM-8:30AM"], "all_days": ["MON", "TUE", "WED", "THU", "FRI", "SAT"], "color": "#e87ba4"}}, {"type": "Feature", "geometry": {"type": "LineString", "coordinates": [[-74.02259966509476, 40.62948516805041], [-74.02292128027976, 40.628700201925405]]}, "properties": {"street": "5 AVENUE", "from": "76 STREET", "to": "BAY RIDGE PARKWAY", "side": "E", "zone": "DAILY", "zone_label": "Daily (except Sun)", "schedules": ["MON/TUE/WED/THU/FRI/SAT 7:30AM-8AM"], "all_days": ["MON", "TUE", "WED", "THU", "FRI", "SAT"], "color": "#e87ba4"}}, {"type": "Feature", "geometry": {"type": "LineString", "coordinates": [[-74.02359763954523, 40.627260031651545], [-74.02389417308522, 40.62653198116454]]}, "properties": {"street": "5 AVENUE", "from": "78 STREET", "to": "79 STREET", "side": "W", "zone": "DAILY", "zone_label": "Daily (except Sun)", "schedules": ["MON/TUE/WED/THU/FRI/SAT 8AM-8:30AM"], "all_days": ["MON", "TUE", "WED", "THU", "FRI", "SAT"], "color": "#e87ba4"}}, {"type": "Feature", "geometry": {"type": "LineString", "coordinates": [[-74.02267878250524, 40.6295038395176], [-74.02300039769024, 40.62871887339259]]}, "properties": {"street": "5 AVENUE", "from": "BAY RIDGE PARKWAY", "to": "76 STREET", "side": "W", "zone": "DAILY", "zone_label": "Daily (except Sun)", "schedules": ["MON/TUE/WED/THU/FRI/SAT 8AM-8:30AM"], "all_days": ["MON", "TUE", "WED", "THU", "FRI", "SAT"], "color": "#e87ba4"}}, {"type": "Feature", "geometry": {"type": "LineString", "coordinates": [[-74.00533231315039, 40.62927318580129], [-74.00596014174239, 40.62867184195129]]}, "properties": {"street": "11 AVENUE", "from": "64 STREET", "to": "65 STREET", "side": "W", "zone": "DAILY", "zone_label": "Daily (except Sun)", "schedules": ["MON/TUE/WED/THU/FRI/SAT 8AM-8:30AM"], "all_days": ["MON", "TUE", "WED", "THU", "FRI", "SAT"], "color": "#e87ba4"}}, {"type": "Feature", "geometry": {"type": "LineString", "coordinates": [[-74.0260806492324, 40.63575829867274], [-74.0264205066164, 40.63488290671774]]}, "properties": {"street": "3 AVENUE", "from": "BAY RIDGE AVENUE", "to": "OVINGTON AVENUE", "side": "W", "zone": "DAILY", "zone_label": "Daily (except Sun)", "schedules": ["MON/TUE/WED/THU/FRI/SAT 7:30AM-8AM"], "all_days": ["MON", "TUE", "WED", "THU", "FRI", "SAT"], "color": "#e87ba4"}}, {"type": "Feature", "geometry": {"type": "LineString", "coordinates": [[-74.00874151628912, 40.61098900932198], [-74.00802654882412, 40.61055676632098]]}, "properties": {"street": "86 STREET", "from": "16 AVENUE", "to": "15 AVENUE", "side": "N", "zone": "DAILY", "zone_label": "Daily (except Sun)", "schedules": ["MON/TUE/WED/THU/FRI/SAT 8AM-8:30AM"], "all_days": ["MON", "TUE", "WED", "THU", "FRI", "SAT"], "color": "#e87ba4"}}, {"type": "Feature", "geometry": {"type": "LineString", "coordinates": [[-74.0162010529624, 40.639510034081], [-74.01680231054641, 40.638926601019]]}, "properties": {"street": "5 AVENUE", "from": "60 STREET", "to": "61 STREET", "side": "W", "zone": "DAILY", "zone_label": "Daily (except Sun)", "schedules": ["MON/TUE/WED/THU/FRI/SAT 7:30AM-8AM"], "all_days": ["MON", "TUE", "WED", "THU", "FRI", "SAT"], "color": "#e87ba4"}}, {"type": "Feature", "geometry": {"type": "LineString", "coordinates": [[-74.03195876661744, 40.62138452771912], [-74.03209092667544, 40.62105808851113]]}, "properties": {"street": "3 AVENUE", "from": "89 STREET", "to": "90 STREET", "side": "W", "zone": "DAILY", "zone_label": "Daily (except Sun)", "schedules": ["MON/TUE/WED/THU/FRI/SAT 7:30AM-8AM"], "all_days": ["MON", "TUE", "WED", "THU", "FRI", "SAT"], "color": "#e87ba4"}}, {"type": "Feature", "geometry": {"type": "LineString", "coordinates": [[-74.03260388203141, 40.61400087916877], [-74.0331294690184, 40.613393038889775]]}, "properties": {"street": "4 AVENUE", "from": "99 STREET", "to": "MARINE AVENUE", "side": "E", "zone": "DAILY", "zone_label": "Daily (except Sun)", "schedules": ["MON/TUE/WED/THU/FRI/SAT 8:30AM-9AM"], "all_days": ["MON", "TUE", "WED", "THU", "FRI", "SAT"], "color": "#e87ba4"}}, {"type": "Feature", "geometry": {"type": "LineString", "coordinates": [[-74.02634154789688, 40.63486388126225], [-74.02664170043188, 40.63419533912224]]}, "properties": {"street": "3 AVENUE", "from": "72 STREET", "to": "OVINGTON AVENUE", "side": "E", "zone": "DAILY", "zone_label": "Daily (except Sun)", "schedules": ["MON/TUE/WED/THU/FRI/SAT 8AM-8:30AM"], "all_days": ["MON", "TUE", "WED", "THU", "FRI", "SAT"], "color": "#e87ba4"}}, {"type": "Feature", "geometry": {"type": "LineString", "coordinates": [[-74.00716904467771, 40.62750884228605], [-74.0078682434707, 40.626836099129044]]}, "properties": {"street": "11 AVENUE", "from": "67 STREET", "to": "OVINGTON AVENUE", "side": "W", "zone": "DAILY", "zone_label": "Daily (except Sun)", "schedules": ["MON/TUE/WED/THU/FRI/SAT 8AM-8:30AM"], "all_days": ["MON", "TUE", "WED", "THU", "FRI", "SAT"], "color": "#e87ba4"}}, {"type": "Feature", "geometry": {"type": "LineString", "coordinates": [[-74.00012779658715, 40.613099087826434], [-74.00070698991715, 40.61254343706844]]}, "properties": {"street": "17 AVENUE", "from": "79 STREET", "to": "78 STREET", "side": "E", "zone": "DAILY", "zone_label": "Daily (except Sun)", "schedules": ["MON/TUE/WED/THU/FRI/SAT 8:30AM-9AM"], "all_days": ["MON", "TUE", "WED", "THU", "FRI", "SAT"], "color": "#e87ba4"}}, {"type": "Feature", "geometry": {"type": "LineString", "coordinates": [[-74.00118024040738, 40.60641803557661], [-74.00043278405938, 40.60596732130461]]}, "properties": {"street": "86 STREET", "from": "19 AVENUE", "to": "NEW UTRECHT AVENUE", "side": "N", "zone": "DAILY", "zone_label": "Daily (except Sun)", "schedules": ["MON/TUE/WED/THU/FRI/SAT 7:30AM-8AM"], "all_days": ["MON", "TUE", "WED", "THU", "FRI", "SAT"], "color": "#e87ba4"}}, {"type": "Feature", "geometry": {"type": "LineString", "coordinates": [[-74.00267131940758, 40.60724086142136], [-74.00195532037958, 40.60680514032636]]}, "properties": {"street": "86 STREET", "from": "18 AVENUE", "to": "BAY   19 STREET", "side": "S", "zone": "DAILY", "zone_label": "Daily (except Sun)", "schedules": ["MON/TUE/WED/THU/FRI/SAT 8:30AM-9AM"], "all_days": ["MON", "TUE", "WED", "THU", "FRI", "SAT"], "color": "#e87ba4"}}, {"type": "Feature", "geometry": {"type": "LineString", "coordinates": [[-74.02169883478894, 40.631686773163395], [-74.02198548819794, 40.63098690709639]]}, "properties": {"street": "5 AVENUE", "from": "73 STREET", "to": "72 STREET", "side": "E", "zone": "DAILY", "zone_label": "Daily (except Sun)", "schedules": ["MON/TUE/WED/THU/FRI/SAT 7:30AM-8AM"], "all_days": ["MON", "TUE", "WED", "THU", "FRI", "SAT"], "color": "#e87ba4"}}, {"type": "Feature", "geometry": {"type": "LineString", "coordinates": [[-74.01027780764552, 40.61183700191881], [-74.00953863001051, 40.6113897852328]]}, "properties": {"street": "86 STREET", "from": "BAY    8 STREET", "to": "15 AVENUE", "side": "S", "zone": "DAILY", "zone_label": "Daily (except Sun)", "schedules": ["MON/TUE/WED/THU/FRI/SAT 8AM-8:30AM"], "all_days": ["MON", "TUE", "WED", "THU", "FRI", "SAT"], "color": "#e87ba4"}}, {"type": "Feature", "geometry": {"type": "LineString", "coordinates": [[-74.02988347616491, 40.61917132698392], [-74.03021494191192, 40.61835784526392]]}, "properties": {"street": "4 AVENUE", "from": "91 STREET", "to": "92 STREET", "side": "W", "zone": "DAILY", "zone_label": "Daily (except Sun)", "schedules": ["MON/TUE/WED/THU/FRI/SAT 7:30AM-8AM"], "all_days": ["MON", "TUE", "WED", "THU", "FRI", "SAT"], "color": "#e87ba4"}}, {"type": "Feature", "geometry": {"type": "LineString", "coordinates": [[-74.01173907816096, 40.61271863289551], [-74.01099699891796, 40.61227101212551]]}, "properties": {"street": "86 STREET", "from": "14 AVENUE", "to": "BAY    7 STREET", "side": "S", "zone": "DAILY", "zone_label": "Daily (except Sun)", "schedules": ["MON/TUE/WED/THU/FRI/SAT 8AM-8:30AM"], "all_days": ["MON", "TUE", "WED", "THU", "FRI", "SAT"], "color": "#e87ba4"}}, {"type": "Feature", "geometry": {"type": "LineString", "coordinates": [[-74.02300040456359, 40.62871885554264], [-74.0232988295726, 40.62798895161864]]}, "properties": {"street": "5 AVENUE", "from": "76 STREET", "to": "77 STREET", "side": "W", "zone": "DAILY", "zone_label": "Daily (except Sun)", "schedules": ["MON/TUE/WED/THU/FRI/SAT 8AM-8:30AM"], "all_days": ["MON", "TUE", "WED", "THU", "FRI", "SAT"], "color": "#e87ba4"}}, {"type": "Feature", "geometry": {"type": "LineString", "coordinates": [[-74.00111465714966, 40.61184574260027], [-74.00134402443065, 40.61108401577727]]}, "properties": {"street": "NEW UTRECHT AVENUE", "from": "80 STREET", "to": "81 STREET", "side": "W", "zone": "DAILY", "zone_label": "Daily (except Sun)", "schedules": ["MON/TUE/WED/THU/FRI/SAT 7AM-7:30AM"], "all_days": ["MON", "TUE", "WED", "THU", "FRI", "SAT"], "color": "#e87ba4"}}, {"type": "Feature", "geometry": {"type": "LineString", "coordinates": [[-74.01771072551692, 40.64138981838519], [-74.01832602356292, 40.64078241203519]]}, "properties": {"street": "4 AVENUE", "from": "60 STREET", "to": "59 STREET", "side": "E", "zone": "DAILY", "zone_label": "Daily (except Sun)", "schedules": ["MON/TUE/WED/THU/FRI/SAT 7:30AM-8AM"], "all_days": ["MON", "TUE", "WED", "THU", "FRI", "SAT"], "color": "#e87ba4"}}, {"type": "Feature", "geometry": {"type": "LineString", "coordinates": [[-74.02777476461839, 40.624319054017526], [-74.02803111425338, 40.623700145799525]]}, "properties": {"street": "4 AVENUE", "from": "84 STREET", "to": "85 STREET", "side": "W", "zone": "DAILY", "zone_label": "Daily (except Sun)", "schedules": ["MON/TUE/WED/THU/FRI/SAT 8:30AM-9AM"], "all_days": ["MON", "TUE", "WED", "THU", "FRI", "SAT"], "color": "#e87ba4"}}, {"type": "Feature", "geometry": {"type": "LineString", "coordinates": [[-74.02799737973949, 40.623570715730324], [-74.02831204068349, 40.622797568435324]]}, "properties": {"street": "4 AVENUE", "from": "86 STREET", "to": "85 STREET", "side": "E", "zone": "DAILY", "zone_label": "Daily (except Sun)", "schedules": ["MON/TUE/WED/THU/FRI/SAT 8AM-8:30AM"], "all_days": ["MON", "TUE", "WED", "THU", "FRI", "SAT"], "color": "#e87ba4"}}, {"type": "Feature", "geometry": {"type": "LineString", "coordinates": [[-74.00123175364662, 40.60636879533939], [-74.00048429729863, 40.605918081067394]]}, "properties": {"street": "86 STREET", "from": "19 AVENUE", "to": "BAY   22 STREET", "side": "S", "zone": "DAILY", "zone_label": "Daily (except Sun)", "schedules": ["MON/TUE/WED/THU/FRI/SAT 8:30AM-9AM"], "all_days": ["MON", "TUE", "WED", "THU", "FRI", "SAT"], "color": "#e87ba4"}}, {"type": "Feature", "geometry": {"type": "LineString", "coordinates": [[-74.02319701649938, 40.63531778084123], [-74.02348034747737, 40.634614814222225]]}, "properties": {"street": "4 AVENUE", "from": "BAYRIDGE AVENUE", "to": "68 STREET", "side": "E", "zone": "DAILY", "zone_label": "Daily (except Sun)", "schedules": ["MON/TUE/WED/THU/FRI/SAT 8AM-8:30AM"], "all_days": ["MON", "TUE", "WED", "THU", "FRI", "SAT"], "color": "#e87ba4"}}, {"type": "Feature", "geometry": {"type": "LineString", "coordinates": [[-74.03102165688715, 40.623461806523366], [-74.03132162282215, 40.62272763001437]]}, "properties": {"street": "3 AVENUE", "from": "87 STREET", "to": "86 STREET", "side": "E", "zone": "DAILY", "zone_label": "Daily (except Sun)", "schedules": ["MON/TUE/WED/THU/FRI/SAT 8AM-8:30AM"], "all_days": ["MON", "TUE", "WED", "THU", "FRI", "SAT"], "color": "#e87ba4"}}, {"type": "Feature", "geometry": {"type": "LineString", "coordinates": [[-74.0284209066782, 40.63004028759769], [-74.02871886535121, 40.62931187321468]]}, "properties": {"street": "3 AVENUE", "from": "77 STREET", "to": "78 STREET", "side": "W", "zone": "DAILY", "zone_label": "Daily (except Sun)", "schedules": ["MON/TUE/WED/THU/FRI/SAT 7:30AM-8AM"], "all_days": ["MON", "TUE", "WED", "THU", "FRI", "SAT"], "color": "#e87ba4"}}, {"type": "Feature", "geometry": {"type": "LineString", "coordinates": [[-74.03066948048732, 40.62432719977101], [-74.03102164267233, 40.623461840317006]]}, "properties": {"street": "3 AVENUE", "from": "86 STREET", "to": "85 STREET", "side": "E", "zone": "DAILY", "zone_label": "Daily (except Sun)", "schedules": ["MON/TUE/WED/THU/FRI/SAT 8AM-8:30AM"], "all_days": ["MON", "TUE", "WED", "THU", "FRI", "SAT"], "color": "#e87ba4"}}, {"type": "Feature", "geometry": {"type": "LineString", "coordinates": [[-74.00589514259366, 40.628632847588534], [-74.00652309018466, 40.62802847503054]]}, "properties": {"street": "11 AVENUE", "from": "66 STREET", "to": "65 STREET", "side": "E", "zone": "DAILY", "zone_label": "Daily (except Sun)", "schedules": ["MON/TUE/WED/THU/FRI/SAT 8:30AM-9AM"], "all_days": ["MON", "TUE", "WED", "THU", "FRI", "SAT"], "color": "#e87ba4"}}, {"type": "Feature", "geometry": {"type": "LineString", "coordinates": [[-74.02680600284715, 40.62087165033769], [-74.02725613092916, 40.62034774764469]]}, "properties": {"street": "5 AVENUE", "from": "87 STREET", "to": "88 STREET", "side": "W", "zone": "DAILY", "zone_label": "Daily (except Sun)", "schedules": ["MON/TUE/WED/THU/FRI/SAT 8AM-8:30AM"], "all_days": ["MON", "TUE", "WED", "THU", "FRI", "SAT"], "color": "#e87ba4"}}, {"type": "Feature", "geometry": {"type": "LineString", "coordinates": [[-74.02865556394563, 40.622029062336736], [-74.02674556551963, 40.62087910818874]]}, "properties": {"street": "87 STREET", "from": "5 AVENUE", "to": "4 AVENUE", "side": "N", "zone": "DAILY", "zone_label": "Daily (except Sun)", "schedules": ["MON/TUE/WED/THU/FRI/SAT 8:30AM-9AM"], "all_days": ["MON", "TUE", "WED", "THU", "FRI", "SAT"], "color": "#e87ba4"}}, {"type": "Feature", "geometry": {"type": "LineString", "coordinates": [[-74.00159301764859, 40.610221141856506], [-74.00187997368059, 40.60914383344651]]}, "properties": {"street": "NEW UTRECHT AVENUE", "from": "BAY   16 STREET", "to": "82 STREET", "side": "W", "zone": "DAILY", "zone_label": "Daily (except Sun)", "schedules": ["MON/TUE/WED/THU/FRI/SAT 7AM-7:30AM"], "all_days": ["MON", "TUE", "WED", "THU", "FRI", "SAT"], "color": "#e87ba4"}}, {"type": "Feature", "geometry": {"type": "LineString", "coordinates": [[-74.02295073702022, 40.636125085075996], [-74.02327617366923, 40.635336372046]]}, "properties": {"street": "4 AVENUE", "from": "SENATOR STREET", "to": "68 STREET", "side": "W", "zone": "DAILY", "zone_label": "Daily (except Sun)", "schedules": ["MON/TUE/WED/THU/FRI/SAT 8:30AM-9AM"], "all_days": ["MON", "TUE", "WED", "THU", "FRI", "SAT"], "color": "#e87ba4"}}, {"type": "Feature", "geometry": {"type": "LineString", "coordinates": [[-74.02837761332351, 40.622782368847304], [-74.02624132208551, 40.62147541963731]]}, "properties": {"street": "86 STREET", "from": "4 AVENUE", "to": "5 AVENUE", "side": "S", "zone": "DAILY", "zone_label": "Daily (except Sun)", "schedules": ["MON/TUE/WED/THU/FRI/SAT 8:30AM-9AM"], "all_days": ["MON", "TUE", "WED", "THU", "FRI", "SAT"], "color": "#e87ba4"}}, {"type": "Feature", "geometry": {"type": "LineString", "coordinates": [[-74.02901662932379, 40.62858161606319], [-74.0293155190568, 40.627850462195184]]}, "properties": {"street": "3 AVENUE", "from": "79 STREET", "to": "80 STREET", "side": "W", "zone": "DAILY", "zone_label": "Daily (except Sun)", "schedules": ["MON/TUE/WED/THU/FRI/SAT 7:30AM-8AM"], "all_days": ["MON", "TUE", "WED", "THU", "FRI", "SAT"], "color": "#e87ba4"}}, {"type": "Feature", "geometry": {"type": "LineString", "coordinates": [[-74.0223372630189, 40.63034061796979], [-74.0226787964579, 40.62950380653479]]}, "properties": {"street": "5 AVENUE", "from": "74 STREET", "to": "BAY RIDGE PARKWAY", "side": "W", "zone": "DAILY", "zone_label": "Daily (except Sun)", "schedules": ["MON/TUE/WED/THU/FRI/SAT 8AM-8:30AM"], "all_days": ["MON", "TUE", "WED", "THU", "FRI", "SAT"], "color": "#e87ba4"}}, {"type": "Feature", "geometry": {"type": "LineString", "coordinates": [[-74.012170292626, 40.628716162434], [-74.01288607379199, 40.628238178698]]}, "properties": {"street": "FORT HAMILTON PARKWAY", "from": "BAY RIDGE AVENUE", "to": "70 STREET", "side": "W", "zone": "DAILY", "zone_label": "Daily (except Sun)", "schedules": ["MON/TUE/WED/THU/FRI/SAT 7:30AM-8AM"], "all_days": ["MON", "TUE", "WED", "THU", "FRI", "SAT"], "color": "#e87ba4"}}, {"type": "Feature", "geometry": {"type": "LineString", "coordinates": [[-74.02448970808301, 40.625066100472445], [-74.02479124522601, 40.62433840662145]]}, "properties": {"street": "5 AVENUE", "from": "81 STREET", "to": "82 STREET", "side": "W", "zone": "DAILY", "zone_label": "Daily (except Sun)", "schedules": ["MON/TUE/WED/THU/FRI/SAT 8AM-8:30AM"], "all_days": ["MON", "TUE", "WED", "THU", "FRI", "SAT"], "color": "#e87ba4"}}, {"type": "Feature", "geometry": {"type": "LineString", "coordinates": [[-74.02673661138284, 40.62083730077231], [-74.02718673946485, 40.62031339807931]]}, "properties": {"street": "5 AVENUE", "from": "88 STREET", "to": "86 STREET", "side": "E", "zone": "DAILY", "zone_label": "Daily (except Sun)", "schedules": ["MON/TUE/WED/THU/FRI/SAT 7:30AM-8AM"], "all_days": ["MON", "TUE", "WED", "THU", "FRI", "SAT"], "color": "#e87ba4"}}, {"type": "Feature", "geometry": {"type": "LineString", "coordinates": [[-74.03052584584192, 40.61760006279801], [-74.03088594447192, 40.61671700570401]]}, "properties": {"street": "4 AVENUE", "from": "93 STREET", "to": "94 STREET", "side": "W", "zone": "DAILY", "zone_label": "Daily (except Sun)", "schedules": ["MON/TUE/WED/THU/FRI/SAT 7:30AM-8AM"], "all_days": ["MON", "TUE", "WED", "THU", "FRI", "SAT"], "color": "#e87ba4"}}, {"type": "Feature", "geometry": {"type": "LineString", "coordinates": [[-74.0250090766481, 40.62358810486972], [-74.0253065934821, 40.62285832096872]]}, "properties": {"street": "5 AVENUE", "from": "84 STREET", "to": "83 STREET", "side": "E", "zone": "DAILY", "zone_label": "Daily (except Sun)", "schedules": ["MON/TUE/WED/THU/FRI/SAT 7:30AM-8AM"], "all_days": ["MON", "TUE", "WED", "THU", "FRI", "SAT"], "color": "#e87ba4"}}, {"type": "Feature", "geometry": {"type": "LineString", "coordinates": [[-74.0060754324897, 40.63890495503218], [-74.00665650108068, 40.63834242279418]]}, "properties": {"street": "8 AVENUE", "from": "54 STREET", "to": "55 STREET", "side": "W", "zone": "DAILY", "zone_label": "Daily (except Sun)", "schedules": ["MON/TUE/WED/THU/FRI/SAT 7:30AM-8AM"], "all_days": ["MON", "TUE", "WED", "THU", "FRI", "SAT"], "color": "#e87ba4"}}, {"type": "Feature", "geometry": {"type": "LineString", "coordinates": [[-74.02873671232446, 40.61861898235348], [-74.02933778723146, 40.617921440167486]]}, "properties": {"street": "5 AVENUE", "from": "91 STREET", "to": "92 STREET", "side": "W", "zone": "DAILY", "zone_label": "Daily (except Sun)", "schedules": ["MON/TUE/WED/THU/FRI/SAT 8AM-8:30AM"], "all_days": ["MON", "TUE", "WED", "THU", "FRI", "SAT"], "color": "#e87ba4"}}, {"type": "Feature", "geometry": {"type": "LineString", "coordinates": [[-74.0054266719634, 40.63942380883905], [-74.0060103754904, 40.63886600710005]]}, "properties": {"street": "8 AVENUE", "from": "54 STREET", "to": "53 STREET", "side": "E", "zone": "DAILY", "zone_label": "Daily (except Sun)", "schedules": ["MON/TUE/WED/THU/FRI/SAT 8AM-8:30AM"], "all_days": ["MON", "TUE", "WED", "THU", "FRI", "SAT"], "color": "#e87ba4"}}, {"type": "Feature", "geometry": {"type": "LineString", "coordinates": [[-74.00195545001242, 40.60680521958436], [-74.00165086194042, 40.606618330055355]]}, "properties": {"street": "86 STREET", "from": "BAY   19 STREET", "to": "BAY   20 STREET", "side": "S", "zone": "DAILY", "zone_label": "Daily (except Sun)", "schedules": ["MON/TUE/WED/THU/FRI/SAT 8:30AM-9AM"], "all_days": ["MON", "TUE", "WED", "THU", "FRI", "SAT"], "color": "#e87ba4"}}, {"type": "Feature", "geometry": {"type": "LineString", "coordinates": [[-74.02863972526907, 40.6292932565325], [-74.02893748798007, 40.628563004583505]]}, "properties": {"street": "3 AVENUE", "from": "79 STREET", "to": "78 STREET", "side": "E", "zone": "DAILY", "zone_label": "Daily (except Sun)", "schedules": ["MON/TUE/WED/THU/FRI/SAT 8AM-8:30AM"], "all_days": ["MON", "TUE", "WED", "THU", "FRI", "SAT"], "color": "#e87ba4"}}, {"type": "Feature", "geometry": {"type": "LineString", "coordinates": [[-74.00468651264647, 40.629793169443836], [-74.00526731358546, 40.62923419127383]]}, "properties": {"street": "11 AVENUE", "from": "64 STREET", "to": "63 STREET", "side": "E", "zone": "DAILY", "zone_label": "Daily (except Sun)", "schedules": ["MON/TUE/WED/THU/FRI/SAT 8:30AM-9AM"], "all_days": ["MON", "TUE", "WED", "THU", "FRI", "SAT"], "color": "#e87ba4"}}, {"type": "Feature", "geometry": {"type": "LineString", "coordinates": [[-74.00095290882292, 40.61240294433632], [-74.00111472859993, 40.61184550252531]]}, "properties": {"street": "NEW UTRECHT AVENUE", "from": "17 AVENUE", "to": "80 STREET", "side": "W", "zone": "DAILY", "zone_label": "Daily (except Sun)", "schedules": ["MON/TUE/WED/THU/FRI/SAT 7AM-7:30AM"], "all_days": ["MON", "TUE", "WED", "THU", "FRI", "SAT"], "color": "#e87ba4"}}, {"type": "Feature", "geometry": {"type": "LineString", "coordinates": [[-74.0330729770231, 40.61865835363586], [-74.0333534784771, 40.61796242274486]]}, "properties": {"street": "3 AVENUE", "from": "93 STREET", "to": "94 STREET", "side": "W", "zone": "DAILY", "zone_label": "Daily (except Sun)", "schedules": ["MON/TUE/WED/THU/FRI/SAT 7:30AM-8AM"], "all_days": ["MON", "TUE", "WED", "THU", "FRI", "SAT"], "color": "#e87ba4"}}, {"type": "Feature", "geometry": {"type": "LineString", "coordinates": [[-74.02133628099108, 40.63257754473256], [-74.02169881249309, 40.63168682675456]]}, "properties": {"street": "5 AVENUE", "from": "72 STREET", "to": "OVINGTON AVENUE", "side": "E", "zone": "DAILY", "zone_label": "Daily (except Sun)", "schedules": ["MON/TUE/WED/THU/FRI/SAT 7:30AM-8AM"], "all_days": ["MON", "TUE", "WED", "THU", "FRI", "SAT"], "color": "#e87ba4"}}, {"type": "Feature", "geometry": {"type": "LineString", "coordinates": [[-74.0272561325628, 40.6203477453962], [-74.02774903793379, 40.6197739423582]]}, "properties": {"street": "5 AVENUE", "from": "88 STREET", "to": "89 STREET", "side": "W", "zone": "DAILY", "zone_label": "Daily (except Sun)", "schedules": ["MON/TUE/WED/THU/FRI/SAT 8AM-8:30AM"], "all_days": ["MON", "TUE", "WED", "THU", "FRI", "SAT"], "color": "#e87ba4"}}, {"type": "Feature", "geometry": {"type": "LineString", "coordinates": [[-74.00834437332688, 40.63662544759356], [-74.00892136973088, 40.63606397055855]]}, "properties": {"street": "8 AVENUE", "from": "59 STREET", "to": "58 STREET", "side": "E", "zone": "DAILY", "zone_label": "Daily (except Sun)", "schedules": ["MON/TUE/WED/THU/FRI/SAT 8AM-8:30AM"], "all_days": ["MON", "TUE", "WED", "THU", "FRI", "SAT"], "color": "#e87ba4"}}, {"type": "Feature", "geometry": {"type": "LineString", "coordinates": [[-74.0204683413415, 40.63470542179349], [-74.0206835934635, 40.63416808821749]]}, "properties": {"street": "5 AVENUE", "from": "68 STREET", "to": "SENATOR STREET", "side": "E", "zone": "DAILY", "zone_label": "Daily (except Sun)", "schedules": ["MON/TUE/WED/THU/FRI/SAT 7:30AM-8AM"], "all_days": ["MON", "TUE", "WED", "THU", "FRI", "SAT"], "color": "#e87ba4"}}, {"type": "Feature", "geometry": {"type": "LineString", "coordinates": [[-74.02923638790807, 40.62783182786555], [-74.02953458651606, 40.627102456348545]]}, "properties": {"street": "3 AVENUE", "from": "81 STREET", "to": "80 STREET", "side": "E", "zone": "DAILY", "zone_label": "Daily (except Sun)", "schedules": ["MON/TUE/WED/THU/FRI/SAT 8AM-8:30AM"], "all_days": ["MON", "TUE", "WED", "THU", "FRI", "SAT"], "color": "#e87ba4"}}, {"type": "Feature", "geometry": {"type": "LineString", "coordinates": [[-74.00746048458852, 40.62033133665187], [-74.00808758395051, 40.61972797265787]]}, "properties": {"street": "13 AVENUE", "from": "BAY RIDGE PARKWAY", "to": "76 STREET", "side": "W", "zone": "DAILY", "zone_label": "Daily (except Sun)", "schedules": ["MON/TUE/WED/THU/FRI/SAT 8AM-8:30AM"], "all_days": ["MON", "TUE", "WED", "THU", "FRI", "SAT"], "color": "#e87ba4"}}, {"type": "Feature", "geometry": {"type": "LineString", "coordinates": [[-74.0232988199033, 40.627988974182415], [-74.0235976175983, 40.627260086417415]]}, "properties": {"street": "5 AVENUE", "from": "77 STREET", "to": "78 STREET", "side": "W", "zone": "DAILY", "zone_label": "Daily (except Sun)", "schedules": ["MON/TUE/WED/THU/FRI/SAT 8AM-8:30AM"], "all_days": ["MON", "TUE", "WED", "THU", "FRI", "SAT"], "color": "#e87ba4"}}, {"type": "Feature", "geometry": {"type": "LineString", "coordinates": [[-74.02578642013583, 40.63648282819928], [-74.02608050118982, 40.63575867274328]]}, "properties": {"street": "3 AVENUE", "from": "68 STREET", "to": "BAYRIDGE AVENUE", "side": "W", "zone": "DAILY", "zone_label": "Daily (except Sun)", "schedules": ["MON/TUE/WED/THU/FRI/SAT 7:30AM-8AM"], "all_days": ["MON", "TUE", "WED", "THU", "FRI", "SAT"], "color": "#e87ba4"}}, {"type": "Feature", "geometry": {"type": "LineString", "coordinates": [[-74.00118024040738, 40.60641803557661], [-74.00043278405938, 40.60596732130461]]}, "properties": {"street": "86 STREET", "from": "20 AVENUE", "to": "19 AVENUE", "side": "N", "zone": "DAILY", "zone_label": "Daily (except Sun)", "schedules": ["MON/TUE/WED/THU/FRI/SAT 7:30AM-8AM"], "all_days": ["MON", "TUE", "WED", "THU", "FRI", "SAT"], "color": "#e87ba4"}}, {"type": "Feature", "geometry": {"type": "LineString", "coordinates": [[-74.02258748203658, 40.63679791354408], [-74.02287164527459, 40.636106330937075]]}, "properties": {"street": "4 AVENUE", "from": "SENATOR STREET", "to": "67 STREET", "side": "E", "zone": "DAILY", "zone_label": "Daily (except Sun)", "schedules": ["MON/TUE/WED/THU/FRI/SAT 8AM-8:30AM"], "all_days": ["MON", "TUE", "WED", "THU", "FRI", "SAT"], "color": "#e87ba4"}}, {"type": "Feature", "geometry": {"type": "LineString", "coordinates": [[-74.02351848383277, 40.62724146028846], [-74.02381501737277, 40.626513409801454]]}, "properties": {"street": "5 AVENUE", "from": "79 STREET", "to": "78 STREET", "side": "E", "zone": "DAILY", "zone_label": "Daily (except Sun)", "schedules": ["MON/TUE/WED/THU/FRI/SAT 7:30AM-8AM"], "all_days": ["MON", "TUE", "WED", "THU", "FRI", "SAT"], "color": "#e87ba4"}}, {"type": "Feature", "geometry": {"type": "LineString", "coordinates": [[-74.0048819174598, 40.608577716839164], [-74.00414039044679, 40.608128809202164]]}, "properties": {"street": "86 STREET", "from": "17 AVENUE", "to": "BAY   16 STREET", "side": "S", "zone": "DAILY", "zone_label": "Daily (except Sun)", "schedules": ["MON/TUE/WED/THU/FRI/SAT 8AM-8:30AM"], "all_days": ["MON", "TUE", "WED", "THU", "FRI", "SAT"], "color": "#e87ba4"}}, {"type": "Feature", "geometry": {"type": "LineString", "coordinates": [[-74.03038903849644, 40.62500878510368], [-74.03066951819943, 40.624327106358685]]}, "properties": {"street": "3 AVENUE", "from": "85 STREET", "to": "84 STREET", "side": "E", "zone": "DAILY", "zone_label": "Daily (except Sun)", "schedules": ["MON/TUE/WED/THU/FRI/SAT 8AM-8:30AM"], "all_days": ["MON", "TUE", "WED", "THU", "FRI", "SAT"], "color": "#e87ba4"}}, {"type": "Feature", "geometry": {"type": "LineString", "coordinates": [[-74.01072895679704, 40.62967813182377], [-74.01145578538403, 40.62919441949778]]}, "properties": {"street": "FORT HAMILTON PARKWAY", "from": "67 STREET", "to": "68 STREET", "side": "W", "zone": "DAILY", "zone_label": "Daily (except Sun)", "schedules": ["MON/TUE/WED/THU/FRI/SAT 7:30AM-8AM"], "all_days": ["MON", "TUE", "WED", "THU", "FRI", "SAT"], "color": "#e87ba4"}}, {"type": "Feature", "geometry": {"type": "LineString", "coordinates": [[-74.0006686976542, 40.613409320167385], [-74.00088382543721, 40.61263097089839]]}, "properties": {"street": "NEW UTRECHT AVENUE", "from": "78 STREET", "to": "79 STREET", "side": "W", "zone": "DAILY", "zone_label": "Daily (except Sun)", "schedules": ["MON/TUE/WED/THU/FRI/SAT 7AM-7:30AM"], "all_days": ["MON", "TUE", "WED", "THU", "FRI", "SAT"], "color": "#e87ba4"}}, {"type": "Feature", "geometry": {"type": "LineString", "coordinates": [[-74.02807653593452, 40.623589275091675], [-74.02839119687852, 40.622816127796675]]}, "properties": {"street": "4 AVENUE", "from": "85 STREET", "to": "86 STREET", "side": "W", "zone": "DAILY", "zone_label": "Daily (except Sun)", "schedules": ["MON/TUE/WED/THU/FRI/SAT 8:30AM-9AM"], "all_days": ["MON", "TUE", "WED", "THU", "FRI", "SAT"], "color": "#e87ba4"}}, {"type": "Feature", "geometry": {"type": "LineString", "coordinates": [[-74.02991191558876, 40.626390962368745], [-74.03019032565275, 40.62570846657675]]}, "properties": {"street": "3 AVENUE", "from": "82 STREET", "to": "83 STREET", "side": "W", "zone": "DAILY", "zone_label": "Daily (except Sun)", "schedules": ["MON/TUE/WED/THU/FRI/SAT 7:30AM-8AM"], "all_days": ["MON", "TUE", "WED", "THU", "FRI", "SAT"], "color": "#e87ba4"}}, {"type": "Feature", "geometry": {"type": "LineString", "coordinates": [[-74.00659138237613, 40.63830353449967], [-74.00717470016814, 40.63774331372267]]}, "properties": {"street": "8 AVENUE", "from": "56 STREET", "to": "55 STREET", "side": "E", "zone": "DAILY", "zone_label": "Daily (except Sun)", "schedules": ["MON/TUE/WED/THU/FRI/SAT 8AM-8:30AM"], "all_days": ["MON", "TUE", "WED", "THU", "FRI", "SAT"], "color": "#e87ba4"}}, {"type": "Feature", "geometry": {"type": "LineString", "coordinates": [[-74.02348039925674, 40.634614688012455], [-74.02384507614074, 40.63372328788046]]}, "properties": {"street": "4 AVENUE", "from": "OVINGTON AVENUE", "to": "BAY RIDGE AVENUE", "side": "E", "zone": "DAILY", "zone_label": "Daily (except Sun)", "schedules": ["MON/TUE/WED/THU/FRI/SAT 8AM-8:30AM"], "all_days": ["MON", "TUE", "WED", "THU", "FRI", "SAT"], "color": "#e87ba4"}}, {"type": "Feature", "geometry": {"type": "LineString", "coordinates": [[-74.02444243441482, 40.6204698630718], [-74.02365927329382, 40.6200110708108]]}, "properties": {"street": "86 STREET", "from": "GATLING PLACE", "to": "FORT HAMILTON PARKWAY", "side": "N", "zone": "DAILY", "zone_label": "Daily (except Sun)", "schedules": ["MON/TUE/WED/THU/FRI/SAT 8:30AM-9AM"], "all_days": ["MON", "TUE", "WED", "THU", "FRI", "SAT"], "color": "#e87ba4"}}, {"type": "Feature", "geometry": {"type": "LineString", "coordinates": [[-74.02471214102611, 40.62431971755973], [-74.02500906081612, 40.623588142727726]]}, "properties": {"street": "5 AVENUE", "from": "83 STREET", "to": "82 STREET", "side": "E", "zone": "DAILY", "zone_label": "Daily (except Sun)", "schedules": ["MON/TUE/WED/THU/FRI/SAT 7:30AM-8AM"], "all_days": ["MON", "TUE", "WED", "THU", "FRI", "SAT"], "color": "#e87ba4"}}, {"type": "Feature", "geometry": {"type": "LineString", "coordinates": [[-74.02926842784497, 40.61788705708486], [-74.03045155784598, 40.616509681670856]]}, "properties": {"street": "5 AVENUE", "from": "94 STREET", "to": "92 STREET", "side": "E", "zone": "DAILY", "zone_label": "Daily (except Sun)", "schedules": ["MON/TUE/WED/THU/FRI/SAT 7:30AM-8AM"], "all_days": ["MON", "TUE", "WED", "THU", "FRI", "SAT"], "color": "#e87ba4"}}, {"type": "Feature", "geometry": {"type": "LineString", "coordinates": [[-74.02961371988106, 40.627121083138], [-74.02991191186106, 40.626390972492004]]}, "properties": {"street": "3 AVENUE", "from": "81 STREET", "to": "82 STREET", "side": "W", "zone": "DAILY", "zone_label": "Daily (except Sun)", "schedules": ["MON/TUE/WED/THU/FRI/SAT 7:30AM-8AM"], "all_days": ["MON", "TUE", "WED", "THU", "FRI", "SAT"], "color": "#e87ba4"}}, {"type": "Feature", "geometry": {"type": "LineString", "coordinates": [[-74.00567126772376, 40.62205125723439], [-74.00625268975877, 40.62149209433039]]}, "properties": {"street": "13 AVENUE", "from": "72 STREET", "to": "73 STREET", "side": "W", "zone": "DAILY", "zone_label": "Daily (except Sun)", "schedules": ["MON/TUE/WED/THU/FRI/SAT 8AM-8:30AM"], "all_days": ["MON", "TUE", "WED", "THU", "FRI", "SAT"], "color": "#e87ba4"}}, {"type": "Feature", "geometry": {"type": "LineString", "coordinates": [[-74.02691251787934, 40.63351481284639], [-74.02719129631333, 40.632834945224396]]}, "properties": {"street": "3 AVENUE", "from": "73 STREET", "to": "72 STREET", "side": "E", "zone": "DAILY", "zone_label": "Daily (except Sun)", "schedules": ["MON/TUE/WED/THU/FRI/SAT 8AM-8:30AM"], "all_days": ["MON", "TUE", "WED", "THU", "FRI", "SAT"], "color": "#e87ba4"}}, {"type": "Feature", "geometry": {"type": "LineString", "coordinates": [[-74.02141544824491, 40.63259610281144], [-74.02177797974691, 40.63170538483344]]}, "properties": {"street": "5 AVENUE", "from": "OVINGTON AVENUE", "to": "72 STREET", "side": "W", "zone": "DAILY", "zone_label": "Daily (except Sun)", "schedules": ["MON/TUE/WED/THU/FRI/SAT 8AM-8:30AM"], "all_days": ["MON", "TUE", "WED", "THU", "FRI", "SAT"], "color": "#e87ba4"}}, {"type": "Feature", "geometry": {"type": "LineString", "coordinates": [[-74.00786822208272, 40.62683611948122], [-74.00833348835673, 40.62638921301522]]}, "properties": {"street": "11 AVENUE", "from": "OVINGTON AVENUE", "to": "BAYRIDGE AVENUE", "side": "W", "zone": "DAILY", "zone_label": "Daily (except Sun)", "schedules": ["MON/TUE/WED/THU/FRI/SAT 8AM-8:30AM"], "all_days": ["MON", "TUE", "WED", "THU", "FRI", "SAT"], "color": "#e87ba4"}}, {"type": "Feature", "geometry": {"type": "LineString", "coordinates": [[-74.00976864856955, 40.61801254840619], [-74.01035138404254, 40.617452463291194]]}, "properties": {"street": "13 AVENUE", "from": "80 STREET", "to": "79 STREET", "side": "E", "zone": "DAILY", "zone_label": "Daily (except Sun)", "schedules": ["MON/TUE/WED/THU/FRI/SAT 8:30AM-9AM"], "all_days": ["MON", "TUE", "WED", "THU", "FRI", "SAT"], "color": "#e87ba4"}}, {"type": "Feature", "geometry": {"type": "LineString", "coordinates": [[-74.01145587386414, 40.629194360312816], [-74.01217032920914, 40.62871613810682]]}, "properties": {"street": "FORT HAMILTON PARKWAY", "from": "BAY RIDGE AVENUE", "to": "68 STREET", "side": "E", "zone": "DAILY", "zone_label": "Daily (except Sun)", "schedules": ["MON/TUE/WED/THU/FRI/SAT 8AM-8:30AM"], "all_days": ["MON", "TUE", "WED", "THU", "FRI", "SAT"], "color": "#e87ba4"}}, {"type": "Feature", "geometry": {"type": "LineString", "coordinates": [[-74.03335338622766, 40.617962647623344], [-74.03363018489566, 40.61729383983934]]}, "properties": {"street": "3 AVENUE", "from": "94 STREET", "to": "95 STREET", "side": "W", "zone": "DAILY", "zone_label": "Daily (except Sun)", "schedules": ["MON/TUE/WED/THU/FRI/SAT 7:30AM-8AM"], "all_days": ["MON", "TUE", "WED", "THU", "FRI", "SAT"], "color": "#e87ba4"}}, {"type": "Feature", "geometry": {"type": "LineString", "coordinates": [[-74.02206460660425, 40.6310055817813], [-74.02233724743624, 40.63034065727331]]}, "properties": {"street": "5 AVENUE", "from": "73 STREET", "to": "74 STREET", "side": "W", "zone": "DAILY", "zone_label": "Daily (except Sun)", "schedules": ["MON/TUE/WED/THU/FRI/SAT 8AM-8:30AM"], "all_days": ["MON", "TUE", "WED", "THU", "FRI", "SAT"], "color": "#e87ba4"}}, {"type": "Feature", "geometry": {"type": "LineString", "coordinates": [[-74.02327625437263, 40.635336173138775], [-74.02355958535063, 40.63463320651977]]}, "properties": {"street": "4 AVENUE", "from": "68 STREET", "to": "BAY RIDGE AVENUE", "side": "W", "zone": "DAILY", "zone_label": "Daily (except Sun)", "schedules": ["MON/TUE/WED/THU/FRI/SAT 8:30AM-9AM"], "all_days": ["MON", "TUE", "WED", "THU", "FRI", "SAT"], "color": "#e87ba4"}}, {"type": "Feature", "geometry": {"type": "LineString", "coordinates": [[-74.02287166055378, 40.636106294964], [-74.02319709720278, 40.635317581934004]]}, "properties": {"street": "4 AVENUE", "from": "68 STREET", "to": "SENATOR STREET", "side": "E", "zone": "DAILY", "zone_label": "Daily (except Sun)", "schedules": ["MON/TUE/WED/THU/FRI/SAT 8AM-8:30AM"], "all_days": ["MON", "TUE", "WED", "THU", "FRI", "SAT"], "color": "#e87ba4"}}, {"type": "Feature", "geometry": {"type": "LineString", "coordinates": [[-74.0039258936025, 40.62372937582243], [-74.00407958190578, 40.62358265791941], [-74.00450976808635, 40.62317197729974]]}, "properties": {"street": "13 AVENUE", "from": "BAY RIDGE AVENUE", "to": "70 STREET", "side": "W", "zone": "DAILY", "zone_label": "Daily (except Sun)", "schedules": ["MON/TUE/WED/THU/FRI/SAT 8AM-8:30AM"], "all_days": ["MON", "TUE", "WED", "THU", "FRI", "SAT"], "color": "#e87ba4"}}, {"type": "Feature", "geometry": {"type": "LineString", "coordinates": [[-74.00475157263953, 40.62983210623417], [-74.00533237357853, 40.62927312806416]]}, "properties": {"street": "11 AVENUE", "from": "63 STREET", "to": "64 STREET", "side": "W", "zone": "DAILY", "zone_label": "Daily (except Sun)", "schedules": ["MON/TUE/WED/THU/FRI/SAT 8AM-8:30AM"], "all_days": ["MON", "TUE", "WED", "THU", "FRI", "SAT"], "color": "#e87ba4"}}, {"type": "Feature", "geometry": {"type": "LineString", "coordinates": [[-74.02769573022562, 40.624300195454474], [-74.02795207986061, 40.62368128723647]]}, "properties": {"street": "4 AVENUE", "from": "85 STREET", "to": "84 STREET", "side": "E", "zone": "DAILY", "zone_label": "Daily (except Sun)", "schedules": ["MON/TUE/WED/THU/FRI/SAT 8AM-8:30AM"], "all_days": ["MON", "TUE", "WED", "THU", "FRI", "SAT"], "color": "#e87ba4"}}, {"type": "Feature", "geometry": {"type": "LineString", "coordinates": [[-74.02775271257993, 40.63146229486776], [-74.02804191014893, 40.63075308372076]]}, "properties": {"street": "3 AVENUE", "from": "76 STREET", "to": "BAYRIDGE PARKWAY", "side": "E", "zone": "DAILY", "zone_label": "Daily (except Sun)", "schedules": ["MON/TUE/WED/THU/FRI/SAT 8AM-8:30AM"], "all_days": ["MON", "TUE", "WED", "THU", "FRI", "SAT"], "color": "#e87ba4"}}, {"type": "Feature", "geometry": {"type": "LineString", "coordinates": [[-74.03357455215503, 40.61721786666244], [-74.03382748462703, 40.61659295720744]]}, "properties": {"street": "3 AVENUE", "from": "96 STREET", "to": "95 STREET", "side": "E", "zone": "DAILY", "zone_label": "Daily (except Sun)", "schedules": ["MON/TUE/WED/THU/FRI/SAT 8AM-8:30AM"], "all_days": ["MON", "TUE", "WED", "THU", "FRI", "SAT"], "color": "#e87ba4"}}, {"type": "Feature", "geometry": {"type": "LineString", "coordinates": [[-74.00925150500572, 40.61860997002977], [-74.00983363534073, 40.618051544810776]]}, "properties": {"street": "13 AVENUE", "from": "78 STREET", "to": "79 STREET", "side": "W", "zone": "DAILY", "zone_label": "Daily (except Sun)", "schedules": ["MON/TUE/WED/THU/FRI/SAT 8AM-8:30AM"], "all_days": ["MON", "TUE", "WED", "THU", "FRI", "SAT"], "color": "#e87ba4"}}, {"type": "Feature", "geometry": {"type": "LineString", "coordinates": [[-74.00410602539102, 40.630352739732345], [-74.00468649233403, 40.62979318874635]]}, "properties": {"street": "11 AVENUE", "from": "63 STREET", "to": "62 STREET", "side": "E", "zone": "DAILY", "zone_label": "Daily (except Sun)", "schedules": ["MON/TUE/WED/THU/FRI/SAT 8:30AM-9AM"], "all_days": ["MON", "TUE", "WED", "THU", "FRI", "SAT"], "color": "#e87ba4"}}, {"type": "Feature", "geometry": {"type": "LineString", "coordinates": [[-74.01969322616381, 40.639770177973226], [-74.0202949824948, 40.63920851047122]]}, "properties": {"street": "4 AVENUE", "from": "62 STREET", "to": "63 STREET", "side": "W", "zone": "DAILY", "zone_label": "Daily (except Sun)", "schedules": ["MON/TUE/WED/THU/FRI/SAT 8AM-8:30AM"], "all_days": ["MON", "TUE", "WED", "THU", "FRI", "SAT"], "color": "#e87ba4"}}, {"type": "Feature", "geometry": {"type": "LineString", "coordinates": [[-74.03327435447234, 40.617943800996656], [-74.03355115314034, 40.617274993212654]]}, "properties": {"street": "3 AVENUE", "from": "95 STREET", "to": "94 STREET", "side": "E", "zone": "DAILY", "zone_label": "Daily (except Sun)", "schedules": ["MON/TUE/WED/THU/FRI/SAT 8AM-8:30AM"], "all_days": ["MON", "TUE", "WED", "THU", "FRI", "SAT"], "color": "#e87ba4"}}, {"type": "Feature", "geometry": {"type": "LineString", "coordinates": [[-74.00739544460949, 40.620292389548126], [-74.00802254397148, 40.61968902555412]]}, "properties": {"street": "13 AVENUE", "from": "76 STREET", "to": "BAY RIDGE PARKWAY", "side": "E", "zone": "DAILY", "zone_label": "Daily (except Sun)", "schedules": ["MON/TUE/WED/THU/FRI/SAT 8:30AM-9AM"], "all_days": ["MON", "TUE", "WED", "THU", "FRI", "SAT"], "color": "#e87ba4"}}, {"type": "Feature", "geometry": {"type": "LineString", "coordinates": [[-74.00023327740763, 40.61496475401407], [-74.00043941004263, 40.61418003928107]]}, "properties": {"street": "NEW UTRECHT AVENUE", "from": "BAY RIDGE PARKWAY", "to": "76 STREET", "side": "W", "zone": "DAILY", "zone_label": "Daily (except Sun)", "schedules": ["MON/TUE/WED/THU/FRI/SAT 7AM-7:30AM"], "all_days": ["MON", "TUE", "WED", "THU", "FRI", "SAT"], "color": "#e87ba4"}}, {"type": "Feature", "geometry": {"type": "LineString", "coordinates": [[-74.03122179119954, 40.615727720418796], [-74.03155005413853, 40.6153559155358]]}, "properties": {"street": "4 AVENUE", "from": "95 STREET", "to": "96 STREET", "side": "W", "zone": "DAILY", "zone_label": "Daily (except Sun)", "schedules": ["MON/TUE/WED/THU/FRI/SAT 7:30AM-8AM"], "all_days": ["MON", "TUE", "WED", "THU", "FRI", "SAT"], "color": "#e87ba4"}}, {"type": "Feature", "geometry": {"type": "LineString", "coordinates": [[-74.01384771198465, 40.641772962646506], [-74.01443013613866, 40.6412135520645]]}, "properties": {"street": "5 AVENUE", "from": "56 STREET", "to": "57 STREET", "side": "W", "zone": "DAILY", "zone_label": "Daily (except Sun)", "schedules": ["MON/TUE/WED/THU/FRI/SAT 7:30AM-8AM"], "all_days": ["MON", "TUE", "WED", "THU", "FRI", "SAT"], "color": "#e87ba4"}}, {"type": "Feature", "geometry": {"type": "LineString", "coordinates": [[-74.0336833734061, 40.6128586838849], [-74.0341467044941, 40.6123214316639]]}, "properties": {"street": "4 AVENUE", "from": "100 STREET", "to": "101 STREET", "side": "W", "zone": "DAILY", "zone_label": "Daily (except Sun)", "schedules": ["MON/TUE/WED/THU/FRI/SAT 8:30AM-9AM"], "all_days": ["MON", "TUE", "WED", "THU", "FRI", "SAT"], "color": "#e87ba4"}}, {"type": "Feature", "geometry": {"type": "LineString", "coordinates": [[-74.03251530995199, 40.620021378302845], [-74.03268777539799, 40.61959665303585]]}, "properties": {"street": "3 AVENUE", "from": "91 STREET", "to": "92 STREET", "side": "W", "zone": "DAILY", "zone_label": "Daily (except Sun)", "schedules": ["MON/TUE/WED/THU/FRI/SAT 7:30AM-8AM"], "all_days": ["MON", "TUE", "WED", "THU", "FRI", "SAT"], "color": "#e87ba4"}}, {"type": "Feature", "geometry": {"type": "LineString", "coordinates": [[-74.00012779658715, 40.613099087826434], [-74.00070698991715, 40.61254343706844]]}, "properties": {"street": "17 AVENUE", "from": "78 STREET", "to": "77 STREET", "side": "E", "zone": "DAILY", "zone_label": "Daily (except Sun)", "schedules": ["MON/TUE/WED/THU/FRI/SAT 8:30AM-9AM"], "all_days": ["MON", "TUE", "WED", "THU", "FRI", "SAT"], "color": "#e87ba4"}}, {"type": "Feature", "geometry": {"type": "LineString", "coordinates": [[-74.00484506495604, 40.63998423732766], [-74.00542656783605, 40.63942390849866]]}, "properties": {"street": "8 AVENUE", "from": "53 STREET", "to": "52 STREET", "side": "E", "zone": "DAILY", "zone_label": "Daily (except Sun)", "schedules": ["MON/TUE/WED/THU/FRI/SAT 8AM-8:30AM"], "all_days": ["MON", "TUE", "WED", "THU", "FRI", "SAT"], "color": "#e87ba4"}}, {"type": "Feature", "geometry": {"type": "LineString", "coordinates": [[-74.03021491747741, 40.618357903927006], [-74.0305258251854, 40.617600114577]]}, "properties": {"street": "4 AVENUE", "from": "92 STREET", "to": "93 STREET", "side": "W", "zone": "DAILY", "zone_label": "Daily (except Sun)", "schedules": ["MON/TUE/WED/THU/FRI/SAT 7:30AM-8AM"], "all_days": ["MON", "TUE", "WED", "THU", "FRI", "SAT"], "color": "#e87ba4"}}, {"type": "Feature", "geometry": {"type": "LineString", "coordinates": [[-74.02441067590699, 40.625047234735554], [-74.02471221305, 40.62431954088456]]}, "properties": {"street": "5 AVENUE", "from": "82 STREET", "to": "81 STREET", "side": "E", "zone": "DAILY", "zone_label": "Daily (except Sun)", "schedules": ["MON/TUE/WED/THU/FRI/SAT 7:30AM-8AM"], "all_days": ["MON", "TUE", "WED", "THU", "FRI", "SAT"], "color": "#e87ba4"}}, {"type": "Feature", "geometry": {"type": "LineString", "coordinates": [[-74.02479131724989, 40.624338229946275], [-74.0250882370399, 40.62360665511427]]}, "properties": {"street": "5 AVENUE", "from": "82 STREET", "to": "83 STREET", "side": "W", "zone": "DAILY", "zone_label": "Daily (except Sun)", "schedules": ["MON/TUE/WED/THU/FRI/SAT 8AM-8:30AM"], "all_days": ["MON", "TUE", "WED", "THU", "FRI", "SAT"], "color": "#e87ba4"}}, {"type": "Feature", "geometry": {"type": "LineString", "coordinates": [[-74.03160082458835, 40.62204738796642], [-74.03187961260934, 40.621365967861415]]}, "properties": {"street": "3 AVENUE", "from": "89 STREET", "to": "88 STREET", "side": "E", "zone": "DAILY", "zone_label": "Daily (except Sun)", "schedules": ["MON/TUE/WED/THU/FRI/SAT 8AM-8:30AM"], "all_days": ["MON", "TUE", "WED", "THU", "FRI", "SAT"], "color": "#e87ba4"}}, {"type": "Feature", "geometry": {"type": "LineString", "coordinates": [[-74.02570723228217, 40.63646430896672], [-74.02600131333617, 40.635740153510724]]}, "properties": {"street": "3 AVENUE", "from": "BAY RIDGE AVENUE", "to": "68 STREET", "side": "E", "zone": "DAILY", "zone_label": "Daily (except Sun)", "schedules": ["MON/TUE/WED/THU/FRI/SAT 8AM-8:30AM"], "all_days": ["MON", "TUE", "WED", "THU", "FRI", "SAT"], "color": "#e87ba4"}}, {"type": "Feature", "geometry": {"type": "LineString", "coordinates": [[-74.00782162529619, 40.63722336397621], [-74.00840942944318, 40.63666439318821]]}, "properties": {"street": "8 AVENUE", "from": "57 STREET", "to": "58 STREET", "side": "W", "zone": "DAILY", "zone_label": "Daily (except Sun)", "schedules": ["MON/TUE/WED/THU/FRI/SAT 7:30AM-8AM"], "all_days": ["MON", "TUE", "WED", "THU", "FRI", "SAT"], "color": "#e87ba4"}}, {"type": "Feature", "geometry": {"type": "LineString", "coordinates": [[-74.03394062713687, 40.616528907609876], [-74.03418670217187, 40.61593106917088]]}, "properties": {"street": "3 AVENUE", "from": "96 STREET", "to": "97 STREET", "side": "W", "zone": "DAILY", "zone_label": "Daily (except Sun)", "schedules": ["MON/TUE/WED/THU/FRI/SAT 7:30AM-8AM"], "all_days": ["MON", "TUE", "WED", "THU", "FRI", "SAT"], "color": "#e87ba4"}}, {"type": "Feature", "geometry": {"type": "LineString", "coordinates": [[-74.01613577601759, 40.639471297843], [-74.0167370336016, 40.638887864781005]]}, "properties": {"street": "5 AVENUE", "from": "61 STREET", "to": "60 STREET", "side": "E", "zone": "DAILY", "zone_label": "Daily (except Sun)", "schedules": ["MON/TUE/WED/THU/FRI/SAT 8AM-8:30AM"], "all_days": ["MON", "TUE", "WED", "THU", "FRI", "SAT"], "color": "#e87ba4"}}, {"type": "Feature", "geometry": {"type": "LineString", "coordinates": [[-74.01326586947489, 40.64233287799675], [-74.01384773608889, 40.64177293973476]]}, "properties": {"street": "5 AVENUE", "from": "55 STREET", "to": "56 STREET", "side": "W", "zone": "DAILY", "zone_label": "Daily (except Sun)", "schedules": ["MON/TUE/WED/THU/FRI/SAT 7:30AM-8AM"], "all_days": ["MON", "TUE", "WED", "THU", "FRI", "SAT"], "color": "#e87ba4"}}, {"type": "Feature", "geometry": {"type": "LineString", "coordinates": [[-74.02931551814993, 40.62785046335645], [-74.02961371675792, 40.62712109183945]]}, "properties": {"street": "3 AVENUE", "from": "80 STREET", "to": "81 STREET", "side": "W", "zone": "DAILY", "zone_label": "Daily (except Sun)", "schedules": ["MON/TUE/WED/THU/FRI/SAT 7:30AM-8AM"], "all_days": ["MON", "TUE", "WED", "THU", "FRI", "SAT"], "color": "#e87ba4"}}, {"type": "Feature", "geometry": {"type": "LineString", "coordinates": [[-74.02817181376406, 40.619163758785916], [-74.02866731107906, 40.61858464683991]]}, "properties": {"street": "5 AVENUE", "from": "92 STREET", "to": "90 STREET", "side": "E", "zone": "DAILY", "zone_label": "Daily (except Sun)", "schedules": ["MON/TUE/WED/THU/FRI/SAT 7:30AM-8AM"], "all_days": ["MON", "TUE", "WED", "THU", "FRI", "SAT"], "color": "#e87ba4"}}, {"type": "Feature", "geometry": {"type": "LineString", "coordinates": [[-74.01443013808326, 40.64121354993438], [-74.01501345086825, 40.64065318167438]]}, "properties": {"street": "5 AVENUE", "from": "57 STREET", "to": "58 STREET", "side": "W", "zone": "DAILY", "zone_label": "Daily (except Sun)", "schedules": ["MON/TUE/WED/THU/FRI/SAT 7:30AM-8AM"], "all_days": ["MON", "TUE", "WED", "THU", "FRI", "SAT"], "color": "#e87ba4"}}, {"type": "Feature", "geometry": {"type": "LineString", "coordinates": [[-74.00257876494892, 40.64226339206528], [-74.00315902976692, 40.64170217439828]]}, "properties": {"street": "8 AVENUE", "from": "48 STREET", "to": "49 STREET", "side": "W", "zone": "DAILY", "zone_label": "Daily (except Sun)", "schedules": ["MON/TUE/WED/THU/FRI/SAT 7:30AM-8AM"], "all_days": ["MON", "TUE", "WED", "THU", "FRI", "SAT"], "color": "#e87ba4"}}, {"type": "Feature", "geometry": {"type": "LineString", "coordinates": [[-74.02719127481063, 40.63283499881752], [-74.02746894742464, 40.63215353669852]]}, "properties": {"street": "3 AVENUE", "from": "74 STREET", "to": "73 STREET", "side": "E", "zone": "DAILY", "zone_label": "Daily (except Sun)", "schedules": ["MON/TUE/WED/THU/FRI/SAT 8AM-8:30AM"], "all_days": ["MON", "TUE", "WED", "THU", "FRI", "SAT"], "color": "#e87ba4"}}, {"type": "Feature", "geometry": {"type": "LineString", "coordinates": [[-74.02569773703743, 40.622165936959476], [-74.02625012067043, 40.62151696050948]]}, "properties": {"street": "5 AVENUE", "from": "85 STREET", "to": "86 STREET", "side": "W", "zone": "DAILY", "zone_label": "Daily (except Sun)", "schedules": ["MON/TUE/WED/THU/FRI/SAT 8AM-8:30AM"], "all_days": ["MON", "TUE", "WED", "THU", "FRI", "SAT"], "color": "#e87ba4"}}, {"type": "Feature", "geometry": {"type": "LineString", "coordinates": [[-74.00665640131986, 40.63834251872433], [-74.00723971911187, 40.63778229794733]]}, "properties": {"street": "8 AVENUE", "from": "55 STREET", "to": "56 STREET", "side": "W", "zone": "DAILY", "zone_label": "Daily (except Sun)", "schedules": ["MON/TUE/WED/THU/FRI/SAT 7:30AM-8AM"], "all_days": ["MON", "TUE", "WED", "THU", "FRI", "SAT"], "color": "#e87ba4"}}, {"type": "Feature", "geometry": {"type": "LineString", "coordinates": [[-74.00983365907047, 40.61805152176381], [-74.01041639454345, 40.61749143664881]]}, "properties": {"street": "13 AVENUE", "from": "79 STREET", "to": "80 STREET", "side": "W", "zone": "DAILY", "zone_label": "Daily (except Sun)", "schedules": ["MON/TUE/WED/THU/FRI/SAT 8AM-8:30AM"], "all_days": ["MON", "TUE", "WED", "THU", "FRI", "SAT"], "color": "#e87ba4"}}, {"type": "Feature", "geometry": {"type": "LineString", "coordinates": [[-74.01360085216713, 40.62775960079322], [-74.01431356294212, 40.62727887106322]]}, "properties": {"street": "FORT HAMILTON PARKWAY", "from": "71 STREET", "to": "72 STREET", "side": "W", "zone": "DAILY", "zone_label": "Daily (except Sun)", "schedules": ["MON/TUE/WED/THU/FRI/SAT 7:30AM-8AM"], "all_days": ["MON", "TUE", "WED", "THU", "FRI", "SAT"], "color": "#e87ba4"}}, {"type": "Feature", "geometry": {"type": "LineString", "coordinates": [[-74.00094500131149, 40.61241563000594], [-74.0013521945345, 40.61202309780194]]}, "properties": {"street": "17 AVENUE", "from": "NEW UTRECHT AVENUE", "to": "80 STREET", "side": "W", "zone": "DAILY", "zone_label": "Daily (except Sun)", "schedules": ["MON/TUE/WED/THU/FRI/SAT 8:30AM-9AM"], "all_days": ["MON", "TUE", "WED", "THU", "FRI", "SAT"], "color": "#e87ba4"}}, {"type": "Feature", "geometry": {"type": "LineString", "coordinates": [[-74.03052190072212, 40.6165428641715], [-74.03089788770212, 40.6160604794405]]}, "properties": {"street": "5 AVENUE", "from": "95 STREET", "to": "94 STREET", "side": "W", "zone": "DAILY", "zone_label": "Daily (except Sun)", "schedules": ["MON/TUE/WED/THU/FRI/SAT 8AM-8:30AM"], "all_days": ["MON", "TUE", "WED", "THU", "FRI", "SAT"], "color": "#e87ba4"}}, {"type": "Feature", "geometry": {"type": "LineString", "coordinates": [[-74.00188065982087, 40.609135067127006], [-74.00176065828487, 40.608008661940005]]}, "properties": {"street": "NEW UTRECHT AVENUE", "from": "84 STREET", "to": "18 AVENUE", "side": "W", "zone": "DAILY", "zone_label": "Daily (except Sun)", "schedules": ["MON/TUE/WED/THU/FRI/SAT 7AM-7:30AM"], "all_days": ["MON", "TUE", "WED", "THU", "FRI", "SAT"], "color": "#e87ba4"}}, {"type": "Feature", "geometry": {"type": "LineString", "coordinates": [[-74.003681221336, 40.64110460707183], [-74.004262861239, 40.640544995684834]]}, "properties": {"street": "8 AVENUE", "from": "51 STREET", "to": "50 STREET", "side": "E", "zone": "DAILY", "zone_label": "Daily (except Sun)", "schedules": ["MON/TUE/WED/THU/FRI/SAT 8AM-8:30AM"], "all_days": ["MON", "TUE", "WED", "THU", "FRI", "SAT"], "color": "#e87ba4"}}, {"type": "Feature", "geometry": {"type": "LineString", "coordinates": [[-74.02411512843014, 40.625779427080374], [-74.02441058422414, 40.62504745784337]]}, "properties": {"street": "5 AVENUE", "from": "81 STREET", "to": "80 STREET", "side": "E", "zone": "DAILY", "zone_label": "Daily (except Sun)", "schedules": ["MON/TUE/WED/THU/FRI/SAT 7:30AM-8AM"], "all_days": ["MON", "TUE", "WED", "THU", "FRI", "SAT"], "color": "#e87ba4"}}, {"type": "Feature", "geometry": {"type": "LineString", "coordinates": [[-74.0329937607689, 40.61863995676614], [-74.0332742622229, 40.61794402587514]]}, "properties": {"street": "3 AVENUE", "from": "94 STREET", "to": "93 STREET", "side": "E", "zone": "DAILY", "zone_label": "Daily (except Sun)", "schedules": ["MON/TUE/WED/THU/FRI/SAT 8AM-8:30AM"], "all_days": ["MON", "TUE", "WED", "THU", "FRI", "SAT"], "color": "#e87ba4"}}, {"type": "Feature", "geometry": {"type": "LineString", "coordinates": [[-74.03415164842124, 40.615803922026636], [-74.03449996247625, 40.61493797596964]]}, "properties": {"street": "3 AVENUE", "from": "MARINE AVENUE", "to": "97 STREET", "side": "E", "zone": "DAILY", "zone_label": "Daily (except Sun)", "schedules": ["MON/TUE/WED/THU/FRI/SAT 8AM-8:30AM"], "all_days": ["MON", "TUE", "WED", "THU", "FRI", "SAT"], "color": "#e87ba4"}}, {"type": "Feature", "geometry": {"type": "LineString", "coordinates": [[-74.02530688256985, 40.62285764039797], [-74.02562366071786, 40.622138900733965]]}, "properties": {"street": "5 AVENUE", "from": "85 STREET", "to": "84 STREET", "side": "E", "zone": "DAILY", "zone_label": "Daily (except Sun)", "schedules": ["MON/TUE/WED/THU/FRI/SAT 7:30AM-8AM"], "all_days": ["MON", "TUE", "WED", "THU", "FRI", "SAT"], "color": "#e87ba4"}}, {"type": "Feature", "geometry": {"type": "LineString", "coordinates": [[-74.0054915674966, 40.63946291233895], [-74.0060752710236, 40.63890511059995]]}, "properties": {"street": "8 AVENUE", "from": "53 STREET", "to": "54 STREET", "side": "W", "zone": "DAILY", "zone_label": "Daily (except Sun)", "schedules": ["MON/TUE/WED/THU/FRI/SAT 7:30AM-8AM"], "all_days": ["MON", "TUE", "WED", "THU", "FRI", "SAT"], "color": "#e87ba4"}}, {"type": "Feature", "geometry": {"type": "LineString", "coordinates": [[-74.0205476198745, 40.6347237115825], [-74.02076287199651, 40.634186378006504]]}, "properties": {"street": "5 AVENUE", "from": "SENATOR STREET", "to": "68 STREET", "side": "W", "zone": "DAILY", "zone_label": "Daily (except Sun)", "schedules": ["MON/TUE/WED/THU/FRI/SAT 8AM-8:30AM"], "all_days": ["MON", "TUE", "WED", "THU", "FRI", "SAT"], "color": "#e87ba4"}}, {"type": "Feature", "geometry": {"type": "LineString", "coordinates": [[-74.0065881374001, 40.62806742272122], [-74.00716903737411, 40.627508849626224]]}, "properties": {"street": "11 AVENUE", "from": "66 STREET", "to": "67 STREET", "side": "W", "zone": "DAILY", "zone_label": "Daily (except Sun)", "schedules": ["MON/TUE/WED/THU/FRI/SAT 8AM-8:30AM"], "all_days": ["MON", "TUE", "WED", "THU", "FRI", "SAT"], "color": "#e87ba4"}}, {"type": "Feature", "geometry": {"type": "LineString", "coordinates": [[-74.02292127340641, 40.62870021977536], [-74.02321969841542, 40.627970315851364]]}, "properties": {"street": "5 AVENUE", "from": "77 STREET", "to": "76 STREET", "side": "E", "zone": "DAILY", "zone_label": "Daily (except Sun)", "schedules": ["MON/TUE/WED/THU/FRI/SAT 7:30AM-8AM"], "all_days": ["MON", "TUE", "WED", "THU", "FRI", "SAT"], "color": "#e87ba4"}}, {"type": "Feature", "geometry": {"type": "LineString", "coordinates": [[-74.03046812066957, 40.625027529778315], [-74.03074860037256, 40.62434585103332]]}, "properties": {"street": "3 AVENUE", "from": "84 STREET", "to": "85 STREET", "side": "W", "zone": "DAILY", "zone_label": "Daily (except Sun)", "schedules": ["MON/TUE/WED/THU/FRI/SAT 7:30AM-8AM"], "all_days": ["MON", "TUE", "WED", "THU", "FRI", "SAT"], "color": "#e87ba4"}}, {"type": "Feature", "geometry": {"type": "LineString", "coordinates": [[-74.01494844993327, 40.640614177754124], [-74.01553148079627, 40.64005534629212]]}, "properties": {"street": "5 AVENUE", "from": "59 STREET", "to": "58 STREET", "side": "E", "zone": "DAILY", "zone_label": "Daily (except Sun)", "schedules": ["MON/TUE/WED/THU/FRI/SAT 8AM-8:30AM"], "all_days": ["MON", "TUE", "WED", "THU", "FRI", "SAT"], "color": "#e87ba4"}}, {"type": "Feature", "geometry": {"type": "LineString", "coordinates": [[-74.00570830792272, 40.609078293677875], [-74.00488192702572, 40.608577722526874]]}, "properties": {"street": "86 STREET", "from": "BAY   14 STREET", "to": "17 AVENUE", "side": "S", "zone": "DAILY", "zone_label": "Daily (except Sun)", "schedules": ["MON/TUE/WED/THU/FRI/SAT 8AM-8:30AM"], "all_days": ["MON", "TUE", "WED", "THU", "FRI", "SAT"], "color": "#e87ba4"}}, {"type": "Feature", "geometry": {"type": "LineString", "coordinates": [[-74.00168936380594, 40.60798953351772], [-74.00192139841394, 40.607804238502716]]}, "properties": {"street": "18 AVENUE", "from": "NEW UTRECHT AVENUE", "to": "84 STREET", "side": "E", "zone": "DAILY", "zone_label": "Daily (except Sun)", "schedules": ["MON/TUE/WED/THU/FRI/SAT 7:30AM-8AM"], "all_days": ["MON", "TUE", "WED", "THU", "FRI", "SAT"], "color": "#e87ba4"}}, {"type": "Feature", "geometry": {"type": "LineString", "coordinates": [[-74.0052673740136, 40.629234133536706], [-74.0058952026056, 40.628632789686705]]}, "properties": {"street": "11 AVENUE", "from": "65 STREET", "to": "64 STREET", "side": "E", "zone": "DAILY", "zone_label": "Daily (except Sun)", "schedules": ["MON/TUE/WED/THU/FRI/SAT 8AM-8:30AM"], "all_days": ["MON", "TUE", "WED", "THU", "FRI", "SAT"], "color": "#e87ba4"}}, {"type": "Feature", "geometry": {"type": "LineString", "coordinates": [[-74.00261951575841, 40.607289926152646], [-74.00190351673041, 40.606854205057644]]}, "properties": {"street": "86 STREET", "from": "NEW UTRECHT AVENUE", "to": "18 AVENUE", "side": "N", "zone": "DAILY", "zone_label": "Daily (except Sun)", "schedules": ["MON/TUE/WED/THU/FRI/SAT 7:30AM-8AM"], "all_days": ["MON", "TUE", "WED", "THU", "FRI", "SAT"], "color": "#e87ba4"}}, {"type": "Feature", "geometry": {"type": "LineString", "coordinates": [[-74.00414057451074, 40.60812892138764], [-74.00343054706074, 40.60769402852264]]}, "properties": {"street": "86 STREET", "from": "BAY   16 STREET", "to": "BAY   17 STREET", "side": "S", "zone": "DAILY", "zone_label": "Daily (except Sun)", "schedules": ["MON/TUE/WED/THU/FRI/SAT 8AM-8:30AM"], "all_days": ["MON", "TUE", "WED", "THU", "FRI", "SAT"], "color": "#e87ba4"}}, {"type": "Feature", "geometry": {"type": "LineString", "coordinates": [[-74.01360085216713, 40.62775960079322], [-74.01431356294212, 40.62727887106322]]}, "properties": {"street": "FORT HAMILTON PARKWAY", "from": "72 STREET", "to": "71 STREET", "side": "E", "zone": "DAILY", "zone_label": "Daily (except Sun)", "schedules": ["MON/TUE/WED/THU/FRI/SAT 8AM-8:30AM"], "all_days": ["MON", "TUE", "WED", "THU", "FRI", "SAT"], "color": "#e87ba4"}}, {"type": "Feature", "geometry": {"type": "LineString", "coordinates": [[-74.02198549245377, 40.63098689767269], [-74.02225813328576, 40.6303219731647]]}, "properties": {"street": "5 AVENUE", "from": "74 STREET", "to": "73 STREET", "side": "E", "zone": "DAILY", "zone_label": "Daily (except Sun)", "schedules": ["MON/TUE/WED/THU/FRI/SAT 7:30AM-8AM"], "all_days": ["MON", "TUE", "WED", "THU", "FRI", "SAT"], "color": "#e87ba4"}}, {"type": "Feature", "geometry": {"type": "LineString", "coordinates": [[-74.00192854331151, 40.64278749552303], [-74.0025136292835, 40.64222451632803]]}, "properties": {"street": "8 AVENUE", "from": "48 STREET", "to": "47 STREET", "side": "E", "zone": "DAILY", "zone_label": "Daily (except Sun)", "schedules": ["MON/TUE/WED/THU/FRI/SAT 8AM-8:30AM"], "all_days": ["MON", "TUE", "WED", "THU", "FRI", "SAT"], "color": "#e87ba4"}}, {"type": "Feature", "geometry": {"type": "LineString", "coordinates": [[-74.03279298427883, 40.6193405500771], [-74.03299958283884, 40.61883492930009]]}, "properties": {"street": "3 AVENUE", "from": "92 STREET", "to": "93 STREET", "side": "W", "zone": "DAILY", "zone_label": "Daily (except Sun)", "schedules": ["MON/TUE/WED/THU/FRI/SAT 7:30AM-8AM"], "all_days": ["MON", "TUE", "WED", "THU", "FRI", "SAT"], "color": "#e87ba4"}}, {"type": "Feature", "geometry": {"type": "LineString", "coordinates": [[-74.00192123826336, 40.60780436732095], [-74.00261524242036, 40.607243859543956]]}, "properties": {"street": "18 AVENUE", "from": "86 STREET", "to": "85 STREET", "side": "E", "zone": "DAILY", "zone_label": "Daily (except Sun)", "schedules": ["MON/TUE/WED/THU/FRI/SAT 7:30AM-8AM"], "all_days": ["MON", "TUE", "WED", "THU", "FRI", "SAT"], "color": "#e87ba4"}}, {"type": "Feature", "geometry": {"type": "LineString", "coordinates": [[-74.00860587137994, 40.61913094899488], [-74.00918647514195, 40.61857101458888]]}, "properties": {"street": "13 AVENUE", "from": "78 STREET", "to": "77 STREET", "side": "E", "zone": "DAILY", "zone_label": "Daily (except Sun)", "schedules": ["MON/TUE/WED/THU/FRI/SAT 8:30AM-9AM"], "all_days": ["MON", "TUE", "WED", "THU", "FRI", "SAT"], "color": "#e87ba4"}}, {"type": "Feature", "geometry": {"type": "LineString", "coordinates": [[-74.02508822120791, 40.62360669297228], [-74.0253857380419, 40.62287690907128]]}, "properties": {"street": "5 AVENUE", "from": "83 STREET", "to": "84 STREET", "side": "W", "zone": "DAILY", "zone_label": "Daily (except Sun)", "schedules": ["MON/TUE/WED/THU/FRI/SAT 8AM-8:30AM"], "all_days": ["MON", "TUE", "WED", "THU", "FRI", "SAT"], "color": "#e87ba4"}}, {"type": "Feature", "geometry": {"type": "LineString", "coordinates": [[-74.00123175364662, 40.60636879533939], [-74.00048429729863, 40.605918081067394]]}, "properties": {"street": "86 STREET", "from": "BAY   20 STREET", "to": "19 AVENUE", "side": "S", "zone": "DAILY", "zone_label": "Daily (except Sun)", "schedules": ["MON/TUE/WED/THU/FRI/SAT 8:30AM-9AM"], "all_days": ["MON", "TUE", "WED", "THU", "FRI", "SAT"], "color": "#e87ba4"}}, {"type": "Feature", "geometry": {"type": "LineString", "coordinates": [[-74.02641998139713, 40.63488416108176], [-74.02672013393213, 40.63421561894175]]}, "properties": {"street": "3 AVENUE", "from": "OVINGTON AVENUE", "to": "71 STREET", "side": "W", "zone": "DAILY", "zone_label": "Daily (except Sun)", "schedules": ["MON/TUE/WED/THU/FRI/SAT 7:30AM-8AM"], "all_days": ["MON", "TUE", "WED", "THU", "FRI", "SAT"], "color": "#e87ba4"}}, {"type": "Feature", "geometry": {"type": "LineString", "coordinates": [[-74.00560623664023, 40.62201229992161], [-74.00618765867524, 40.62145313701761]]}, "properties": {"street": "13 AVENUE", "from": "73 STREET", "to": "72 STREET", "side": "E", "zone": "DAILY", "zone_label": "Daily (except Sun)", "schedules": ["MON/TUE/WED/THU/FRI/SAT 8:30AM-9AM"], "all_days": ["MON", "TUE", "WED", "THU", "FRI", "SAT"], "color": "#e87ba4"}}, {"type": "Feature", "geometry": {"type": "LineString", "coordinates": [[-74.02097394164598, 40.63346731993917], [-74.0211149478027, 40.63312106162107], [-74.02133628186404, 40.63257754049988]]}, "properties": {"street": "5 AVENUE", "from": "OVINGTON AVENUE", "to": "BAY RIDGE AVENUE", "side": "E", "zone": "DAILY", "zone_label": "Daily (except Sun)", "schedules": ["MON/TUE/WED/THU/FRI/SAT 7:30AM-8AM"], "all_days": ["MON", "TUE", "WED", "THU", "FRI", "SAT"], "color": "#e87ba4"}}, {"type": "Feature", "geometry": {"type": "LineString", "coordinates": [[-74.0168021417048, 40.638926763488094], [-74.0173848711618, 40.63836890460909]]}, "properties": {"street": "5 AVENUE", "from": "61 STREET", "to": "62 STREET", "side": "W", "zone": "DAILY", "zone_label": "Daily (except Sun)", "schedules": ["MON/TUE/WED/THU/FRI/SAT 7:30AM-8AM"], "all_days": ["MON", "TUE", "WED", "THU", "FRI", "SAT"], "color": "#e87ba4"}}, {"type": "Feature", "geometry": {"type": "LineString", "coordinates": [[-74.01731982494132, 40.63832994653015], [-74.01789995563333, 40.63776977970715]]}, "properties": {"street": "5 AVENUE", "from": "63 STREET", "to": "62 STREET", "side": "E", "zone": "DAILY", "zone_label": "Daily (except Sun)", "schedules": ["MON/TUE/WED/THU/FRI/SAT 8AM-8:30AM"], "all_days": ["MON", "TUE", "WED", "THU", "FRI", "SAT"], "color": "#e87ba4"}}, {"type": "Feature", "geometry": {"type": "LineString", "coordinates": [[-74.00251356567507, 40.642224577954714], [-74.00309383049307, 40.641663360287716]]}, "properties": {"street": "8 AVENUE", "from": "49 STREET", "to": "48 STREET", "side": "E", "zone": "DAILY", "zone_label": "Daily (except Sun)", "schedules": ["MON/TUE/WED/THU/FRI/SAT 8AM-8:30AM"], "all_days": ["MON", "TUE", "WED", "THU", "FRI", "SAT"], "color": "#e87ba4"}}, {"type": "Feature", "geometry": {"type": "LineString", "coordinates": [[-74.00918654196428, 40.618570950578224], [-74.00976867229929, 40.61801252535923]]}, "properties": {"street": "13 AVENUE", "from": "79 STREET", "to": "78 STREET", "side": "E", "zone": "DAILY", "zone_label": "Daily (except Sun)", "schedules": ["MON/TUE/WED/THU/FRI/SAT 8:30AM-9AM"], "all_days": ["MON", "TUE", "WED", "THU", "FRI", "SAT"], "color": "#e87ba4"}}, {"type": "Feature", "geometry": {"type": "LineString", "coordinates": [[-74.0004391918772, 40.61418081666301], [-74.0006685633702, 40.61340978982701]]}, "properties": {"street": "NEW UTRECHT AVENUE", "from": "77 STREET", "to": "78 STREET", "side": "W", "zone": "DAILY", "zone_label": "Daily (except Sun)", "schedules": ["MON/TUE/WED/THU/FRI/SAT 7AM-7:30AM"], "all_days": ["MON", "TUE", "WED", "THU", "FRI", "SAT"], "color": "#e87ba4"}}, {"type": "Feature", "geometry": {"type": "LineString", "coordinates": [[-74.01072895679704, 40.62967813182377], [-74.01145578538403, 40.62919441949778]]}, "properties": {"street": "FORT HAMILTON PARKWAY", "from": "68 STREET", "to": "67 STREET", "side": "E", "zone": "DAILY", "zone_label": "Daily (except Sun)", "schedules": ["MON/TUE/WED/THU/FRI/SAT 8AM-8:30AM"], "all_days": ["MON", "TUE", "WED", "THU", "FRI", "SAT"], "color": "#e87ba4"}}, {"type": "Feature", "geometry": {"type": "LineString", "coordinates": [[-74.01035136808282, 40.6174524789015], [-74.01093053688582, 40.6168950927095]]}, "properties": {"street": "13 AVENUE", "from": "81 STREET", "to": "80 STREET", "side": "E", "zone": "DAILY", "zone_label": "Daily (except Sun)", "schedules": ["MON/TUE/WED/THU/FRI/SAT 8:30AM-9AM"], "all_days": ["MON", "TUE", "WED", "THU", "FRI", "SAT"], "color": "#e87ba4"}}, {"type": "Feature", "geometry": {"type": "LineString", "coordinates": [[-74.01145587386414, 40.629194360312816], [-74.01217032920914, 40.62871613810682]]}, "properties": {"street": "FORT HAMILTON PARKWAY", "from": "68 STREET", "to": "BAY RIDGE AVENUE", "side": "W", "zone": "DAILY", "zone_label": "Daily (except Sun)", "schedules": ["MON/TUE/WED/THU/FRI/SAT 7:30AM-8AM"], "all_days": ["MON", "TUE", "WED", "THU", "FRI", "SAT"], "color": "#e87ba4"}}, {"type": "Feature", "geometry": {"type": "LineString", "coordinates": [[-74.00309403860481, 40.64166316093413], [-74.00368136354882, 40.64110447076113]]}, "properties": {"street": "8 AVENUE", "from": "50 STREET", "to": "49 STREET", "side": "E", "zone": "DAILY", "zone_label": "Daily (except Sun)", "schedules": ["MON/TUE/WED/THU/FRI/SAT 8AM-8:30AM"], "all_days": ["MON", "TUE", "WED", "THU", "FRI", "SAT"], "color": "#e87ba4"}}, {"type": "Feature", "geometry": {"type": "LineString", "coordinates": [[-74.02449305019519, 40.62042008304021], [-74.02370988907418, 40.61996129077921]]}, "properties": {"street": "86 STREET", "from": "FORT HAMILTON PARKWAY", "to": "GATLING PLACE", "side": "S", "zone": "DAILY", "zone_label": "Daily (except Sun)", "schedules": ["MON/TUE/WED/THU/FRI/SAT 8:30AM-9AM"], "all_days": ["MON", "TUE", "WED", "THU", "FRI", "SAT"], "color": "#e87ba4"}}, {"type": "Feature", "geometry": {"type": "LineString", "coordinates": [[-74.00618770624835, 40.621453091612985], [-74.00677088032135, 40.62089435735298]]}, "properties": {"street": "13 AVENUE", "from": "74 STREET", "to": "73 STREET", "side": "E", "zone": "DAILY", "zone_label": "Daily (except Sun)", "schedules": ["MON/TUE/WED/THU/FRI/SAT 8:30AM-9AM"], "all_days": ["MON", "TUE", "WED", "THU", "FRI", "SAT"], "color": "#e87ba4"}}, {"type": "Feature", "geometry": {"type": "LineString", "coordinates": [[-74.00625264218566, 40.62149213973502], [-74.00683581625866, 40.620933405475014]]}, "properties": {"street": "13 AVENUE", "from": "73 STREET", "to": "74 STREET", "side": "W", "zone": "DAILY", "zone_label": "Daily (except Sun)", "schedules": ["MON/TUE/WED/THU/FRI/SAT 8AM-8:30AM"], "all_days": ["MON", "TUE", "WED", "THU", "FRI", "SAT"], "color": "#e87ba4"}}, {"type": "Feature", "geometry": {"type": "LineString", "coordinates": [[-74.01094546041878, 40.6123202399799], [-74.01022622209379, 40.6118862011429]]}, "properties": {"street": "86 STREET", "from": "15 AVENUE", "to": "14 AVENUE", "side": "N", "zone": "DAILY", "zone_label": "Daily (except Sun)", "schedules": ["MON/TUE/WED/THU/FRI/SAT 8AM-8:30AM"], "all_days": ["MON", "TUE", "WED", "THU", "FRI", "SAT"], "color": "#e87ba4"}}, {"type": "Feature", "geometry": {"type": "LineString", "coordinates": [[-74.00723972025028, 40.63778229659245], [-74.00782175134829, 40.63722324376545]]}, "properties": {"street": "8 AVENUE", "from": "56 STREET", "to": "57 STREET", "side": "W", "zone": "DAILY", "zone_label": "Daily (except Sun)", "schedules": ["MON/TUE/WED/THU/FRI/SAT 7:30AM-8AM"], "all_days": ["MON", "TUE", "WED", "THU", "FRI", "SAT"], "color": "#e87ba4"}}, {"type": "Feature", "geometry": {"type": "LineString", "coordinates": [[-74.00408856572925, 40.60817786130236], [-74.00337853827925, 40.60774296843736]]}, "properties": {"street": "86 STREET", "from": "18 AVENUE", "to": "BAY   16 STREET", "side": "N", "zone": "DAILY", "zone_label": "Daily (except Sun)", "schedules": ["MON/TUE/WED/THU/FRI/SAT 7:30AM-8AM"], "all_days": ["MON", "TUE", "WED", "THU", "FRI", "SAT"], "color": "#e87ba4"}}, {"type": "Feature", "geometry": {"type": "LineString", "coordinates": [[-74.02538544895415, 40.62287758964203], [-74.02570222710216, 40.62215884997803]]}, "properties": {"street": "5 AVENUE", "from": "84 STREET", "to": "85 STREET", "side": "W", "zone": "DAILY", "zone_label": "Daily (except Sun)", "schedules": ["MON/TUE/WED/THU/FRI/SAT 8AM-8:30AM"], "all_days": ["MON", "TUE", "WED", "THU", "FRI", "SAT"], "color": "#e87ba4"}}, {"type": "Feature", "geometry": {"type": "LineString", "coordinates": [[-74.00445867172796, 40.60559619983525], [-74.00496838849196, 40.60510200864725]]}, "properties": {"street": "18 AVENUE", "from": "BENSON AVENUE", "to": "RUTHERFORD PLACE", "side": "W", "zone": "DAILY", "zone_label": "Daily (except Sun)", "schedules": ["MON/TUE/WED/THU/FRI/SAT 8AM-8:30AM"], "all_days": ["MON", "TUE", "WED", "THU", "FRI", "SAT"], "color": "#e87ba4"}}, {"type": "Feature", "geometry": {"type": "LineString", "coordinates": [[-74.0308067320436, 40.61669860515977], [-74.0310878770426, 40.61599310217077]]}, "properties": {"street": "4 AVENUE", "from": "95 STREET", "to": "94 STREET", "side": "E", "zone": "DAILY", "zone_label": "Daily (except Sun)", "schedules": ["MON/TUE/WED/THU/FRI/SAT 8AM-8:30AM"], "all_days": ["MON", "TUE", "WED", "THU", "FRI", "SAT"], "color": "#e87ba4"}}, {"type": "Feature", "geometry": {"type": "LineString", "coordinates": [[-74.03140073564725, 40.62274629437577], [-74.03167993183325, 40.622066064003775]]}, "properties": {"street": "3 AVENUE", "from": "87 STREET", "to": "88 STREET", "side": "W", "zone": "DAILY", "zone_label": "Daily (except Sun)", "schedules": ["MON/TUE/WED/THU/FRI/SAT 7:30AM-8AM"], "all_days": ["MON", "TUE", "WED", "THU", "FRI", "SAT"], "color": "#e87ba4"}}, {"type": "Feature", "geometry": {"type": "LineString", "coordinates": [[-74.02699163500867, 40.63353349695161], [-74.02727041344266, 40.63285362932961]]}, "properties": {"street": "3 AVENUE", "from": "72 STREET", "to": "73 STREET", "side": "W", "zone": "DAILY", "zone_label": "Daily (except Sun)", "schedules": ["MON/TUE/WED/THU/FRI/SAT 7:30AM-8AM"], "all_days": ["MON", "TUE", "WED", "THU", "FRI", "SAT"], "color": "#e87ba4"}}, {"type": "Feature", "geometry": {"type": "LineString", "coordinates": [[-74.00808751270927, 40.619728040748285], [-74.00867086847127, 40.619169936352286]]}, "properties": {"street": "13 AVENUE", "from": "76 STREET", "to": "77 STREET", "side": "W", "zone": "DAILY", "zone_label": "Daily (except Sun)", "schedules": ["MON/TUE/WED/THU/FRI/SAT 8AM-8:30AM"], "all_days": ["MON", "TUE", "WED", "THU", "FRI", "SAT"], "color": "#e87ba4"}}, {"type": "Feature", "geometry": {"type": "LineString", "coordinates": [[-74.00267774597941, 40.607285043796665], [-74.00445839484041, 40.60559646555766]]}, "properties": {"street": "18 AVENUE", "from": "86 STREET", "to": "BENSON AVENUE", "side": "W", "zone": "DAILY", "zone_label": "Daily (except Sun)", "schedules": ["MON/TUE/WED/THU/FRI/SAT 8AM-8:30AM"], "all_days": ["MON", "TUE", "WED", "THU", "FRI", "SAT"], "color": "#e87ba4"}}, {"type": "Feature", "geometry": {"type": "LineString", "coordinates": [[-74.0289374972682, 40.62856298289482], [-74.0292363870012, 40.62783182902682]]}, "properties": {"street": "3 AVENUE", "from": "80 STREET", "to": "79 STREET", "side": "E", "zone": "DAILY", "zone_label": "Daily (except Sun)", "schedules": ["MON/TUE/WED/THU/FRI/SAT 8AM-8:30AM"], "all_days": ["MON", "TUE", "WED", "THU", "FRI", "SAT"], "color": "#e87ba4"}}, {"type": "Feature", "geometry": {"type": "LineString", "coordinates": [[-74.00509171688384, 40.62261082937398], [-74.00567131736983, 40.62205120965698]]}, "properties": {"street": "13 AVENUE", "from": "71 STREET", "to": "72 STREET", "side": "W", "zone": "DAILY", "zone_label": "Daily (except Sun)", "schedules": ["MON/TUE/WED/THU/FRI/SAT 8AM-8:30AM"], "all_days": ["MON", "TUE", "WED", "THU", "FRI", "SAT"], "color": "#e87ba4"}}, {"type": "Feature", "geometry": {"type": "LineString", "coordinates": [[-74.00848478839588, 40.63118202160921], [-74.00925236423087, 40.63066568587622]]}, "properties": {"street": "FORT HAMILTON PARKWAY", "from": "64 STREET", "to": "65 STREET", "side": "W", "zone": "DAILY", "zone_label": "Daily (except Sun)", "schedules": ["MON/TUE/WED/THU/FRI/SAT 7:30AM-8AM"], "all_days": ["MON", "TUE", "WED", "THU", "FRI", "SAT"], "color": "#e87ba4"}}, {"type": "Feature", "geometry": {"type": "LineString", "coordinates": [[-74.02624999668339, 40.62151710491475], [-74.02680597625539, 40.62087168156375]]}, "properties": {"street": "5 AVENUE", "from": "86 STREET", "to": "87 STREET", "side": "W", "zone": "DAILY", "zone_label": "Daily (except Sun)", "schedules": ["MON/TUE/WED/THU/FRI/SAT 8AM-8:30AM"], "all_days": ["MON", "TUE", "WED", "THU", "FRI", "SAT"], "color": "#e87ba4"}}, {"type": "Feature", "geometry": {"type": "LineString", "coordinates": [[-74.0222581177031, 40.63032201246821], [-74.0225996511421, 40.62948520103321]]}, "properties": {"street": "5 AVENUE", "from": "BAY RIDGE PARKWAY", "to": "74 STREET", "side": "E", "zone": "DAILY", "zone_label": "Daily (except Sun)", "schedules": ["MON/TUE/WED/THU/FRI/SAT 7:30AM-8AM"], "all_days": ["MON", "TUE", "WED", "THU", "FRI", "SAT"], "color": "#e87ba4"}}, {"type": "Feature", "geometry": {"type": "LineString", "coordinates": [[-74.0126830424396, 40.64289348583793], [-74.01326586418061, 40.64233288335293]]}, "properties": {"street": "5 AVENUE", "from": "54 STREET", "to": "55 STREET", "side": "W", "zone": "DAILY", "zone_label": "Daily (except Sun)", "schedules": ["MON/TUE/WED/THU/FRI/SAT 7:30AM-8AM"], "all_days": ["MON", "TUE", "WED", "THU", "FRI", "SAT"], "color": "#e87ba4"}}, {"type": "Feature", "geometry": {"type": "LineString", "coordinates": [[-74.02727043494536, 40.63285357573648], [-74.02754810755937, 40.63217211361748]]}, "properties": {"street": "3 AVENUE", "from": "73 STREET", "to": "74 STREET", "side": "W", "zone": "DAILY", "zone_label": "Daily (except Sun)", "schedules": ["MON/TUE/WED/THU/FRI/SAT 7:30AM-8AM"], "all_days": ["MON", "TUE", "WED", "THU", "FRI", "SAT"], "color": "#e87ba4"}}, {"type": "Feature", "geometry": {"type": "LineString", "coordinates": [[-74.02539067710143, 40.62096080540259], [-74.02449349215843, 40.620420345490594]]}, "properties": {"street": "86 STREET", "from": "GELSTON AVENUE", "to": "FT HAMILTON PARKWAY", "side": "S", "zone": "DAILY", "zone_label": "Daily (except Sun)", "schedules": ["MON/TUE/WED/THU/FRI/SAT 8:30AM-9AM"], "all_days": ["MON", "TUE", "WED", "THU", "FRI", "SAT"], "color": "#e87ba4"}}, {"type": "Feature", "geometry": {"type": "LineString", "coordinates": [[-74.02068371036307, 40.6341678023324], [-74.02097400198507, 40.6334671725494]]}, "properties": {"street": "5 AVENUE", "from": "BAY RIDGE AVENUE", "to": "68 STREET", "side": "E", "zone": "DAILY", "zone_label": "Daily (except Sun)", "schedules": ["MON/TUE/WED/THU/FRI/SAT 7:30AM-8AM"], "all_days": ["MON", "TUE", "WED", "THU", "FRI", "SAT"], "color": "#e87ba4"}}, {"type": "Feature", "geometry": {"type": "LineString", "coordinates": [[-74.00426284815492, 40.640545008543334], [-74.00484507002791, 40.639984232178335]]}, "properties": {"street": "8 AVENUE", "from": "52 STREET", "to": "51 STREET", "side": "E", "zone": "DAILY", "zone_label": "Daily (except Sun)", "schedules": ["MON/TUE/WED/THU/FRI/SAT 8AM-8:30AM"], "all_days": ["MON", "TUE", "WED", "THU", "FRI", "SAT"], "color": "#e87ba4"}}, {"type": "Feature", "geometry": {"type": "LineString", "coordinates": [[-74.0274689737809, 40.632153473257574], [-74.0277527354249, 40.63146223800457]]}, "properties": {"street": "3 AVENUE", "from": "BAYRIDGE PARKWAY", "to": "74 STREET", "side": "E", "zone": "DAILY", "zone_label": "Daily (except Sun)", "schedules": ["MON/TUE/WED/THU/FRI/SAT 8AM-8:30AM"], "all_days": ["MON", "TUE", "WED", "THU", "FRI", "SAT"], "color": "#e87ba4"}}, {"type": "Feature", "geometry": {"type": "LineString", "coordinates": [[-74.03167994259566, 40.622066036755584], [-74.03195873061665, 40.62138461665058]]}, "properties": {"street": "3 AVENUE", "from": "88 STREET", "to": "89 STREET", "side": "W", "zone": "DAILY", "zone_label": "Daily (except Sun)", "schedules": ["MON/TUE/WED/THU/FRI/SAT 7:30AM-8AM"], "all_days": ["MON", "TUE", "WED", "THU", "FRI", "SAT"], "color": "#e87ba4"}}, {"type": "Feature", "geometry": {"type": "LineString", "coordinates": [[-74.0068358903104, 40.62093333403341], [-74.0074605066194, 40.62033131571941]]}, "properties": {"street": "13 AVENUE", "from": "74 STREET", "to": "BAYRIDGE PARKWAY", "side": "W", "zone": "DAILY", "zone_label": "Daily (except Sun)", "schedules": ["MON/TUE/WED/THU/FRI/SAT 8AM-8:30AM"], "all_days": ["MON", "TUE", "WED", "THU", "FRI", "SAT"], "color": "#e87ba4"}}, {"type": "Feature", "geometry": {"type": "LineString", "coordinates": [[-74.0261895100137, 40.6215244857427], [-74.0253391097187, 40.62101001980469]]}, "properties": {"street": "86 STREET", "from": "FORT HAMILTON PARKWAY", "to": "5 AVENUE", "side": "N", "zone": "DAILY", "zone_label": "Daily (except Sun)", "schedules": ["MON/TUE/WED/THU/FRI/SAT 8:30AM-9AM"], "all_days": ["MON", "TUE", "WED", "THU", "FRI", "SAT"], "color": "#e87ba4"}}, {"type": "Feature", "geometry": {"type": "LineString", "coordinates": [[-74.00417112600897, 40.630391637917654], [-74.00475159295198, 40.62983208693166]]}, "properties": {"street": "11 AVENUE", "from": "62 STREET", "to": "63 STREET", "side": "W", "zone": "DAILY", "zone_label": "Daily (except Sun)", "schedules": ["MON/TUE/WED/THU/FRI/SAT 8AM-8:30AM"], "all_days": ["MON", "TUE", "WED", "THU", "FRI", "SAT"], "color": "#e87ba4"}}, {"type": "Feature", "geometry": {"type": "LineString", "coordinates": [[-74.00802261521272, 40.61968895746371], [-74.00860597097473, 40.61913085306771]]}, "properties": {"street": "13 AVENUE", "from": "77 STREET", "to": "76 STREET", "side": "E", "zone": "DAILY", "zone_label": "Daily (except Sun)", "schedules": ["MON/TUE/WED/THU/FRI/SAT 8:30AM-9AM"], "all_days": ["MON", "TUE", "WED", "THU", "FRI", "SAT"], "color": "#e87ba4"}}, {"type": "Feature", "geometry": {"type": "LineString", "coordinates": [[-74.02754808120311, 40.63217217705842], [-74.0278318428471, 40.63148094180542]]}, "properties": {"street": "3 AVENUE", "from": "74 STREET", "to": "BAYRIDGE PARKWAY", "side": "W", "zone": "DAILY", "zone_label": "Daily (except Sun)", "schedules": ["MON/TUE/WED/THU/FRI/SAT 7:30AM-8AM"], "all_days": ["MON", "TUE", "WED", "THU", "FRI", "SAT"], "color": "#e87ba4"}}, {"type": "Feature", "geometry": {"type": "LineString", "coordinates": [[-74.01099700576921, 40.612271016360104], [-74.01027776744422, 40.611836977523105]]}, "properties": {"street": "86 STREET", "from": "BAY    7 STREET", "to": "BAY    8 STREET", "side": "S", "zone": "DAILY", "zone_label": "Daily (except Sun)", "schedules": ["MON/TUE/WED/THU/FRI/SAT 8AM-8:30AM"], "all_days": ["MON", "TUE", "WED", "THU", "FRI", "SAT"], "color": "#e87ba4"}}, {"type": "Feature", "geometry": {"type": "LineString", "coordinates": [[-74.02381503126256, 40.62651337683099], [-74.02411517223456, 40.625779318189]]}, "properties": {"street": "5 AVENUE", "from": "80 STREET", "to": "79 STREET", "side": "E", "zone": "DAILY", "zone_label": "Daily (except Sun)", "schedules": ["MON/TUE/WED/THU/FRI/SAT 7:30AM-8AM"], "all_days": ["MON", "TUE", "WED", "THU", "FRI", "SAT"], "color": "#e87ba4"}}, {"type": "Feature", "geometry": {"type": "LineString", "coordinates": [[-74.02812104414627, 40.63077171948559], [-74.02842089935326, 40.63004030653859]]}, "properties": {"street": "3 AVENUE", "from": "76 STREET", "to": "77 STREET", "side": "W", "zone": "DAILY", "zone_label": "Daily (except Sun)", "schedules": ["MON/TUE/WED/THU/FRI/SAT 7:30AM-8AM"], "all_days": ["MON", "TUE", "WED", "THU", "FRI", "SAT"], "color": "#e87ba4"}}, {"type": "Feature", "geometry": {"type": "LineString", "coordinates": [[-74.03271386064516, 40.61932192243491], [-74.03292045920517, 40.6188163016579]]}, "properties": {"street": "3 AVENUE", "from": "93 STREET", "to": "92 STREET", "side": "E", "zone": "DAILY", "zone_label": "Daily (except Sun)", "schedules": ["MON/TUE/WED/THU/FRI/SAT 8AM-8:30AM"], "all_days": ["MON", "TUE", "WED", "THU", "FRI", "SAT"], "color": "#e87ba4"}}, {"type": "Feature", "geometry": {"type": "LineString", "coordinates": [[-74.02011422151003, 40.63556588575328], [-74.02035380949303, 40.63496392744728]]}, "properties": {"street": "5 AVENUE", "from": "SENATOR STREET", "to": "67 STREET", "side": "E", "zone": "DAILY", "zone_label": "Daily (except Sun)", "schedules": ["MON/TUE/WED/THU/FRI/SAT 7:30AM-8AM"], "all_days": ["MON", "TUE", "WED", "THU", "FRI", "SAT"], "color": "#e87ba4"}}, {"type": "Feature", "geometry": {"type": "LineString", "coordinates": [[-74.01041641050317, 40.61749142103851], [-74.01099557930617, 40.61693403484651]]}, "properties": {"street": "13 AVENUE", "from": "80 STREET", "to": "81 STREET", "side": "W", "zone": "DAILY", "zone_label": "Daily (except Sun)", "schedules": ["MON/TUE/WED/THU/FRI/SAT 8AM-8:30AM"], "all_days": ["MON", "TUE", "WED", "THU", "FRI", "SAT"], "color": "#e87ba4"}}, {"type": "Feature", "geometry": {"type": "LineString", "coordinates": [[-74.02834177714578, 40.63002164402432], [-74.02863973581879, 40.62929322964131]]}, "properties": {"street": "3 AVENUE", "from": "78 STREET", "to": "77 STREET", "side": "E", "zone": "DAILY", "zone_label": "Daily (except Sun)", "schedules": ["MON/TUE/WED/THU/FRI/SAT 8AM-8:30AM"], "all_days": ["MON", "TUE", "WED", "THU", "FRI", "SAT"], "color": "#e87ba4"}}, {"type": "Feature", "geometry": {"type": "LineString", "coordinates": [[-74.00867096806606, 40.619169840425116], [-74.00925157182806, 40.61860990601912]]}, "properties": {"street": "13 AVENUE", "from": "77 STREET", "to": "78 STREET", "side": "W", "zone": "DAILY", "zone_label": "Daily (except Sun)", "schedules": ["MON/TUE/WED/THU/FRI/SAT 8AM-8:30AM"], "all_days": ["MON", "TUE", "WED", "THU", "FRI", "SAT"], "color": "#e87ba4"}}, {"type": "Feature", "geometry": {"type": "LineString", "coordinates": [[-74.02870704713636, 40.62197979706926], [-74.02679704871036, 40.62082984292126]]}, "properties": {"street": "87 STREET", "from": "5 AVENUE", "to": "4 AVENUE", "side": "S", "zone": "DAILY", "zone_label": "Daily (except Sun)", "schedules": ["MON/TUE/WED/THU/FRI/SAT 8:30AM-9AM"], "all_days": ["MON", "TUE", "WED", "THU", "FRI", "SAT"], "color": "#e87ba4"}}, {"type": "Feature", "geometry": {"type": "LineString", "coordinates": [[-74.01673720244321, 40.63888770231191], [-74.0173199319002, 40.638329843432906]]}, "properties": {"street": "5 AVENUE", "from": "62 STREET", "to": "61 STREET", "side": "E", "zone": "DAILY", "zone_label": "Daily (except Sun)", "schedules": ["MON/TUE/WED/THU/FRI/SAT 8AM-8:30AM"], "all_days": ["MON", "TUE", "WED", "THU", "FRI", "SAT"], "color": "#e87ba4"}}, {"type": "Feature", "geometry": {"type": "LineString", "coordinates": [[-74.00019275419686, 40.61313810738756], [-74.00077194752686, 40.61258245662957]]}, "properties": {"street": "17 AVENUE", "from": "77 STREET", "to": "78 STREET", "side": "W", "zone": "DAILY", "zone_label": "Daily (except Sun)", "schedules": ["MON/TUE/WED/THU/FRI/SAT 8:30AM-9AM"], "all_days": ["MON", "TUE", "WED", "THU", "FRI", "SAT"], "color": "#e87ba4"}}, {"type": "Feature", "geometry": {"type": "LineString", "coordinates": [[-74.01738497812067, 40.638368801511845], [-74.01796510881267, 40.637808634688845]]}, "properties": {"street": "5 AVENUE", "from": "62 STREET", "to": "63 STREET", "side": "W", "zone": "DAILY", "zone_label": "Daily (except Sun)", "schedules": ["MON/TUE/WED/THU/FRI/SAT 7:30AM-8AM"], "all_days": ["MON", "TUE", "WED", "THU", "FRI", "SAT"], "color": "#e87ba4"}}, {"type": "Feature", "geometry": {"type": "LineString", "coordinates": [[-74.00879311713487, 40.61093981984202], [-74.00807814966987, 40.610507576841016]]}, "properties": {"street": "86 STREET", "from": "BAY   10 STREET", "to": "BAY   11 STREET", "side": "S", "zone": "DAILY", "zone_label": "Daily (except Sun)", "schedules": ["MON/TUE/WED/THU/FRI/SAT 8AM-8:30AM"], "all_days": ["MON", "TUE", "WED", "THU", "FRI", "SAT"], "color": "#e87ba4"}}, {"type": "Feature", "geometry": {"type": "LineString", "coordinates": [[-74.0262411450723, 40.62147531206931], [-74.02539074477731, 40.620960846131304]]}, "properties": {"street": "86 STREET", "from": "5 AVENUE", "to": "GELSTON AVENUE", "side": "S", "zone": "DAILY", "zone_label": "Daily (except Sun)", "schedules": ["MON/TUE/WED/THU/FRI/SAT 8:30AM-9AM"], "all_days": ["MON", "TUE", "WED", "THU", "FRI", "SAT"], "color": "#e87ba4"}}, {"type": "Feature", "geometry": {"type": "LineString", "coordinates": [[-74.012170292626, 40.628716162434], [-74.01288607379199, 40.628238178698]]}, "properties": {"street": "FORT HAMILTON PARKWAY", "from": "70 STREET", "to": "BAY RIDGE AVENUE", "side": "E", "zone": "DAILY", "zone_label": "Daily (except Sun)", "schedules": ["MON/TUE/WED/THU/FRI/SAT 8AM-8:30AM"], "all_days": ["MON", "TUE", "WED", "THU", "FRI", "SAT"], "color": "#e87ba4"}}, {"type": "Feature", "geometry": {"type": "LineString", "coordinates": [[-74.01288611423799, 40.62823815152208], [-74.013600738808, 40.627759677106084]]}, "properties": {"street": "FORT HAMILTON PARKWAY", "from": "70 STREET", "to": "71 STREET", "side": "W", "zone": "DAILY", "zone_label": "Daily (except Sun)", "schedules": ["MON/TUE/WED/THU/FRI/SAT 7:30AM-8AM"], "all_days": ["MON", "TUE", "WED", "THU", "FRI", "SAT"], "color": "#e87ba4"}}, {"type": "Feature", "geometry": {"type": "LineString", "coordinates": [[-74.00491016874395, 40.640023141508344], [-74.00549167162396, 40.63946281267934]]}, "properties": {"street": "8 AVENUE", "from": "52 STREET", "to": "53 STREET", "side": "W", "zone": "DAILY", "zone_label": "Daily (except Sun)", "schedules": ["MON/TUE/WED/THU/FRI/SAT 7:30AM-8AM"], "all_days": ["MON", "TUE", "WED", "THU", "FRI", "SAT"], "color": "#e87ba4"}}, {"type": "Feature", "geometry": {"type": "LineString", "coordinates": [[-74.02009011469238, 40.63907497786507], [-74.02068457428638, 40.63853674914307]]}, "properties": {"street": "4 AVENUE", "from": "64 STREET", "to": "63 STREET", "side": "E", "zone": "DAILY", "zone_label": "Daily (except Sun)", "schedules": ["MON/TUE/WED/THU/FRI/SAT 7:30AM-8AM"], "all_days": ["MON", "TUE", "WED", "THU", "FRI", "SAT"], "color": "#e87ba4"}}, {"type": "Feature", "geometry": {"type": "LineString", "coordinates": [[-74.00315882165518, 40.64170237375187], [-74.00374614659918, 40.64114368357887]]}, "properties": {"street": "8 AVENUE", "from": "49 STREET", "to": "50 STREET", "side": "W", "zone": "DAILY", "zone_label": "Daily (except Sun)", "schedules": ["MON/TUE/WED/THU/FRI/SAT 7:30AM-8AM"], "all_days": ["MON", "TUE", "WED", "THU", "FRI", "SAT"], "color": "#e87ba4"}}, {"type": "Feature", "geometry": {"type": "LineString", "coordinates": [[-74.00953859173754, 40.61138976220972], [-74.00879309131554, 40.61093980414472]]}, "properties": {"street": "86 STREET", "from": "15 AVENUE", "to": "BAY   10 STREET", "side": "S", "zone": "DAILY", "zone_label": "Daily (except Sun)", "schedules": ["MON/TUE/WED/THU/FRI/SAT 8AM-8:30AM"], "all_days": ["MON", "TUE", "WED", "THU", "FRI", "SAT"], "color": "#e87ba4"}}, {"type": "Feature", "geometry": {"type": "LineString", "coordinates": [[-74.03187957660856, 40.62136605679287], [-74.03201173666656, 40.62103961758488]]}, "properties": {"street": "3 AVENUE", "from": "90 STREET", "to": "89 STREET", "side": "E", "zone": "DAILY", "zone_label": "Daily (except Sun)", "schedules": ["MON/TUE/WED/THU/FRI/SAT 8AM-8:30AM"], "all_days": ["MON", "TUE", "WED", "THU", "FRI", "SAT"], "color": "#e87ba4"}}, {"type": "Feature", "geometry": {"type": "LineString", "coordinates": [[-74.00174939383005, 40.60803285964028], [-74.00198142843806, 40.60784756462528]]}, "properties": {"street": "18 AVENUE", "from": "84 STREET", "to": "NEW UTRECHT AVENUE", "side": "W", "zone": "DAILY", "zone_label": "Daily (except Sun)", "schedules": ["MON/TUE/WED/THU/FRI/SAT 7:30AM-8AM"], "all_days": ["MON", "TUE", "WED", "THU", "FRI", "SAT"], "color": "#e87ba4"}}, {"type": "Feature", "geometry": {"type": "LineString", "coordinates": [[-74.02177795745106, 40.6317054384246], [-74.02206461086007, 40.6310055723576]]}, "properties": {"street": "5 AVENUE", "from": "72 STREET", "to": "73 STREET", "side": "W", "zone": "DAILY", "zone_label": "Daily (except Sun)", "schedules": ["MON/TUE/WED/THU/FRI/SAT 8AM-8:30AM"], "all_days": ["MON", "TUE", "WED", "THU", "FRI", "SAT"], "color": "#e87ba4"}}, {"type": "Feature", "geometry": {"type": "LineString", "coordinates": [[-74.00775685617982, 40.63718414203979], [-74.00834466032681, 40.636625171251794]]}, "properties": {"street": "8 AVENUE", "from": "58 STREET", "to": "57 STREET", "side": "E", "zone": "DAILY", "zone_label": "Daily (except Sun)", "schedules": ["MON/TUE/WED/THU/FRI/SAT 8AM-8:30AM"], "all_days": ["MON", "TUE", "WED", "THU", "FRI", "SAT"], "color": "#e87ba4"}}, {"type": "Feature", "geometry": {"type": "LineString", "coordinates": [[-74.02960493413543, 40.61985010960953], [-74.02988345211543, 40.61917138697553]]}, "properties": {"street": "4 AVENUE", "from": "90 STREET", "to": "91 STREET", "side": "W", "zone": "DAILY", "zone_label": "Daily (except Sun)", "schedules": ["MON/TUE/WED/THU/FRI/SAT 7:30AM-8AM"], "all_days": ["MON", "TUE", "WED", "THU", "FRI", "SAT"], "color": "#e87ba4"}}, {"type": "Feature", "geometry": {"type": "LineString", "coordinates": [[-74.00450989253491, 40.62317185744509], [-74.00509170087591, 40.62261084508309]]}, "properties": {"street": "13 AVENUE", "from": "70 STREET", "to": "71 STREET", "side": "W", "zone": "DAILY", "zone_label": "Daily (except Sun)", "schedules": ["MON/TUE/WED/THU/FRI/SAT 8AM-8:30AM"], "all_days": ["MON", "TUE", "WED", "THU", "FRI", "SAT"], "color": "#e87ba4"}}, {"type": "Feature", "geometry": {"type": "LineString", "coordinates": [[-74.01378268626735, 40.6417339817175], [-74.01436511042135, 40.641174571135494]]}, "properties": {"street": "5 AVENUE", "from": "57 STREET", "to": "56 STREET", "side": "E", "zone": "DAILY", "zone_label": "Daily (except Sun)", "schedules": ["MON/TUE/WED/THU/FRI/SAT 8AM-8:30AM"], "all_days": ["MON", "TUE", "WED", "THU", "FRI", "SAT"], "color": "#e87ba4"}}, {"type": "Feature", "geometry": {"type": "LineString", "coordinates": [[-74.01261797910239, 40.64285454002007], [-74.01320080084339, 40.642293937535065]]}, "properties": {"street": "5 AVENUE", "from": "55 STREET", "to": "54 STREET", "side": "E", "zone": "DAILY", "zone_label": "Daily (except Sun)", "schedules": ["MON/TUE/WED/THU/FRI/SAT 8AM-8:30AM"], "all_days": ["MON", "TUE", "WED", "THU", "FRI", "SAT"], "color": "#e87ba4"}}, {"type": "Feature", "geometry": {"type": "LineString", "coordinates": [[-74.01846151131403, 40.64086484589238], [-74.01904867114902, 40.64028632893738]]}, "properties": {"street": "4 AVENUE", "from": "61 STREET", "to": "60 STREET", "side": "E", "zone": "DAILY", "zone_label": "Daily (except Sun)", "schedules": ["MON/TUE/WED/THU/FRI/SAT 7:30AM-8AM"], "all_days": ["MON", "TUE", "WED", "THU", "FRI", "SAT"], "color": "#e87ba4"}}, {"type": "Feature", "geometry": {"type": "LineString", "coordinates": [[-74.0044447941751, 40.62313296386891], [-74.0050266025161, 40.62257195150691]]}, "properties": {"street": "13 AVENUE", "from": "71 STREET", "to": "70 STREET", "side": "E", "zone": "DAILY", "zone_label": "Daily (except Sun)", "schedules": ["MON/TUE/WED/THU/FRI/SAT 8:30AM-9AM"], "all_days": ["MON", "TUE", "WED", "THU", "FRI", "SAT"], "color": "#e87ba4"}}, {"type": "Feature", "geometry": {"type": "LineString", "coordinates": [[-74.01501342219673, 40.640653208925876], [-74.01559645305973, 40.640094377463875]]}, "properties": {"street": "5 AVENUE", "from": "58 STREET", "to": "59 STREET", "side": "W", "zone": "DAILY", "zone_label": "Daily (except Sun)", "schedules": ["MON/TUE/WED/THU/FRI/SAT 7:30AM-8AM"], "all_days": ["MON", "TUE", "WED", "THU", "FRI", "SAT"], "color": "#e87ba4"}}, {"type": "Feature", "geometry": {"type": "LineString", "coordinates": [[-74.01962892710219, 40.63973051087478], [-74.02023068343318, 40.63916884337277]]}, "properties": {"street": "4 AVENUE", "from": "63 STREET", "to": "62 STREET", "side": "E", "zone": "DAILY", "zone_label": "Daily (except Sun)", "schedules": ["MON/TUE/WED/THU/FRI/SAT 7:30AM-8AM"], "all_days": ["MON", "TUE", "WED", "THU", "FRI", "SAT"], "color": "#e87ba4"}}]}